"section","claim_id","manuscript_value","source_csv","filters","source_columns","verification_status","notes"
"4","sample_anchor","4 countries (PER, CHL, COL, MEX); common anchor 2024","reports/paper_tables/table1_anchors.csv","country_id in {PER,CHL,COL,MEX}","country_id;year","verified","Four distinct country rows; year=2024 for every row."
"4","baseline_horizon_endpoint","H=10; anchor 2024; endpoint 2034","reports/paper_tables/table1_anchors.csv; reports/paper_tables/table2_policy_costs.csv","all countries; endpoint_cost_rule contains 2024 and 2034","year;endpoint_cost_rule","verified","2034 minus the common 2024 anchor gives the ten-year endpoint horizon."
"4","peru_microdata_year","ENAHO Sumaria 2024","reports/gmimicro_cost_comparison_baseline-official-v3.csv","country_id=PER AND primary_variant=True","survey_year;source_id;robustness_flag","verified","survey_year=2024; source_id includes INEI_ENAHO_SUMARIA_2024; robustness_flag=True."
"4","chile_microdata_year","CASEN 2024","reports/gmimicro_chl_cost_comparison_baseline-official-v3.csv","country_id=CHL AND primary_variant=True","survey_year;source_id;robustness_flag","verified","survey_year=2024; source_id includes MDSF_CASEN_2024; robustness_flag=True."
"4","policy_menu_rows","5 policy concepts; 6 reported cost rows per country; 2 GMI variants","reports/paper_tables/table2_policy_costs.csv","group by country_id; distinct policy_id and policy_variant_id","country_id;policy_id;policy_variant_id;gmi_version","verified","Each country has five distinct policy_id values and six policy_variant_id values because GMI has ideal and loaded aggregate variants."
"4","demographic_endpoint_cost","Demographic costs scaled from 2024 to 2034 by the WPP eligible-share rule","reports/paper_tables/table2_policy_costs.csv","gmi_version is blank","country_id;policy_id;endpoint_cost_rule","verified","Non-GMI rows carry the WPP eligible-share endpoint rule; Colombia PEN carries its policy-specific sex/age rule."
"4","gmi_endpoint_cost","c_gross(2034)=c_gross(2024)","reports/paper_tables/table2_policy_costs.csv","policy_id=GMI","country_id;policy_variant_id;endpoint_cost_rule","verified","Both ideal and loaded GMI rows in all countries state the fixed aggregate endpoint rule."
"4","scenario_low","0.050 percent annual nominal-GDP-equivalent","reports/paper_tables/table3_primary_specification.csv","block=scenario AND id=low","phi_y_nominal_min;phi_y_nominal_max","verified","Both CSV endpoints equal 0.0005; manuscript converts the rate to percent."
"4","scenario_mid","0.425 percent annual nominal-GDP-equivalent","reports/paper_tables/table3_primary_specification.csv","block=scenario AND id=mid","phi_y_nominal_min;phi_y_nominal_max","verified","Both CSV endpoints equal 0.00425; manuscript converts the rate to percent."
"4","scenario_high","0.306--0.421 percent annual nominal-GDP-equivalent","reports/paper_tables/table3_primary_specification.csv","block=scenario AND id=high","phi_y_nominal_min;phi_y_nominal_max","verified","CSV range 0.0030622412413359--0.0042092965841293 converted to percent and rounded to three decimals."
"4","scenario_stress","1.500 percent annual nominal-GDP-equivalent","reports/paper_tables/table3_primary_specification.csv","block=scenario AND id=stress","phi_y_nominal_min;phi_y_nominal_max","verified","Both CSV endpoints equal 0.015; manuscript converts the rate to percent."
"4","mc_draws_headline","5,000 draws per headline-grid cell","reports/monte_carlo_result_baseline-official-v3.csv","mc_mode=MC_independent_baseline AND prob_basis=all_draw","mc_n_draws;country_id;policy_variant_id;scenario_id;regime_id","verified","All filtered rows have mc_n_draws=5000."
"4","mc_convergence_ladder","5,000; 10,000; 25,000; 50,000 draws on selected cells","reports/mc_convergence_report_baseline-official-v3.csv","mc_mode in {MC_independent_baseline,MC_factor_nominal}","mc_n_draws;converged_flag","verified","Distinct draw counts are 5000, 10000, 25000, and 50000."
"4","ict_placebo_window","2010--2018","reports/diagnostic_placebo_ict_result_baseline-official-v3.csv","scenario_id=placebo_ict_mid","anchor_year;endpoint_year","verified","All placebo rows use anchor_year=2010 and endpoint_year=2018."
"End matter","frozen_spec_digest","0080d502a50db430998b56ebc6419ee181c90a1331cd2b650bb25db298523f81","PRIMARY_SPEC_HASH.txt","filename=02_ESD_AI_USP_v6.md","sha256","verified","Digest independently rechecked and reported in Data and code availability."
"5","cost_CHL_PEN","3.10 percent of GDP","reports/paper_tables/table2_policy_costs.csv","country_id=CHL AND policy_variant_id=PEN","cost_gross_gdp;cost_net_gdp;endpoint_cost_rule","verified","Table value is 100*cost_gross_gdp, rounded to two decimals; raw=0.0310439682080007."
"5","cost_COL_PEN","0.90 percent of GDP","reports/paper_tables/table2_policy_costs.csv","country_id=COL AND policy_variant_id=PEN","cost_gross_gdp;cost_net_gdp;endpoint_cost_rule","verified","Table value is 100*cost_gross_gdp, rounded to two decimals; raw=0.009046444462084."
"5","cost_MEX_PEN","1.60 percent of GDP","reports/paper_tables/table2_policy_costs.csv","country_id=MEX AND policy_variant_id=PEN","cost_gross_gdp;cost_net_gdp;endpoint_cost_rule","verified","Table value is 100*cost_gross_gdp, rounded to two decimals; raw=0.0159961252256844."
"5","cost_PER_PEN","0.56 percent of GDP","reports/paper_tables/table2_policy_costs.csv","country_id=PER AND policy_variant_id=PEN","cost_gross_gdp;cost_net_gdp;endpoint_cost_rule","verified","Table value is 100*cost_gross_gdp, rounded to two decimals; raw=0.0055738452620398."
"5","cost_CHL_MUT","2.90 percent of GDP","reports/paper_tables/table2_policy_costs.csv","country_id=CHL AND policy_variant_id=MUT","cost_gross_gdp;cost_net_gdp;endpoint_cost_rule","verified","Table value is 100*cost_gross_gdp, rounded to two decimals; raw=0.0290401360966814."
"5","cost_COL_MUT","4.75 percent of GDP","reports/paper_tables/table2_policy_costs.csv","country_id=COL AND policy_variant_id=MUT","cost_gross_gdp;cost_net_gdp;endpoint_cost_rule","verified","Table value is 100*cost_gross_gdp, rounded to two decimals; raw=0.0474560908563153."
"5","cost_MEX_MUT","3.95 percent of GDP","reports/paper_tables/table2_policy_costs.csv","country_id=MEX AND policy_variant_id=MUT","cost_gross_gdp;cost_net_gdp;endpoint_cost_rule","verified","Table value is 100*cost_gross_gdp, rounded to two decimals; raw=0.0395313732748723."
"5","cost_PER_MUT","5.34 percent of GDP","reports/paper_tables/table2_policy_costs.csv","country_id=PER AND policy_variant_id=MUT","cost_gross_gdp;cost_net_gdp;endpoint_cost_rule","verified","Table value is 100*cost_gross_gdp, rounded to two decimals; raw=0.0533947932223759."
"5","cost_CHL_GMI_GMI_ideal_aggregate","0.15 percent of GDP","reports/paper_tables/table2_policy_costs.csv","country_id=CHL AND policy_variant_id=GMI:GMI_ideal_aggregate","cost_gross_gdp;cost_net_gdp;endpoint_cost_rule","verified","Table value is 100*cost_gross_gdp, rounded to two decimals; raw=0.0014636228592727."
"5","cost_COL_GMI_GMI_ideal_aggregate","2.99 percent of GDP","reports/paper_tables/table2_policy_costs.csv","country_id=COL AND policy_variant_id=GMI:GMI_ideal_aggregate","cost_gross_gdp;cost_net_gdp;endpoint_cost_rule","verified","Table value is 100*cost_gross_gdp, rounded to two decimals; raw=0.0298593723667936."
"5","cost_MEX_GMI_GMI_ideal_aggregate","1.01 percent of GDP","reports/paper_tables/table2_policy_costs.csv","country_id=MEX AND policy_variant_id=GMI:GMI_ideal_aggregate","cost_gross_gdp;cost_net_gdp;endpoint_cost_rule","verified","Table value is 100*cost_gross_gdp, rounded to two decimals; raw=0.0101200315583673."
"5","cost_PER_GMI_GMI_ideal_aggregate","2.79 percent of GDP","reports/paper_tables/table2_policy_costs.csv","country_id=PER AND policy_variant_id=GMI:GMI_ideal_aggregate","cost_gross_gdp;cost_net_gdp;endpoint_cost_rule","verified","Table value is 100*cost_gross_gdp, rounded to two decimals; raw=0.0278720820620802."
"5","cost_CHL_GMI_GMI_loaded_aggregate","0.22 percent of GDP","reports/paper_tables/table2_policy_costs.csv","country_id=CHL AND policy_variant_id=GMI:GMI_loaded_aggregate","cost_gross_gdp;cost_net_gdp;endpoint_cost_rule","verified","Table value is 100*cost_gross_gdp, rounded to two decimals; raw=0.0021954342889091."
"5","cost_COL_GMI_GMI_loaded_aggregate","4.48 percent of GDP","reports/paper_tables/table2_policy_costs.csv","country_id=COL AND policy_variant_id=GMI:GMI_loaded_aggregate","cost_gross_gdp;cost_net_gdp;endpoint_cost_rule","verified","Table value is 100*cost_gross_gdp, rounded to two decimals; raw=0.0447890585501904."
"5","cost_MEX_GMI_GMI_loaded_aggregate","1.52 percent of GDP","reports/paper_tables/table2_policy_costs.csv","country_id=MEX AND policy_variant_id=GMI:GMI_loaded_aggregate","cost_gross_gdp;cost_net_gdp;endpoint_cost_rule","verified","Table value is 100*cost_gross_gdp, rounded to two decimals; raw=0.0151800473375509."
"5","cost_PER_GMI_GMI_loaded_aggregate","4.18 percent of GDP","reports/paper_tables/table2_policy_costs.csv","country_id=PER AND policy_variant_id=GMI:GMI_loaded_aggregate","cost_gross_gdp;cost_net_gdp;endpoint_cost_rule","verified","Table value is 100*cost_gross_gdp, rounded to two decimals; raw=0.0418081230931203."
"5","cost_CHL_PBI","4.85 percent of GDP","reports/paper_tables/table2_policy_costs.csv","country_id=CHL AND policy_variant_id=PBI","cost_gross_gdp;cost_net_gdp;endpoint_cost_rule","verified","Table value is 100*cost_gross_gdp, rounded to two decimals; raw=0.0485174943239629."
"5","cost_COL_PBI","7.43 percent of GDP","reports/paper_tables/table2_policy_costs.csv","country_id=COL AND policy_variant_id=PBI","cost_gross_gdp;cost_net_gdp;endpoint_cost_rule","verified","Table value is 100*cost_gross_gdp, rounded to two decimals; raw=0.0743213726473507."
"5","cost_MEX_PBI","5.91 percent of GDP","reports/paper_tables/table2_policy_costs.csv","country_id=MEX AND policy_variant_id=PBI","cost_gross_gdp;cost_net_gdp;endpoint_cost_rule","verified","Table value is 100*cost_gross_gdp, rounded to two decimals; raw=0.0590542021843079."
"5","cost_PER_PBI","7.97 percent of GDP","reports/paper_tables/table2_policy_costs.csv","country_id=PER AND policy_variant_id=PBI","cost_gross_gdp;cost_net_gdp;endpoint_cost_rule","verified","Table value is 100*cost_gross_gdp, rounded to two decimals; raw=0.0796945147314945."
"5","cost_CHL_UBI","11.62 percent of GDP","reports/paper_tables/table2_policy_costs.csv","country_id=CHL AND policy_variant_id=UBI","cost_gross_gdp;cost_net_gdp;endpoint_cost_rule","verified","Table value is 100*cost_gross_gdp, rounded to two decimals; raw=0.1161605443867259."
"5","cost_COL_UBI","18.98 percent of GDP","reports/paper_tables/table2_policy_costs.csv","country_id=COL AND policy_variant_id=UBI","cost_gross_gdp;cost_net_gdp;endpoint_cost_rule","verified","Table value is 100*cost_gross_gdp, rounded to two decimals; raw=0.1898243634252614."
"5","cost_MEX_UBI","15.81 percent of GDP","reports/paper_tables/table2_policy_costs.csv","country_id=MEX AND policy_variant_id=UBI","cost_gross_gdp;cost_net_gdp;endpoint_cost_rule","verified","Table value is 100*cost_gross_gdp, rounded to two decimals; raw=0.1581254930994895."
"5","cost_PER_UBI","21.36 percent of GDP","reports/paper_tables/table2_policy_costs.csv","country_id=PER AND policy_variant_id=UBI","cost_gross_gdp;cost_net_gdp;endpoint_cost_rule","verified","Table value is 100*cost_gross_gdp, rounded to two decimals; raw=0.2135791728895036."
"5","micro_validation_PER","-7.73 percent relative to aggregate GMI cost","reports/gmimicro_cost_comparison_baseline-official-v3.csv","country_id=PER AND primary_variant=True","difference_percent_vs_official;cost_micro_gdp;cost_official_aggregate_gdp","verified","Both ideal and loaded primary rows have the same percentage difference; raw=-7.73360701069341."
"5","micro_validation_CHL","+0.39 percent relative to aggregate GMI cost","reports/gmimicro_chl_cost_comparison_baseline-official-v3.csv","country_id=CHL AND primary_variant=True","difference_percent_vs_official;cost_micro_gdp;cost_official_aggregate_gdp","verified","Both ideal and loaded primary rows have the same percentage difference; raw=0.386628793144372."
"5","heatmap_r0_PER_PEN_low","-0.26","reports/paper_tables/table4_vgross_baseline.csv","country_id=PER AND policy_variant_id=PEN AND scenario_id=low AND regime_id=r0","v_gross;crosses_v1;cell_result_class","verified","Frozen figure prints v_gross to two decimals; raw=-0.2618923549364835."
"5","heatmap_r0_PER_GMI_GMI_ideal_aggregate_low","-0.12","reports/paper_tables/table4_vgross_baseline.csv","country_id=PER AND policy_variant_id=GMI:GMI_ideal_aggregate AND scenario_id=low AND regime_id=r0","v_gross;crosses_v1;cell_result_class","verified","Frozen figure prints v_gross to two decimals; raw=-0.1206016483482565."
"5","heatmap_r0_PER_GMI_GMI_loaded_aggregate_low","-0.08","reports/paper_tables/table4_vgross_baseline.csv","country_id=PER AND policy_variant_id=GMI:GMI_loaded_aggregate AND scenario_id=low AND regime_id=r0","v_gross;crosses_v1;cell_result_class","verified","Frozen figure prints v_gross to two decimals; raw=-0.0804010988988376."
"5","heatmap_r0_PER_MUT_low","-0.02","reports/paper_tables/table4_vgross_baseline.csv","country_id=PER AND policy_variant_id=MUT AND scenario_id=low AND regime_id=r0","v_gross;crosses_v1;cell_result_class","verified","Frozen figure prints v_gross to two decimals; raw=-0.0163802066209102."
"5","heatmap_r0_PER_PBI_low","-0.01","reports/paper_tables/table4_vgross_baseline.csv","country_id=PER AND policy_variant_id=PBI AND scenario_id=low AND regime_id=r0","v_gross;crosses_v1;cell_result_class","verified","Frozen figure prints v_gross to two decimals; raw=-0.0073035501789853."
"5","heatmap_r0_PER_UBI_low","0.00","reports/paper_tables/table4_vgross_baseline.csv","country_id=PER AND policy_variant_id=UBI AND scenario_id=low AND regime_id=r0","v_gross;crosses_v1;cell_result_class","verified","Frozen figure prints v_gross to two decimals; raw=-0.0020403228103652."
"5","heatmap_r0_PER_PEN_mid","0.08","reports/paper_tables/table4_vgross_baseline.csv","country_id=PER AND policy_variant_id=PEN AND scenario_id=mid AND regime_id=r0","v_gross;crosses_v1;cell_result_class","verified","Frozen figure prints v_gross to two decimals; raw=0.0781898593701847."
"5","heatmap_r0_PER_GMI_GMI_ideal_aggregate_mid","-0.05","reports/paper_tables/table4_vgross_baseline.csv","country_id=PER AND policy_variant_id=GMI:GMI_ideal_aggregate AND scenario_id=mid AND regime_id=r0","v_gross;crosses_v1;cell_result_class","verified","Frozen figure prints v_gross to two decimals; raw=-0.0525921743988333."
"5","heatmap_r0_PER_GMI_GMI_loaded_aggregate_mid","-0.04","reports/paper_tables/table4_vgross_baseline.csv","country_id=PER AND policy_variant_id=GMI:GMI_loaded_aggregate AND scenario_id=mid AND regime_id=r0","v_gross;crosses_v1;cell_result_class","verified","Frozen figure prints v_gross to two decimals; raw=-0.0350614495992222."
"5","heatmap_r0_PER_MUT_mid","0.02","reports/paper_tables/table4_vgross_baseline.csv","country_id=PER AND policy_variant_id=MUT AND scenario_id=mid AND regime_id=r0","v_gross;crosses_v1;cell_result_class","verified","Frozen figure prints v_gross to two decimals; raw=0.0191207387806886."
"5","heatmap_r0_PER_PBI_mid","0.02","reports/paper_tables/table4_vgross_baseline.csv","country_id=PER AND policy_variant_id=PBI AND scenario_id=mid AND regime_id=r0","v_gross;crosses_v1;cell_result_class","verified","Frozen figure prints v_gross to two decimals; raw=0.0164818464107766."
"5","heatmap_r0_PER_UBI_mid","0.01","reports/paper_tables/table4_vgross_baseline.csv","country_id=PER AND policy_variant_id=UBI AND scenario_id=mid AND regime_id=r0","v_gross;crosses_v1;cell_result_class","verified","Frozen figure prints v_gross to two decimals; raw=0.0068349135400345."
"5","heatmap_r0_PER_PEN_high","0.03","reports/paper_tables/table4_vgross_baseline.csv","country_id=PER AND policy_variant_id=PEN AND scenario_id=high AND regime_id=r0","v_gross;crosses_v1;cell_result_class","verified","Frozen figure prints v_gross to two decimals; raw=0.0285562484215996."
"5","heatmap_r0_PER_GMI_GMI_ideal_aggregate_high","-0.06","reports/paper_tables/table4_vgross_baseline.csv","country_id=PER AND policy_variant_id=GMI:GMI_ideal_aggregate AND scenario_id=high AND regime_id=r0","v_gross;crosses_v1;cell_result_class","verified","Frozen figure prints v_gross to two decimals; raw=-0.0625178795043044."
"5","heatmap_r0_PER_GMI_GMI_loaded_aggregate_high","-0.04","reports/paper_tables/table4_vgross_baseline.csv","country_id=PER AND policy_variant_id=GMI:GMI_loaded_aggregate AND scenario_id=high AND regime_id=r0","v_gross;crosses_v1;cell_result_class","verified","Frozen figure prints v_gross to two decimals; raw=-0.0416785863362029."
"5","heatmap_r0_PER_MUT_high","0.01","reports/paper_tables/table4_vgross_baseline.csv","country_id=PER AND policy_variant_id=MUT AND scenario_id=high AND regime_id=r0","v_gross;crosses_v1;cell_result_class","verified","Frozen figure prints v_gross to two decimals; raw=0.0139395207156327."
"5","heatmap_r0_PER_PBI_high","0.01","reports/paper_tables/table4_vgross_baseline.csv","country_id=PER AND policy_variant_id=PBI AND scenario_id=high AND regime_id=r0","v_gross;crosses_v1;cell_result_class","verified","Frozen figure prints v_gross to two decimals; raw=0.0130104648714601."
"5","heatmap_r0_PER_UBI_high","0.01","reports/paper_tables/table4_vgross_baseline.csv","country_id=PER AND policy_variant_id=UBI AND scenario_id=high AND regime_id=r0","v_gross;crosses_v1;cell_result_class","verified","Frozen figure prints v_gross to two decimals; raw=0.0055396090237705."
"5","heatmap_r0_PER_PEN_stress","1.02","reports/paper_tables/table4_vgross_baseline.csv","country_id=PER AND policy_variant_id=PEN AND scenario_id=stress AND regime_id=r0","v_gross;crosses_v1;cell_result_class","verified","Frozen figure prints v_gross to two decimals; raw=1.0152041145854496."
"5","heatmap_r0_PER_GMI_GMI_ideal_aggregate_stress","0.13","reports/paper_tables/table4_vgross_baseline.csv","country_id=PER AND policy_variant_id=GMI:GMI_ideal_aggregate AND scenario_id=stress AND regime_id=r0","v_gross;crosses_v1;cell_result_class","verified","Frozen figure prints v_gross to two decimals; raw=0.1347914754936483."
"5","heatmap_r0_PER_GMI_GMI_loaded_aggregate_stress","0.09","reports/paper_tables/table4_vgross_baseline.csv","country_id=PER AND policy_variant_id=GMI:GMI_loaded_aggregate AND scenario_id=stress AND regime_id=r0","v_gross;crosses_v1;cell_result_class","verified","Frozen figure prints v_gross to two decimals; raw=0.0898609836624322."
"5","heatmap_r0_PER_MUT_stress","0.12","reports/paper_tables/table4_vgross_baseline.csv","country_id=PER AND policy_variant_id=MUT AND scenario_id=stress AND regime_id=r0","v_gross;crosses_v1;cell_result_class","verified","Frozen figure prints v_gross to two decimals; raw=0.1169350040245641."
"5","heatmap_r0_PER_PBI_stress","0.08","reports/paper_tables/table4_vgross_baseline.csv","country_id=PER AND policy_variant_id=PBI AND scenario_id=stress AND regime_id=r0","v_gross;crosses_v1;cell_result_class","verified","Frozen figure prints v_gross to two decimals; raw=0.0820167515983148."
"5","heatmap_r0_PER_UBI_stress","0.03","reports/paper_tables/table4_vgross_baseline.csv","country_id=PER AND policy_variant_id=UBI AND scenario_id=stress AND regime_id=r0","v_gross;crosses_v1;cell_result_class","verified","Frozen figure prints v_gross to two decimals; raw=0.0312884798510033."
"5","heatmap_r0_CHL_PEN_low","-0.04","reports/paper_tables/table4_vgross_baseline.csv","country_id=CHL AND policy_variant_id=PEN AND scenario_id=low AND regime_id=r0","v_gross;crosses_v1;cell_result_class","verified","Frozen figure prints v_gross to two decimals; raw=-0.0446157845733166."
"5","heatmap_r0_CHL_GMI_GMI_ideal_aggregate_low","-2.25","reports/paper_tables/table4_vgross_baseline.csv","country_id=CHL AND policy_variant_id=GMI:GMI_ideal_aggregate AND scenario_id=low AND regime_id=r0","v_gross;crosses_v1;cell_result_class","verified","Frozen figure prints v_gross to two decimals; raw=-2.245607572267461."
"5","heatmap_r0_CHL_GMI_GMI_loaded_aggregate_low","-1.50","reports/paper_tables/table4_vgross_baseline.csv","country_id=CHL AND policy_variant_id=GMI:GMI_loaded_aggregate AND scenario_id=low AND regime_id=r0","v_gross;crosses_v1;cell_result_class","verified","Frozen figure prints v_gross to two decimals; raw=-1.497071714844974."
"5","heatmap_r0_CHL_MUT_low","-0.03","reports/paper_tables/table4_vgross_baseline.csv","country_id=CHL AND policy_variant_id=MUT AND scenario_id=low AND regime_id=r0","v_gross;crosses_v1;cell_result_class","verified","Frozen figure prints v_gross to two decimals; raw=-0.0275453695858054."
"5","heatmap_r0_CHL_PBI_low","-0.01","reports/paper_tables/table4_vgross_baseline.csv","country_id=CHL AND policy_variant_id=PBI AND scenario_id=low AND regime_id=r0","v_gross;crosses_v1;cell_result_class","verified","Frozen figure prints v_gross to two decimals; raw=-0.0104571851976836."
"5","heatmap_r0_CHL_UBI_low","0.00","reports/paper_tables/table4_vgross_baseline.csv","country_id=CHL AND policy_variant_id=UBI AND scenario_id=low AND regime_id=r0","v_gross;crosses_v1;cell_result_class","verified","Frozen figure prints v_gross to two decimals; raw=-0.0031084048057245."
"5","heatmap_r0_CHL_PEN_mid","0.03","reports/paper_tables/table4_vgross_baseline.csv","country_id=CHL AND policy_variant_id=PEN AND scenario_id=mid AND regime_id=r0","v_gross;crosses_v1;cell_result_class","verified","Frozen figure prints v_gross to two decimals; raw=0.0324037073756413."
"5","heatmap_r0_CHL_GMI_GMI_ideal_aggregate_mid","-0.61","reports/paper_tables/table4_vgross_baseline.csv","country_id=CHL AND policy_variant_id=GMI:GMI_ideal_aggregate AND scenario_id=mid AND regime_id=r0","v_gross;crosses_v1;cell_result_class","verified","Frozen figure prints v_gross to two decimals; raw=-0.6119963968804701."
"5","heatmap_r0_CHL_GMI_GMI_loaded_aggregate_mid","-0.41","reports/paper_tables/table4_vgross_baseline.csv","country_id=CHL AND policy_variant_id=GMI:GMI_loaded_aggregate AND scenario_id=mid AND regime_id=r0","v_gross;crosses_v1;cell_result_class","verified","Frozen figure prints v_gross to two decimals; raw=-0.4079975979203134."
"5","heatmap_r0_CHL_MUT_mid","0.05","reports/paper_tables/table4_vgross_baseline.csv","country_id=CHL AND policy_variant_id=MUT AND scenario_id=mid AND regime_id=r0","v_gross;crosses_v1;cell_result_class","verified","Frozen figure prints v_gross to two decimals; raw=0.0547886336536989."
"5","heatmap_r0_CHL_PBI_mid","0.04","reports/paper_tables/table4_vgross_baseline.csv","country_id=CHL AND policy_variant_id=PBI AND scenario_id=mid AND regime_id=r0","v_gross;crosses_v1;cell_result_class","verified","Frozen figure prints v_gross to two decimals; raw=0.0388238152491779."
"5","heatmap_r0_CHL_UBI_mid","0.02","reports/paper_tables/table4_vgross_baseline.csv","country_id=CHL AND policy_variant_id=UBI AND scenario_id=mid AND regime_id=r0","v_gross;crosses_v1;cell_result_class","verified","Frozen figure prints v_gross to two decimals; raw=0.0174750960041515."
"5","heatmap_r0_CHL_PEN_high","0.02","reports/paper_tables/table4_vgross_baseline.csv","country_id=CHL AND policy_variant_id=PEN AND scenario_id=high AND regime_id=r0","v_gross;crosses_v1;cell_result_class","verified","Frozen figure prints v_gross to two decimals; raw=0.0197250231634253."
"5","heatmap_r0_CHL_GMI_GMI_ideal_aggregate_high","-0.88","reports/paper_tables/table4_vgross_baseline.csv","country_id=CHL AND policy_variant_id=GMI:GMI_ideal_aggregate AND scenario_id=high AND regime_id=r0","v_gross;crosses_v1;cell_result_class","verified","Frozen figure prints v_gross to two decimals; raw=-0.8809158573204959."
"5","heatmap_r0_CHL_GMI_GMI_loaded_aggregate_high","-0.59","reports/paper_tables/table4_vgross_baseline.csv","country_id=CHL AND policy_variant_id=GMI:GMI_loaded_aggregate AND scenario_id=high AND regime_id=r0","v_gross;crosses_v1;cell_result_class","verified","Frozen figure prints v_gross to two decimals; raw=-0.587277238213664."
"5","heatmap_r0_CHL_MUT_high","0.04","reports/paper_tables/table4_vgross_baseline.csv","country_id=CHL AND policy_variant_id=MUT AND scenario_id=high AND regime_id=r0","v_gross;crosses_v1;cell_result_class","verified","Frozen figure prints v_gross to two decimals; raw=0.0412350928475216."
"5","heatmap_r0_CHL_PBI_high","0.03","reports/paper_tables/table4_vgross_baseline.csv","country_id=CHL AND policy_variant_id=PBI AND scenario_id=high AND regime_id=r0","v_gross;crosses_v1;cell_result_class","verified","Frozen figure prints v_gross to two decimals; raw=0.0307113462297521."
"5","heatmap_r0_CHL_UBI_high","0.01","reports/paper_tables/table4_vgross_baseline.csv","country_id=CHL AND policy_variant_id=UBI AND scenario_id=high AND regime_id=r0","v_gross;crosses_v1;cell_result_class","verified","Frozen figure prints v_gross to two decimals; raw=0.0140867108026072."
"5","heatmap_r0_CHL_PEN_stress","0.25","reports/paper_tables/table4_vgross_baseline.csv","country_id=CHL AND policy_variant_id=PEN AND scenario_id=stress AND regime_id=r0","v_gross;crosses_v1;cell_result_class","verified","Frozen figure prints v_gross to two decimals; raw=0.2452211325082953."
"5","heatmap_r0_CHL_GMI_GMI_ideal_aggregate_stress","3.90","reports/paper_tables/table4_vgross_baseline.csv","country_id=CHL AND policy_variant_id=GMI:GMI_ideal_aggregate AND scenario_id=stress AND regime_id=r0","v_gross;crosses_v1;cell_result_class","verified","Frozen figure prints v_gross to two decimals; raw=3.901937871138183."
"5","heatmap_r0_CHL_GMI_GMI_loaded_aggregate_stress","2.60","reports/paper_tables/table4_vgross_baseline.csv","country_id=CHL AND policy_variant_id=GMI:GMI_loaded_aggregate AND scenario_id=stress AND regime_id=r0","v_gross;crosses_v1;cell_result_class","verified","Frozen figure prints v_gross to two decimals; raw=2.6012919140921213."
"5","heatmap_r0_CHL_MUT_stress","0.28","reports/paper_tables/table4_vgross_baseline.csv","country_id=CHL AND policy_variant_id=MUT AND scenario_id=stress AND regime_id=r0","v_gross;crosses_v1;cell_result_class","verified","Frozen figure prints v_gross to two decimals; raw=0.282290920761839."
"5","heatmap_r0_CHL_PBI_stress","0.17","reports/paper_tables/table4_vgross_baseline.csv","country_id=CHL AND policy_variant_id=PBI AND scenario_id=stress AND regime_id=r0","v_gross;crosses_v1;cell_result_class","verified","Frozen figure prints v_gross to two decimals; raw=0.1749952616930563."
"5","heatmap_r0_CHL_UBI_stress","0.07","reports/paper_tables/table4_vgross_baseline.csv","country_id=CHL AND policy_variant_id=UBI AND scenario_id=stress AND regime_id=r0","v_gross;crosses_v1;cell_result_class","verified","Frozen figure prints v_gross to two decimals; raw=0.0743506677811865."
"5","heatmap_r0_COL_PEN_low","-0.16","reports/paper_tables/table4_vgross_baseline.csv","country_id=COL AND policy_variant_id=PEN AND scenario_id=low AND regime_id=r0","v_gross;crosses_v1;cell_result_class","verified","Frozen figure prints v_gross to two decimals; raw=-0.1616526824314932."
"5","heatmap_r0_COL_GMI_GMI_ideal_aggregate_low","-0.11","reports/paper_tables/table4_vgross_baseline.csv","country_id=COL AND policy_variant_id=GMI:GMI_ideal_aggregate AND scenario_id=low AND regime_id=r0","v_gross;crosses_v1;cell_result_class","verified","Frozen figure prints v_gross to two decimals; raw=-0.112663238540209."
"5","heatmap_r0_COL_GMI_GMI_loaded_aggregate_low","-0.08","reports/paper_tables/table4_vgross_baseline.csv","country_id=COL AND policy_variant_id=GMI:GMI_loaded_aggregate AND scenario_id=low AND regime_id=r0","v_gross;crosses_v1;cell_result_class","verified","Frozen figure prints v_gross to two decimals; raw=-0.0751088256934726."
"5","heatmap_r0_COL_MUT_low","-0.02","reports/paper_tables/table4_vgross_baseline.csv","country_id=COL AND policy_variant_id=MUT AND scenario_id=low AND regime_id=r0","v_gross;crosses_v1;cell_result_class","verified","Frozen figure prints v_gross to two decimals; raw=-0.018485557526338."
"5","heatmap_r0_COL_PBI_low","-0.01","reports/paper_tables/table4_vgross_baseline.csv","country_id=COL AND policy_variant_id=PBI AND scenario_id=low AND regime_id=r0","v_gross;crosses_v1;cell_result_class","verified","Frozen figure prints v_gross to two decimals; raw=-0.0078670161561991."
"5","heatmap_r0_COL_UBI_low","0.00","reports/paper_tables/table4_vgross_baseline.csv","country_id=COL AND policy_variant_id=UBI AND scenario_id=low AND regime_id=r0","v_gross;crosses_v1;cell_result_class","verified","Frozen figure prints v_gross to two decimals; raw=-0.0023095297273273."
"5","heatmap_r0_COL_PEN_mid","0.06","reports/paper_tables/table4_vgross_baseline.csv","country_id=COL AND policy_variant_id=PEN AND scenario_id=mid AND regime_id=r0","v_gross;crosses_v1;cell_result_class","verified","Frozen figure prints v_gross to two decimals; raw=0.059840611829065."
"5","heatmap_r0_COL_GMI_GMI_ideal_aggregate_mid","-0.05","reports/paper_tables/table4_vgross_baseline.csv","country_id=COL AND policy_variant_id=GMI:GMI_ideal_aggregate AND scenario_id=mid AND regime_id=r0","v_gross;crosses_v1;cell_result_class","verified","Frozen figure prints v_gross to two decimals; raw=-0.045557782985473."
"5","heatmap_r0_COL_GMI_GMI_loaded_aggregate_mid","-0.03","reports/paper_tables/table4_vgross_baseline.csv","country_id=COL AND policy_variant_id=GMI:GMI_loaded_aggregate AND scenario_id=mid AND regime_id=r0","v_gross;crosses_v1;cell_result_class","verified","Frozen figure prints v_gross to two decimals; raw=-0.0303718553236487."
"5","heatmap_r0_COL_MUT_mid","0.02","reports/paper_tables/table4_vgross_baseline.csv","country_id=COL AND policy_variant_id=MUT AND scenario_id=mid AND regime_id=r0","v_gross;crosses_v1;cell_result_class","verified","Frozen figure prints v_gross to two decimals; raw=0.0237371951087018."
"5","heatmap_r0_COL_PBI_mid","0.02","reports/paper_tables/table4_vgross_baseline.csv","country_id=COL AND policy_variant_id=PBI AND scenario_id=mid AND regime_id=r0","v_gross;crosses_v1;cell_result_class","verified","Frozen figure prints v_gross to two decimals; raw=0.0190932876417367."
"5","heatmap_r0_COL_UBI_mid","0.01","reports/paper_tables/table4_vgross_baseline.csv","country_id=COL AND policy_variant_id=UBI AND scenario_id=mid AND regime_id=r0","v_gross;crosses_v1;cell_result_class","verified","Frozen figure prints v_gross to two decimals; raw=0.0082461584314325."
"5","heatmap_r0_COL_PEN_high","0.05","reports/paper_tables/table4_vgross_baseline.csv","country_id=COL AND policy_variant_id=PEN AND scenario_id=high AND regime_id=r0","v_gross;crosses_v1;cell_result_class","verified","Frozen figure prints v_gross to two decimals; raw=0.0483860544148742."
"5","heatmap_r0_COL_GMI_GMI_ideal_aggregate_high","-0.05","reports/paper_tables/table4_vgross_baseline.csv","country_id=COL AND policy_variant_id=GMI:GMI_ideal_aggregate AND scenario_id=high AND regime_id=r0","v_gross;crosses_v1;cell_result_class","verified","Frozen figure prints v_gross to two decimals; raw=-0.0490281512240388."
"5","heatmap_r0_COL_GMI_GMI_loaded_aggregate_high","-0.03","reports/paper_tables/table4_vgross_baseline.csv","country_id=COL AND policy_variant_id=GMI:GMI_loaded_aggregate AND scenario_id=high AND regime_id=r0","v_gross;crosses_v1;cell_result_class","verified","Frozen figure prints v_gross to two decimals; raw=-0.0326854341493592."
"5","heatmap_r0_COL_MUT_high","0.02","reports/paper_tables/table4_vgross_baseline.csv","country_id=COL AND policy_variant_id=MUT AND scenario_id=high AND regime_id=r0","v_gross;crosses_v1;cell_result_class","verified","Frozen figure prints v_gross to two decimals; raw=0.0215536394129962."
"5","heatmap_r0_COL_PBI_high","0.02","reports/paper_tables/table4_vgross_baseline.csv","country_id=COL AND policy_variant_id=PBI AND scenario_id=high AND regime_id=r0","v_gross;crosses_v1;cell_result_class","verified","Frozen figure prints v_gross to two decimals; raw=0.0176990316720991."
"5","heatmap_r0_COL_UBI_high","0.01","reports/paper_tables/table4_vgross_baseline.csv","country_id=COL AND policy_variant_id=UBI AND scenario_id=high AND regime_id=r0","v_gross;crosses_v1;cell_result_class","verified","Frozen figure prints v_gross to two decimals; raw=0.0077002695075061."
"5","heatmap_r0_COL_PEN_stress","0.65","reports/paper_tables/table4_vgross_baseline.csv","country_id=COL AND policy_variant_id=PEN AND scenario_id=stress AND regime_id=r0","v_gross;crosses_v1;cell_result_class","verified","Frozen figure prints v_gross to two decimals; raw=0.6460758689243442."
"5","heatmap_r0_COL_GMI_GMI_ideal_aggregate_stress","0.13","reports/paper_tables/table4_vgross_baseline.csv","country_id=COL AND policy_variant_id=GMI:GMI_ideal_aggregate AND scenario_id=stress AND regime_id=r0","v_gross;crosses_v1;cell_result_class","verified","Frozen figure prints v_gross to two decimals; raw=0.132052939366006."
"5","heatmap_r0_COL_GMI_GMI_loaded_aggregate_stress","0.09","reports/paper_tables/table4_vgross_baseline.csv","country_id=COL AND policy_variant_id=GMI:GMI_loaded_aggregate AND scenario_id=stress AND regime_id=r0","v_gross;crosses_v1;cell_result_class","verified","Frozen figure prints v_gross to two decimals; raw=0.0880352929106706."
"5","heatmap_r0_COL_MUT_stress","0.14","reports/paper_tables/table4_vgross_baseline.csv","country_id=COL AND policy_variant_id=MUT AND scenario_id=stress AND regime_id=r0","v_gross;crosses_v1;cell_result_class","verified","Frozen figure prints v_gross to two decimals; raw=0.1354898616122524."
"5","heatmap_r0_COL_PBI_stress","0.09","reports/paper_tables/table4_vgross_baseline.csv","country_id=COL AND policy_variant_id=PBI AND scenario_id=stress AND regime_id=r0","v_gross;crosses_v1;cell_result_class","verified","Frozen figure prints v_gross to two decimals; raw=0.0904502137334005."
"5","heatmap_r0_COL_UBI_stress","0.04","reports/paper_tables/table4_vgross_baseline.csv","country_id=COL AND policy_variant_id=UBI AND scenario_id=stress AND regime_id=r0","v_gross;crosses_v1;cell_result_class","verified","Frozen figure prints v_gross to two decimals; raw=0.0361843250573202."
"5","heatmap_r0_MEX_PEN_low","-0.08","reports/paper_tables/table4_vgross_baseline.csv","country_id=MEX AND policy_variant_id=PEN AND scenario_id=low AND regime_id=r0","v_gross;crosses_v1;cell_result_class","verified","Frozen figure prints v_gross to two decimals; raw=-0.0833624570251337."
"5","heatmap_r0_MEX_GMI_GMI_ideal_aggregate_low","-0.32","reports/paper_tables/table4_vgross_baseline.csv","country_id=MEX AND policy_variant_id=GMI:GMI_ideal_aggregate AND scenario_id=low AND regime_id=r0","v_gross;crosses_v1;cell_result_class","verified","Frozen figure prints v_gross to two decimals; raw=-0.3196776473367327."
"5","heatmap_r0_MEX_GMI_GMI_loaded_aggregate_low","-0.21","reports/paper_tables/table4_vgross_baseline.csv","country_id=MEX AND policy_variant_id=GMI:GMI_loaded_aggregate AND scenario_id=low AND regime_id=r0","v_gross;crosses_v1;cell_result_class","verified","Frozen figure prints v_gross to two decimals; raw=-0.2131184315578218."
"5","heatmap_r0_MEX_MUT_low","-0.02","reports/paper_tables/table4_vgross_baseline.csv","country_id=MEX AND policy_variant_id=MUT AND scenario_id=low AND regime_id=r0","v_gross;crosses_v1;cell_result_class","verified","Frozen figure prints v_gross to two decimals; raw=-0.0189304474759186."
"5","heatmap_r0_MEX_PBI_low","-0.01","reports/paper_tables/table4_vgross_baseline.csv","country_id=MEX AND policy_variant_id=PBI AND scenario_id=low AND regime_id=r0","v_gross;crosses_v1;cell_result_class","verified","Frozen figure prints v_gross to two decimals; raw=-0.0077180236196651."
"5","heatmap_r0_MEX_UBI_low","0.00","reports/paper_tables/table4_vgross_baseline.csv","country_id=MEX AND policy_variant_id=UBI AND scenario_id=low AND regime_id=r0","v_gross;crosses_v1;cell_result_class","verified","Frozen figure prints v_gross to two decimals; raw=-0.0019573017112317."
"5","heatmap_r0_MEX_PEN_mid","0.07","reports/paper_tables/table4_vgross_baseline.csv","country_id=MEX AND policy_variant_id=PEN AND scenario_id=mid AND regime_id=r0","v_gross;crosses_v1;cell_result_class","verified","Frozen figure prints v_gross to two decimals; raw=0.0650294871158911."
"5","heatmap_r0_MEX_GMI_GMI_ideal_aggregate_mid","-0.09","reports/paper_tables/table4_vgross_baseline.csv","country_id=MEX AND policy_variant_id=GMI:GMI_ideal_aggregate AND scenario_id=mid AND regime_id=r0","v_gross;crosses_v1;cell_result_class","verified","Frozen figure prints v_gross to two decimals; raw=-0.0851234261100203."
"5","heatmap_r0_MEX_GMI_GMI_loaded_aggregate_mid","-0.06","reports/paper_tables/table4_vgross_baseline.csv","country_id=MEX AND policy_variant_id=GMI:GMI_loaded_aggregate AND scenario_id=mid AND regime_id=r0","v_gross;crosses_v1;cell_result_class","verified","Frozen figure prints v_gross to two decimals; raw=-0.0567489507400135."
"5","heatmap_r0_MEX_MUT_mid","0.04","reports/paper_tables/table4_vgross_baseline.csv","country_id=MEX AND policy_variant_id=MUT AND scenario_id=mid AND regime_id=r0","v_gross;crosses_v1;cell_result_class","verified","Frozen figure prints v_gross to two decimals; raw=0.0411154331581197."
"5","heatmap_r0_MEX_PBI_mid","0.03","reports/paper_tables/table4_vgross_baseline.csv","country_id=MEX AND policy_variant_id=PBI AND scenario_id=mid AND regime_id=r0","v_gross;crosses_v1;cell_result_class","verified","Frozen figure prints v_gross to two decimals; raw=0.0324771874434579."
"5","heatmap_r0_MEX_UBI_mid","0.01","reports/paper_tables/table4_vgross_baseline.csv","country_id=MEX AND policy_variant_id=UBI AND scenario_id=mid AND regime_id=r0","v_gross;crosses_v1;cell_result_class","verified","Frozen figure prints v_gross to two decimals; raw=0.0130541684472778."
"5","heatmap_r0_MEX_PEN_high","0.02","reports/paper_tables/table4_vgross_baseline.csv","country_id=MEX AND policy_variant_id=PEN AND scenario_id=high AND regime_id=r0","v_gross;crosses_v1;cell_result_class","verified","Frozen figure prints v_gross to two decimals; raw=0.0153488145821723."
"5","heatmap_r0_MEX_GMI_GMI_ideal_aggregate_high","-0.16","reports/paper_tables/table4_vgross_baseline.csv","country_id=MEX AND policy_variant_id=GMI:GMI_ideal_aggregate AND scenario_id=high AND regime_id=r0","v_gross;crosses_v1;cell_result_class","verified","Frozen figure prints v_gross to two decimals; raw=-0.1636506771924068."
"5","heatmap_r0_MEX_GMI_GMI_loaded_aggregate_high","-0.11","reports/paper_tables/table4_vgross_baseline.csv","country_id=MEX AND policy_variant_id=GMI:GMI_loaded_aggregate AND scenario_id=high AND regime_id=r0","v_gross;crosses_v1;cell_result_class","verified","Frozen figure prints v_gross to two decimals; raw=-0.1091004514616045."
"5","heatmap_r0_MEX_MUT_high","0.02","reports/paper_tables/table4_vgross_baseline.csv","country_id=MEX AND policy_variant_id=MUT AND scenario_id=high AND regime_id=r0","v_gross;crosses_v1;cell_result_class","verified","Frozen figure prints v_gross to two decimals; raw=0.0210124568810288."
"5","heatmap_r0_MEX_PBI_high","0.02","reports/paper_tables/table4_vgross_baseline.csv","country_id=MEX AND policy_variant_id=PBI AND scenario_id=high AND regime_id=r0","v_gross;crosses_v1;cell_result_class","verified","Frozen figure prints v_gross to two decimals; raw=0.0190200882066358."
"5","heatmap_r0_MEX_UBI_high","0.01","reports/paper_tables/table4_vgross_baseline.csv","country_id=MEX AND policy_variant_id=UBI AND scenario_id=high AND regime_id=r0","v_gross;crosses_v1;cell_result_class","verified","Frozen figure prints v_gross to two decimals; raw=0.008028424378005."
"5","heatmap_r0_MEX_PEN_stress","0.48","reports/paper_tables/table4_vgross_baseline.csv","country_id=MEX AND policy_variant_id=PEN AND scenario_id=stress AND regime_id=r0","v_gross;crosses_v1;cell_result_class","verified","Frozen figure prints v_gross to two decimals; raw=0.4837620644926618."
"5","heatmap_r0_MEX_GMI_GMI_ideal_aggregate_stress","0.58","reports/paper_tables/table4_vgross_baseline.csv","country_id=MEX AND policy_variant_id=GMI:GMI_ideal_aggregate AND scenario_id=stress AND regime_id=r0","v_gross;crosses_v1;cell_result_class","verified","Frozen figure prints v_gross to two decimals; raw=0.5767419747201149."
"5","heatmap_r0_MEX_GMI_GMI_loaded_aggregate_stress","0.38","reports/paper_tables/table4_vgross_baseline.csv","country_id=MEX AND policy_variant_id=GMI:GMI_loaded_aggregate AND scenario_id=stress AND regime_id=r0","v_gross;crosses_v1;cell_result_class","verified","Frozen figure prints v_gross to two decimals; raw=0.38449464981341."
"5","heatmap_r0_MEX_MUT_stress","0.21","reports/paper_tables/table4_vgross_baseline.csv","country_id=MEX AND policy_variant_id=MUT AND scenario_id=stress AND regime_id=r0","v_gross;crosses_v1;cell_result_class","verified","Frozen figure prints v_gross to two decimals; raw=0.2105529757706344."
"5","heatmap_r0_MEX_PBI_stress","0.15","reports/paper_tables/table4_vgross_baseline.csv","country_id=MEX AND policy_variant_id=PBI AND scenario_id=stress AND regime_id=r0","v_gross;crosses_v1;cell_result_class","verified","Frozen figure prints v_gross to two decimals; raw=0.1459000853244194."
"5","heatmap_r0_MEX_UBI_stress","0.06","reports/paper_tables/table4_vgross_baseline.csv","country_id=MEX AND policy_variant_id=UBI AND scenario_id=stress AND regime_id=r0","v_gross;crosses_v1;cell_result_class","verified","Frozen figure prints v_gross to two decimals; raw=0.0554135541004064."
"5","heatmap_categorical_boundaries","V<0; 0--0.5; 0.5--1; 1--1.10; V>=1.10","reports/paper_tables/table4_vgross_baseline.csv","regime_id=r0; frozen display bins applied to v_gross","v_gross;crosses_v1","verified","Categorical display boundaries are fixed in scripts/make_headline_figure.py; the black outline marks V>=1."
"5","moderate_grid_crossings","0 of 360 low/mid/high cells cross","reports/paper_tables/table4_vgross_baseline.csv","scenario_id in {low,mid,high}","crosses_v1;cell_result_class","verified","All 360 filtered rows have crosses_v1=False and cell_result_class=not_feasible."
"5","section5_prudential_margin","xi=0.10 (10 percent)","reports/threshold_inversion_result_baseline-official-v2.csv; reports/h_star_result_baseline-official-v3.csv","xi=0.1","xi;threshold_value","verified","The inversion and persistence panels report the 10-percent prudential margin; deterministic structural crossings use V>=1."
"5","moderate_v_max","0.177","reports/paper_tables/table4_vgross_baseline.csv","scenario_id in {low,mid,high}; maximum v_gross","country_id;policy_variant_id;scenario_id;regime_id;v_gross","verified","Raw maximum=0.1765945556483395, PER/PEN/mid/r4."
"5","per_pen_stress_range","1.02--1.42","reports/paper_tables/table4_vgross_baseline.csv","country_id=PER AND policy_variant_id=PEN AND scenario_id=stress AND regime_id in {r0,...,r4}","v_gross;crosses_v1;cell_result_class","verified","Raw min=1.01520411458545; raw max=1.42229073795208; every row is accounting_feasible_debt_failed."
"5","per_pen_stress_buffer","r2 and r4 reach V>=1.10; r0, r1, and r3 do not","reports/paper_tables/table4_vgross_baseline.csv","country_id=PER AND policy_variant_id=PEN AND scenario_id=stress; compare v_gross with 1.10 by regime_id","regime_id;v_gross;crosses_v1;cell_result_class","verified","The 10-percent prudential comparison is reported separately from the structural crosses_v1 flag."
"5","col_best_cell","0.91","reports/paper_tables/table4_vgross_baseline.csv","country_id=COL; maximum v_gross over grid","policy_variant_id;scenario_id;regime_id;v_gross;cell_result_class","verified","Raw=0.90729054746623, PEN/stress/r4, not_feasible."
"5","mex_best_cell","0.80","reports/paper_tables/table4_vgross_baseline.csv","country_id=MEX; maximum v_gross over grid","policy_variant_id;scenario_id;regime_id;v_gross;cell_result_class","verified","Raw=0.804897604063947, GMI ideal/stress/r4, not_feasible."
"5","chl_gmi_stress_r4","GMI ideal 5.80; GMI loaded 3.87","reports/paper_tables/table4_vgross_baseline.csv","country_id=CHL AND scenario_id=stress AND regime_id=r4 AND policy_variant_id in {GMI ideal,GMI loaded}","v_gross;crosses_v1;cell_result_class","verified","Raw ideal=5.799668762204835; raw loaded=3.86644584146989; both feasible_cell."
"5","inversion_mid_r4_CHL_GMI_GMI_ideal_aggregate","g*= 4.75 percent; MFC*= 16.72 percent; Treq=1.09; tauAIreq=202.46 percent","reports/threshold_inversion_result_baseline-official-v2.csv; reports/paper_tables/table5_threshold_inversion.csv","country_id=CHL AND policy_variant_id=GMI:GMI_ideal_aggregate AND scenario_id=mid AND regime_id=r4 AND requirement_basis=baseline AND xi=0.1","g_ai_required;mfc_required_gross;t_required_H;tau_ai_required","verified","The compact frozen paper table matches g_ai_required and mfc_required_gross exactly; the full official inversion CSV supplies the two omitted diagnostic columns."
"5","inversion_mid_r4_PER_PEN","g*= 7.53 percent; MFC*= 30.31 percent; Treq=1.71; tauAIreq=671.42 percent","reports/threshold_inversion_result_baseline-official-v2.csv; reports/paper_tables/table5_threshold_inversion.csv","country_id=PER AND policy_variant_id=PEN AND scenario_id=mid AND regime_id=r4 AND requirement_basis=baseline AND xi=0.1","g_ai_required;mfc_required_gross;t_required_H;tau_ai_required","verified","The compact frozen paper table matches g_ai_required and mfc_required_gross exactly; the full official inversion CSV supplies the two omitted diagnostic columns."
"5","inversion_mid_r4_COL_PEN","g*= 10.62 percent; MFC*= 45.23 percent; Treq=2.39; tauAIreq=1149.88 percent","reports/threshold_inversion_result_baseline-official-v2.csv; reports/paper_tables/table5_threshold_inversion.csv","country_id=COL AND policy_variant_id=PEN AND scenario_id=mid AND regime_id=r4 AND requirement_basis=baseline AND xi=0.1","g_ai_required;mfc_required_gross;t_required_H;tau_ai_required","verified","The compact frozen paper table matches g_ai_required and mfc_required_gross exactly; the full official inversion CSV supplies the two omitted diagnostic columns."
"5","inversion_mid_r4_MEX_GMI_GMI_ideal_aggregate","g*= 12.55 percent; MFC*= 52.38 percent; Treq=2.80; tauAIreq=1364.07 percent","reports/threshold_inversion_result_baseline-official-v2.csv; reports/paper_tables/table5_threshold_inversion.csv","country_id=MEX AND policy_variant_id=GMI:GMI_ideal_aggregate AND scenario_id=mid AND regime_id=r4 AND requirement_basis=baseline AND xi=0.1","g_ai_required;mfc_required_gross;t_required_H;tau_ai_required","verified","The compact frozen paper table matches g_ai_required and mfc_required_gross exactly; the full official inversion CSV supplies the two omitted diagnostic columns."
"5","inversion_mid_r4_MEX_GMI_GMI_loaded_aggregate","g*= 17.31 percent; MFC*= 72.23 percent; Treq=3.79; tauAIreq=2025.71 percent","reports/threshold_inversion_result_baseline-official-v2.csv; reports/paper_tables/table5_threshold_inversion.csv","country_id=MEX AND policy_variant_id=GMI:GMI_loaded_aggregate AND scenario_id=mid AND regime_id=r4 AND requirement_basis=baseline AND xi=0.1","g_ai_required;mfc_required_gross;t_required_H;tau_ai_required","verified","The compact frozen paper table matches g_ai_required and mfc_required_gross exactly; the full official inversion CSV supplies the two omitted diagnostic columns."
"5","translation_requirement_min_mid","1.0941","reports/threshold_inversion_result_baseline-official-v2.csv","xi=0.1 AND scenario_id=mid; minimum t_required_H across baseline and debt_consistent","t_required_H;country_id;policy_variant_id;regime_id;requirement_basis","verified","Raw=1.0940749670462937, CHL/GMI ideal/r4; every filtered row exceeds one."
"5","ai_rent_requirement_min_mid","202.46 percent","reports/threshold_inversion_result_baseline-official-v2.csv","xi=0.1 AND scenario_id=mid AND requirement_basis=baseline AND tau_ai_required nonmissing; minimum","tau_ai_required;country_id;policy_variant_id;regime_id","verified","Raw rate=2.0246157316106883, CHL/GMI ideal/r4."
"5","ai_rent_specified_upper","15 percent","reports/value_assignment_table_baseline-official-v3.csv","name=tau_AI_eff_r4","high_value;baseline_value;low_value;regime_code","verified","Raw high_value=0.15."
"5","ai_rent_requirement_ratio","13.50 times the specified upper support","reports/threshold_inversion_result_baseline-official-v2.csv; reports/value_assignment_table_baseline-official-v3.csv","minimum mid baseline tau_ai_required divided by high_value where name=tau_AI_eff_r4","tau_ai_required;high_value","verified","Raw ratio=13.4974382107379."
"5","mc_primary_moderate_max","2.36 percent","reports/monte_carlo_result_baseline-official-v3.csv","mc_mode=MC_independent_baseline AND prob_basis=all_draw AND scenario_id in {low,mid,high}; maximum prob_v_ge_1_00","country_id;policy_variant_id;scenario_id;regime_id;prob_v_ge_1_00;prob_debt_consistent_1_00","verified","CHL/GMI ideal/mid/r4; the debt probability is identical because Chile has no positive primary-balance correction."
"5","mc_factor_moderate_max","4.44 percent","reports/monte_carlo_result_baseline-official-v3.csv","mc_mode like MC_factor* AND prob_basis=all_draw AND scenario_id in {low,mid,high}; maximum prob_v_ge_1_00","country_id;policy_variant_id;scenario_id;regime_id;mc_mode;prob_v_ge_1_00","verified","CHL/GMI ideal/mid/r4 under MC_factor_rho07."
"5","mc_historical_chl_gmi_mid","GMI ideal 66.06--91.76 percent; loaded 55.78--85.10 percent","reports/monte_carlo_result_baseline-official-v3.csv","country_id=CHL AND scenario_id=mid AND regime_id=r0 AND mc_mode like historical_reduced_form* AND prob_basis=all_draw; split by GMI variant","policy_variant_id;mc_mode;prob_v_ge_1_00","verified","Ranges span mixture/positive and tax/total-revenue historical capture modes."
"5","mc_chl_gmi_stress","94.78--99.98 percent","reports/monte_carlo_result_baseline-official-v3.csv","country_id=CHL AND policy_variant_id like GMI* AND scenario_id=stress AND regime_id in {r0,...,r4} AND mc_mode=MC_independent_baseline AND prob_basis=all_draw","prob_v_ge_1_00;prob_debt_consistent_1_00","verified","Range combines ideal and loaded GMI variants; accounting and debt-consistent frequencies coincide."
"5","mc_per_pen_stress","accounting 41.02--80.50 percent; debt 0.02--2.48 percent","reports/monte_carlo_result_baseline-official-v3.csv","country_id=PER AND policy_variant_id=PEN AND scenario_id=stress AND regime_id in {r0,...,r4} AND mc_mode=MC_independent_baseline AND prob_basis=all_draw","regime_id;prob_v_ge_1_00;prob_debt_consistent_1_00","verified","The debt maximum is 0.0248 under r4, not below one percent."
"5","hstar_chl_gmi_ideal","r0=6 years; r4=5 years; debt same","reports/h_star_result_baseline-official-v3.csv","country_id=CHL AND policy_variant_id=GMI:GMI_ideal_aggregate AND scenario_id=stress AND xi=0.1 AND regime_id in {r0,r4}","regime_id;requirement_basis;h_star;h_star_status;h_star_reporting_cap","verified","All cited rows cross within the 25-year cap."
"5","hstar_per_pen","accounting 8--11 years; debt 17--22 years","reports/h_star_result_baseline-official-v3.csv","country_id=PER AND policy_variant_id=PEN AND scenario_id=stress AND xi=0.1 AND regime_id in {r0,...,r4}","regime_id;requirement_basis;h_star;h_star_status","verified","All cited rows cross within the cap."
"5","hstar_col_pen","accounting 13--19 years; debt >25 years","reports/h_star_result_baseline-official-v3.csv","country_id=COL AND policy_variant_id=PEN AND scenario_id=stress AND xi=0.1 AND regime_id in {r0,...,r4}","regime_id;requirement_basis;h_star;h_star_status;h_star_reporting_cap","verified","Every debt-consistent counterpart is censored_beyond_defensible_horizon at the 25-year cap."
"5","hstar_mex_gmi","ideal accounting 13--16 years; loaded accounting 17--21 years; debt >25 years","reports/h_star_result_baseline-official-v3.csv","country_id=MEX AND policy_variant_id in {GMI ideal,GMI loaded} AND scenario_id=stress AND xi=0.1 AND regime_id in {r0,...,r4}","policy_variant_id;regime_id;requirement_basis;h_star;h_star_status;h_star_reporting_cap","verified","Every debt-consistent counterpart is censored_beyond_defensible_horizon at the 25-year cap."
"5","ict_placebo_result","0 of 120 crossings; maximum V=0.750","reports/diagnostic_placebo_ict_result_baseline-official-v3.csv","scenario_id=placebo_ict_mid; all countries, policies, and regimes","placebo_cell_class;v_placebo;country_id;policy_variant_id","verified","All rows are not_feasible; raw maximum=0.7503864386790156, PER/PEN."
"5","negative_control_result","9 of 15 crossings disappear; 6 survive; multiplier 0.318; diagnostic does not clear the crossing criterion","reports/diagnostic_negative_control_result_baseline-official-v3.csv","full diagnostic grid","baseline_crosses_v1;negative_control_crosses_v1;collapse_ratio","verified","Raw multiplier=0.31818181818181823; the implemented exposure-rescaling formula is V_negative_control=V_baseline*collapse_ratio."
"5","loso_result","3 evaluated substitutions preserve class/rank; 3 unavailable","reports/diagnostic_loso_result_baseline-official-v3.csv","status in {PASS,not_available}","status;baseline_class;alternative_class;rank_change;alternative_source","verified","All three evaluated rows are OECD-to-GRD substitutions with rank_change=0."
"1","intro_country_scope","4 economies: PER, CHL, COL, MEX","reports/paper_tables/table1_anchors.csv","country_id in {PER,CHL,COL,MEX}","country_id;year","verified","Four distinct country_id values; the Introduction names each economy."
"1","intro_accounting_threshold","V>=1","reports/paper_tables/table4_vgross_baseline.csv","all rows; compare crosses_v1 with v_gross>=1","v_gross;crosses_v1","verified","The exported crossing indicator is identical to the structural threshold comparison."
"1","intro_moderate_crossings","0 crossings under low, mid, and high","reports/paper_tables/table4_vgross_baseline.csv","scenario_id in {low,mid,high}","scenario_id;crosses_v1;cell_result_class","verified","Every filtered row has crosses_v1=False and cell_result_class=not_feasible."
"1","intro_moderate_v_max","0.177","reports/paper_tables/table4_vgross_baseline.csv","scenario_id in {low,mid,high}; maximum v_gross","country_id;policy_variant_id;scenario_id;regime_id;v_gross","verified","Raw maximum=0.1765945556483395, PER/PEN/mid/r4."
"1","intro_translation_requirement","Every mid-scenario Treq,H>1; minimum 1.0941","reports/threshold_inversion_result_baseline-official-v2.csv","xi=0.1 AND scenario_id=mid; all requirement_basis","t_required_H;country_id;policy_variant_id;regime_id;requirement_basis","verified","All filtered nonmissing values exceed one; raw minimum=1.0940749670462937, CHL/GMI ideal/r4/baseline."
"1","intro_ai_rent_requirement_ratio","13.50 times the strongest specified upper support","reports/threshold_inversion_result_baseline-official-v2.csv; reports/value_assignment_table_baseline-official-v3.csv","minimum tau_ai_required where xi=0.1 AND scenario_id=mid AND requirement_basis=baseline, divided by high_value where name=tau_AI_eff_r4","tau_ai_required;high_value","verified","Raw minimum requirement=2.0246157316106883; upper support=0.15; ratio=13.4974382107379."
"1","intro_mc_primary_moderate_max","2.36 percent","reports/monte_carlo_result_baseline-official-v3.csv","mc_mode=MC_independent_baseline AND prob_basis=all_draw AND scenario_id in {low,mid,high}; maximum prob_v_ge_1_00","country_id;policy_variant_id;scenario_id;regime_id;prob_v_ge_1_00","verified","Raw maximum=0.0236, CHL/GMI ideal/mid/r4; this is a model-implied calibrated-draw frequency."
"4","scenario_high_below_mid_all_countries","High lies below the 0.425 percent mid input in all 4 economies after the bridge","reports/value_assignment_table_baseline-official-v3.csv; reports/paper_tables/table3_primary_specification.csv","name=phi_Y_nom_high AND country_id in {PER,CHL,COL,MEX}; block=scenario AND id=mid","country_id;scenario_id;baseline_value;unit;phi_y_nominal_min;phi_y_nominal_max","verified","Country-specific high baseline values are PER=0.003801304370164793, CHL=0.003736722528934422, COL=0.004209296584129385, and MEX=0.003062241241335917; each is strictly below mid=0.00425."
"4","r3_median_mfc_below_r0","median MFC^gross lower under r3 than under r0","reports/paper_tables/table3_primary_specification.csv","block=regime AND id in {r0,r3}","id;description","verified","median MFCgross r0=0.0892, r3=0.0872"
