country_id,policy_variant_id,scenario_id,regime_id,prob_v_ge_1,prob_v_ge_1_10,v_p05,v_p50,v_p95,converged_flag
PER,PEN,low,r0,0.0,0.0,-0.280804716583315,-0.2647799071131987,-0.2439667941816916,True
PER,GMI:GMI_ideal_aggregate,low,r0,0.0,0.0,-0.1243837331284456,-0.1211790996123289,-0.1170169035251048,True
PER,GMI:GMI_loaded_aggregate,low,r0,0.0,0.0,-0.082922488752297,-0.0807860664082192,-0.0780112690167365,True
PER,MUT,low,r0,0.0,0.0,-0.0183544548761689,-0.016681636180756,-0.014508969823225,True
PER,PBI,low,r0,0.0,0.0,-0.0086262833396594,-0.0075055059732242,-0.0060498340076888,True
PER,UBI,low,r0,0.0,0.0,-0.0025338848741798,-0.0021156802003266,-0.0015725136109439,True
PER,PEN,low,r1,0.0,0.0,-0.274902912445793,-0.2578261787682911,-0.2355709066968619,True
PER,GMI:GMI_ideal_aggregate,low,r1,0.0,0.0,-0.1222973979505572,-0.118862804773338,-0.1143937069247924,True
PER,GMI:GMI_loaded_aggregate,low,r1,0.0,0.0,-0.0815315986337048,-0.079241869848892,-0.0762624712831949,True
PER,MUT,low,r1,0.0,0.0,-0.0178763568176213,-0.016108408511155,-0.0137975508757999,True
PER,PBI,low,r1,0.0,0.0,-0.0083529385026931,-0.0071727399174334,-0.0056270182961965,True
PER,UBI,low,r1,0.0,0.0,-0.0024409921709079,-0.0020007741584386,-0.001422739880091,True
PER,PEN,low,r2,0.0,0.0,-0.2729987440801695,-0.2551085743721981,-0.2319049592375962,True
PER,GMI:GMI_ideal_aggregate,low,r2,0.0,0.0,-0.1219723691750035,-0.118327627604195,-0.1135814504750464,True
PER,GMI:GMI_loaded_aggregate,low,r2,0.0,0.0,-0.0813149127833356,-0.0788850850694633,-0.0757209669833643,True
PER,MUT,low,r2,0.0,0.0,-0.0176925857349113,-0.0158205519480509,-0.013394478208276,True
PER,PBI,low,r2,0.0,0.0,-0.0082312387983086,-0.0069802263821024,-0.0053471631421403,True
PER,UBI,low,r2,0.0,0.0,-0.0023960690003928,-0.0019288954793936,-0.0013195292128714,True
PER,PEN,low,r3,0.0,0.0,-0.2797413894001765,-0.2640377724105686,-0.2432863705432179,True
PER,GMI:GMI_ideal_aggregate,low,r3,0.0,0.0,-0.1237725284562668,-0.1206100200513087,-0.1164575139697089,True
PER,GMI:GMI_loaded_aggregate,low,r3,0.0,0.0,-0.0825150189708445,-0.0804066800342058,-0.0776383426464726,True
PER,MUT,low,r3,0.0,0.0,-0.0183047417017689,-0.0166693089912612,-0.014522115305649,True
PER,PBI,low,r3,0.0,0.0,-0.0086119930167172,-0.0075193541161494,-0.0060775087319363,True
PER,UBI,low,r3,0.0,0.0,-0.0025321736657254,-0.0021248232147978,-0.0015882096910363,True
PER,PEN,low,r4,0.0,0.0,-0.2655341702231792,-0.2463613921149541,-0.221047802230051,True
PER,GMI:GMI_ideal_aggregate,low,r4,0.0,0.0,-0.119515406425721,-0.1156334012130659,-0.1105439063693619,True
PER,GMI:GMI_loaded_aggregate,low,r4,0.0,0.0,-0.0796769376171473,-0.0770889341420439,-0.0736959375795746,True
PER,MUT,low,r4,0.0,0.0,-0.0170671277914975,-0.0150607808841668,-0.0124345331000499,True
PER,PBI,low,r4,0.0,0.0,-0.0078648695844642,-0.0065208898808358,-0.0047566692774386,True
PER,UBI,low,r4,0.0,0.0,-0.0022698623057646,-0.0017677902562943,-0.0011087942671315,True
PER,PEN,mid,r0,0.0,0.0,-0.0778164699494851,0.0535751585119926,0.2357362802872228,True
PER,GMI:GMI_ideal_aggregate,mid,r0,0.0,0.0,-0.0837902434052994,-0.0575146101698452,-0.0210861186322114,True
PER,GMI:GMI_loaded_aggregate,mid,r0,0.0,0.0,-0.0558601622701996,-0.0383430734465635,-0.0140574124214743,True
PER,MUT,mid,r0,0.0,0.0,0.0028353467593133,0.0165512273082204,0.0355668998908652,True
PER,PBI,mid,r0,0.0,0.0,0.0055707423974533,0.0147602908656151,0.0275006646410949,True
PER,UBI,mid,r0,0.0,0.0,0.0027635655346906,0.0061925356719174,0.0109464538175786,True
PER,PEN,mid,r1,0.0,0.0,-0.0604731707587133,0.0773468093548506,0.2683230476658478,True
PER,GMI:GMI_ideal_aggregate,mid,r1,0.0,0.0,-0.0793684336403056,-0.0518594179968017,-0.0136697127351917,True
PER,GMI:GMI_loaded_aggregate,mid,r1,0.0,0.0,-0.0529122890935371,-0.0345729453312011,-0.0091131418234611,True
PER,MUT,mid,r1,0.0,0.0,0.0044822878511361,0.0188823263751837,0.0388178868598617,True
PER,PBI,mid,r1,0.0,0.0,0.0066146636746602,0.0162690962237668,0.0296283125295264,True
PER,UBI,mid,r1,0.0,0.0,0.0031420404855384,0.0067449850250472,0.0117309400023792,True
PER,PEN,mid,r2,0.0,0.0,-0.0467389985709556,0.0972085294438288,0.2999783704330296,True
PER,GMI:GMI_ideal_aggregate,mid,r2,0.0,0.0,-0.0765936156653832,-0.0478658868283457,-0.0072538642205776,True
PER,GMI:GMI_loaded_aggregate,mid,r2,0.0,0.0,-0.0510624104435888,-0.0319105912188971,-0.0048359094803851,True
PER,MUT,mid,r2,0.0,0.0,0.0059448648639813,0.0209688356486348,0.0421598290193806,True
PER,PBI,mid,r2,0.0,0.0,0.0076066411547585,0.0176838274420554,0.0318797011409474,True
PER,UBI,mid,r2,0.0,0.0,0.0035138334581562,0.0072755071488945,0.0125733153453045,True
PER,PEN,mid,r3,0.0,0.0,-0.0766220110920464,0.0536235975904663,0.2353403298434292,True
PER,GMI:GMI_ideal_aggregate,mid,r3,0.0,0.0,-0.0831305314403983,-0.0570945820983098,-0.0208445384822125,True
PER,GMI:GMI_loaded_aggregate,mid,r3,0.0,0.0,-0.0554203542935988,-0.0380630547322065,-0.0138963589881417,True
PER,MUT,mid,r3,0.0,0.0,0.0029038365451377,0.0164924192301619,0.0354653184952051,True
PER,PBI,mid,r3,0.0,0.0,0.0056014055549311,0.0147010498022561,0.0273959017717674,True
PER,UBI,mid,r3,0.0,0.0,0.0027693464855577,0.0061659335919686,0.0108992483308426,True
PER,PEN,mid,r4,0.0,0.0,-0.0144663083598352,0.1452800686702738,0.3700650241572971,True
PER,GMI:GMI_ideal_aggregate,mid,r4,0.0,0.0,-0.0691967900996816,-0.0373134582547987,0.0076282321629495,True
PER,GMI:GMI_loaded_aggregate,mid,r4,0.0,0.0,-0.0461311933997877,-0.0248756388365324,0.005085488108633,True
PER,MUT,mid,r4,0.0,0.0,0.0091578114694959,0.0258283804473755,0.0492876139050117,True
PER,PBI,mid,r4,0.0,0.0,0.0096944087798487,0.020882655570372,0.036592385503379,True
PER,UBI,mid,r4,0.0,0.0,0.0042808869577225,0.008457142435398,0.0143203871991269,True
PER,PEN,high,r0,0.0,0.0,-0.1197760798261581,0.0064055030258902,0.1805557822559446,True
PER,GMI:GMI_ideal_aggregate,high,r0,0.0,0.0,-0.092181305550826,-0.0669475746738123,-0.0321210874882726,True
PER,GMI:GMI_loaded_aggregate,high,r0,0.0,0.0,-0.0614542037005507,-0.0446317164492082,-0.0214140583255151,True
PER,MUT,high,r0,0.0,0.0,-0.0015447876806515,0.0116272198371496,0.0298066461480013,True
PER,PBI,high,r0,0.0,0.0,0.0026360815428624,0.0114612387083985,0.0236413330604348,True
PER,UBI,high,r0,0.0,0.0,0.0016685319246994,0.0049615338041497,0.0095063903818626,True
PER,PEN,high,r1,0.0,0.0,-0.1051444236233894,0.0290436154580095,0.2123842238634628,True
PER,GMI:GMI_ideal_aggregate,high,r1,0.0,0.0,-0.0882808277878826,-0.0615116696556362,-0.0248586727431852,True
PER,GMI:GMI_loaded_aggregate,high,r1,0.0,0.0,-0.0588538851919217,-0.0410077797704241,-0.0165724484954568,True
PER,MUT,high,r1,0.0,0.0,-0.0001792310127901,0.013826809533239,0.0330351355721435,True
PER,PBI,high,r1,0.0,0.0,0.0034930185574446,0.0128823685401276,0.0257488060678942,True
PER,UBI,high,r1,0.0,0.0,0.0019771018064567,0.0054824630657117,0.0102843361376515,True
PER,PEN,high,r2,0.0,0.0,-0.0942168280226432,0.0469615432480898,0.2379162620671473,True
PER,GMI:GMI_ideal_aggregate,high,r2,0.0,0.0,-0.086145028194222,-0.0578745192667392,-0.0195429083683854,True
PER,GMI:GMI_loaded_aggregate,high,r2,0.0,0.0,-0.057430018796148,-0.0385830128444928,-0.0130286055789236,True
PER,MUT,high,r2,0.0,0.0,0.0009685842479098,0.0157161505569207,0.035662650506037,True
PER,PBI,high,r2,0.0,0.0,0.0042636148662047,0.0141520105211384,0.0275216767722818,True
PER,UBI,high,r2,0.0,0.0,0.0022655240320006,0.0059563023293532,0.0109462456289674,True
PER,PEN,high,r3,0.0,0.0,-0.1153534323989077,0.0136378251875298,0.1909656774213741,True
PER,GMI:GMI_ideal_aggregate,high,r3,0.0,0.0,-0.0908294285156541,-0.0650189941216629,-0.0296831765125295,True
PER,GMI:GMI_loaded_aggregate,high,r3,0.0,0.0,-0.0605529523437694,-0.0433459960811086,-0.0197887843416863,True
PER,MUT,high,r3,0.0,0.0,-0.0011420489120727,0.0122959585388565,0.0308325744112383,True
PER,PBI,high,r3,0.0,0.0,0.0028927589062512,0.011891335025522,0.024304285056419,True
PER,UBI,high,r3,0.0,0.0,0.0017594142733849,0.0051196989730237,0.0097477667487118,True
PER,PEN,high,r4,0.0,0.0,-0.0610427718124449,0.0999361673169232,0.3191327107727507,True
PER,GMI:GMI_ideal_aggregate,high,r4,0.0,0.0,-0.0785782052249886,-0.0463953529705427,-0.0024727072245374,True
PER,GMI:GMI_loaded_aggregate,high,r4,0.0,0.0,-0.0523854701499924,-0.0309302353136951,-0.0016484714830249,True
PER,MUT,high,r4,0.0,0.0,0.0042961484442975,0.0210800723101002,0.0440317536717874,True
PER,PBI,high,r4,0.0,0.0,0.0064470102856382,0.0176956625624091,0.033081807952667,True
PER,UBI,high,r4,0.0,0.0,0.0030724855758322,0.0072687584150069,0.0130114438314575,True
PER,PEN,stress,r0,0.4102,0.2948,0.5065955153012509,0.9328475710061048,1.508094994891584,True
PER,GMI:GMI_ideal_aggregate,stress,r0,0.0,0.0,0.0330801779652228,0.118321854415278,0.2333595513115169,True
PER,GMI:GMI_loaded_aggregate,stress,r0,0.0,0.0,0.0220534519768152,0.078881236276852,0.1555730342076779,True
PER,MUT,stress,r0,0.0,0.0,0.063841706714726,0.1083378618216547,0.1683875396014915,True
PER,PBI,stress,r0,0.0,0.0,0.0464445965898522,0.0762567236745072,0.1164896071913645,True
PER,UBI,stress,r0,0.0,0.0,0.0180151555235438,0.029139194300276,0.0441516137452352,True
PER,PEN,stress,r1,0.5054,0.3828,0.5541248446965635,1.003155500110734,1.617019299603046,True
PER,GMI:GMI_ideal_aggregate,stress,r1,0.0,0.0,0.0436138082197206,0.1332909491505554,0.2561146909639974,True
PER,GMI:GMI_loaded_aggregate,stress,r1,0.0,0.0,0.0290758721464804,0.0888606327670369,0.1707431273093316,True
PER,MUT,stress,r1,0.0,0.0,0.0686796520616362,0.1155124963888667,0.1796106425319792,True
PER,PBI,stress,r1,0.0,0.0,0.0496452739216075,0.0810084865311811,0.12397316356617,True
PER,UBI,stress,r1,0.0,0.0,0.0192018540719594,0.0309019602235536,0.0469373252565268,True
PER,PEN,stress,r2,0.596,0.4666,0.602428874534067,1.076134645953588,1.7182354260023447,True
PER,GMI:GMI_ideal_aggregate,stress,r2,0.0,0.0,0.0532769745483337,0.1479296881594396,0.2762512692723826,True
PER,GMI:GMI_loaded_aggregate,stress,r2,0.0,0.0,0.0355179830322224,0.098619792106293,0.1841675128482551,True
PER,MUT,stress,r2,0.0,0.0,0.0737183660220188,0.1231895449724653,0.190188708542129,True
PER,PBI,stress,r2,0.0,0.0,0.0530192412347674,0.086164967281071,0.131050938572101,True
PER,UBI,stress,r2,0.0,0.0,0.0204604844730412,0.0328284478591263,0.0495765476836775,True
PER,PEN,stress,r3,0.4832,0.3616,0.5448799924221834,0.9898665194929712,1.594069285669739,True
PER,GMI:GMI_ideal_aggregate,stress,r3,0.0,0.0,0.0411471229914456,0.1302317372720701,0.2511083085393908,True
PER,GMI:GMI_loaded_aggregate,stress,r3,0.0,0.0,0.0274314153276304,0.08682115818138,0.1674055390262605,True
PER,MUT,stress,r3,0.0,0.0,0.0677817844900453,0.114220961099005,0.1772247973861701,True
PER,PBI,stress,r3,0.0,0.0,0.0490662909676235,0.0801733787007373,0.1223644360051232,True
PER,UBI,stress,r3,0.0,0.0,0.0189900266682937,0.0305959863816821,0.0463365190964673,True
PER,PEN,stress,r4,0.805,0.7186,0.7644910966333676,1.3212793352775225,2.086078250683929,True
PER,GMI:GMI_ideal_aggregate,stress,r4,0.0,0.0,0.0866313235665916,0.197915106758421,0.3507415829207865,True
PER,GMI:GMI_loaded_aggregate,stress,r4,0.0,0.0,0.0577542157110611,0.131943404505614,0.233827721947191,True
PER,MUT,stress,r4,0.0,0.0,0.090423388077654,0.1485803938378138,0.2284173978810905,True
PER,PBI,stress,r4,0.0,0.0,0.0641402942487416,0.1031095416045633,0.1566213364984948,True
PER,UBI,stress,r4,0.0,0.0,0.0245968523607611,0.0391392387103889,0.0591098939018408,True
CHL,PEN,low,r0,0.0,0.0,-0.0487691247391517,-0.0453966958591185,-0.0406474747857789,True
CHL,GMI:GMI_ideal_aggregate,low,r0,0.0,0.0,-2.3337014136886487,-2.262170982012067,-2.1614382918388744,True
CHL,GMI:GMI_loaded_aggregate,low,r0,0.0,0.0,-1.555800942459099,-1.5081139880080443,-1.440958861225916,True
CHL,MUT,low,r0,0.0,0.0,-0.0319852991934332,-0.0283801654369335,-0.0233032378522046,True
CHL,PBI,low,r0,0.0,0.0,-0.0131147041372286,-0.0109568520800628,-0.0079180581343354,True
CHL,UBI,low,r0,0.0,0.0,-0.0042183872076314,-0.0033171037685065,-0.0020478718723243,True
CHL,PEN,low,r1,0.0,0.0,-0.0476841536839424,-0.0441039523448343,-0.0390243985633059,True
CHL,GMI:GMI_ideal_aggregate,low,r1,0.0,0.0,-2.293989975789754,-2.216923814035358,-2.1094821188135824,True
CHL,GMI:GMI_loaded_aggregate,low,r1,0.0,0.0,-1.5293266505265029,-1.477949209356905,-1.4063214125423882,True
CHL,MUT,low,r1,0.0,0.0,-0.0310787118450657,-0.0272782724250302,-0.0218469167525618,True
CHL,PBI,low,r1,0.0,0.0,-0.0126584545021737,-0.0103776067897721,-0.0071308432595026,True
CHL,UBI,low,r1,0.0,0.0,-0.004043767490116,-0.0030941393726324,-0.0017376356683187,True
CHL,PEN,low,r2,0.0,0.0,-0.0472784322700941,-0.0434864249402019,-0.0381643127166307,True
CHL,GMI:GMI_ideal_aggregate,low,r2,0.0,0.0,-2.2854839671130467,-2.203865039852623,-2.091249374150971,True
CHL,GMI:GMI_loaded_aggregate,low,r2,0.0,0.0,-1.5236559780753642,-1.4692433599017485,-1.3941662494339806,True
CHL,MUT,low,r2,0.0,0.0,-0.0306537237219889,-0.0266057468047809,-0.0209500556150456,True
CHL,PBI,low,r2,0.0,0.0,-0.0123999979338318,-0.009973301881937,-0.0065918847953004,True
CHL,UBI,low,r2,0.0,0.0,-0.0039343374852349,-0.0029246807346825,-0.001507460816486,True
CHL,PEN,low,r3,0.0,0.0,-0.0486778275477273,-0.0453765800389735,-0.0406472152518693,True
CHL,GMI:GMI_ideal_aggregate,low,r3,0.0,0.0,-2.325202344011244,-2.253496288256982,-2.1524846462225558,True
CHL,GMI:GMI_loaded_aggregate,low,r3,0.0,0.0,-1.550134896007496,-1.502330858837988,-1.43498976414837,True
CHL,MUT,low,r3,0.0,0.0,-0.0319899921128118,-0.0284656075559364,-0.0234254583765576,True
CHL,PBI,low,r3,0.0,0.0,-0.0131529986915978,-0.0110415882537206,-0.0080326158498286,True
CHL,UBI,low,r3,0.0,0.0,-0.0042403806382904,-0.003359033317374,-0.0021038362356284,True
CHL,PEN,low,r4,0.0,0.0,-0.0458118113724868,-0.0417251904106927,-0.0359108157021685,True
CHL,GMI:GMI_ideal_aggregate,low,r4,0.0,0.0,-2.23706441504041,-2.1486466981533923,-2.026519622781678,True
CHL,GMI:GMI_loaded_aggregate,low,r4,0.0,0.0,-1.491376276693607,-1.4324311321022614,-1.351013081854452,True
CHL,MUT,low,r4,0.0,0.0,-0.0293513969589662,-0.0250041484860473,-0.0188035337980439,True
CHL,PBI,low,r4,0.0,0.0,-0.0117081512730498,-0.0091022909775223,-0.0053910087737395,True
CHL,UBI,low,r4,0.0,0.0,-0.0036653677272092,-0.0025767090224607,-0.0010289622759409,True
CHL,PEN,mid,r0,0.0,0.0,-0.0033180076564154,0.0263134183094257,0.0672510823624022,True
CHL,GMI:GMI_ideal_aggregate,mid,r0,0.0,0.0,-1.369666843720479,-0.7411736223872338,0.1271289825624421,True
CHL,GMI:GMI_loaded_aggregate,mid,r0,0.0,0.0,-0.913111229146986,-0.4941157482581558,0.084752655041628,True
CHL,MUT,mid,r0,0.0,0.0,0.0166020431329624,0.048278101488158,0.0920405527776217,True
CHL,PBI,mid,r0,0.0,0.0,0.015967239466724,0.0349269375809561,0.0611209436622374,True
CHL,UBI,mid,r0,0.0,0.0,0.0079284483739674,0.0158474629627663,0.0267880757851322,True
CHL,PEN,mid,r1,0.0,0.0,0.0001997272636854,0.0310087347032966,0.0737709117476444,True
CHL,GMI:GMI_ideal_aggregate,mid,r1,0.0014,0.0008,-1.2756737409888723,-0.6226830211779919,0.285009578363981,True
CHL,GMI:GMI_loaded_aggregate,mid,r1,0.0,0.0,-0.850449160659248,-0.4151220141186612,0.1900063855759873,True
CHL,MUT,mid,r1,0.0,0.0,0.0200450970960338,0.0530215895919701,0.0987323977053094,True
CHL,PBI,mid,r1,0.0,0.0,0.017963194935534,0.0376984434739851,0.0650341085060993,True
CHL,UBI,mid,r1,0.0,0.0,0.0087481955914983,0.0169867295725223,0.0284032488796005,True
CHL,PEN,mid,r2,0.0,0.0,0.0030491931270918,0.035835728153084,0.0808254916161532,True
CHL,GMI:GMI_ideal_aggregate,mid,r2,0.0048,0.0028,-1.217491554265367,-0.5212047381791954,0.4306374655139534,True
CHL,GMI:GMI_loaded_aggregate,mid,r2,0.0,0.0,-0.8116610361769113,-0.3474698254527969,0.2870916436759689,True
CHL,MUT,mid,r2,0.0,0.0,0.0231431864266526,0.0581723900974022,0.1063305055173422,True
CHL,PBI,mid,r2,0.0,0.0,0.019788461668612,0.0407678307688036,0.0696094579230908,True
CHL,UBI,mid,r2,0.0,0.0,0.0095035326613363,0.0182719702491123,0.030320007214022,True
CHL,PEN,mid,r3,0.0,0.0,-0.0033260047752355,0.0258038407419639,0.0660611904729467,True
CHL,GMI:GMI_ideal_aggregate,mid,r3,0.0002,0.0,-1.3622802291144545,-0.7451758596888121,0.1085108743228248,True
CHL,GMI:GMI_loaded_aggregate,mid,r3,0.0,0.0,-0.9081868194096362,-0.496783906459208,0.0723405828818832,True
CHL,MUT,mid,r3,0.0,0.0,0.0164639724303761,0.0476124954083818,0.0906573217123067,True
CHL,PBI,mid,r3,0.0,0.0,0.0158455199847954,0.0344978743964623,0.0602350780840283,True
CHL,UBI,mid,r3,0.0,0.0,0.0078694482164739,0.0156618702027056,0.0264059657890566,True
CHL,PEN,mid,r4,0.0,0.0,0.0102629857589279,0.046298216841987,0.0958811274982136,True
CHL,GMI:GMI_ideal_aggregate,mid,r4,0.0236,0.0162,-1.0468913198138112,-0.2820620464086145,0.7700572860045405,True
CHL,GMI:GMI_loaded_aggregate,mid,r4,0.0034,0.001,-0.6979275465425409,-0.1880413642724097,0.5133715240030269,True
CHL,MUT,mid,r4,0.0,0.0,0.0305652801586437,0.0690833017667182,0.122069389443507,True
CHL,PBI,mid,r4,0.0,0.0,0.0241488826571208,0.0472142033178401,0.0789222380834973,True
CHL,UBI,mid,r4,0.0,0.0,0.0113091936325417,0.02094635313226,0.034188942941815,True
CHL,PEN,high,r0,0.0,0.0,-0.0128047451791778,0.0141883168065957,0.0534442100550097,True
CHL,GMI:GMI_ideal_aggregate,high,r0,0.0,0.0,-1.5708839647762538,-0.9983513940979546,-0.1657197538774859,True
CHL,GMI:GMI_loaded_aggregate,high,r0,0.0,0.0,-1.0472559765175025,-0.665567596065303,-0.1104798359183239,True
CHL,MUT,high,r0,0.0,0.0,0.0064607002317514,0.0353163417939376,0.0772809764610493,True
CHL,PBI,high,r0,0.0,0.0,0.0098971407908156,0.0271686790225225,0.0522866023398967,True
CHL,UBI,high,r0,0.0,0.0,0.0053931126486646,0.0126070230392112,0.0230981817059891,True
CHL,PEN,high,r1,0.0,0.0,-0.0101634170742709,0.0182211952538908,0.0591176899873984,True
CHL,GMI:GMI_ideal_aggregate,high,r1,0.0002,0.0002,-1.4954162731533711,-0.8966103954353298,-0.0296789112770891,True
CHL,GMI:GMI_loaded_aggregate,high,r1,0.0,0.0,-0.9969441821022474,-0.5977402636235531,-0.0197859408513927,True
CHL,MUT,high,r1,0.0,0.0,0.0089949823998265,0.0393983013409092,0.0830724137216856,True
CHL,PBI,high,r1,0.0,0.0,0.01131561448449,0.0295340761533289,0.0556832368262376,True
CHL,UBI,high,r1,0.0,0.0,0.0059664132700892,0.0135774737674561,0.0245021791689299,True
CHL,PEN,high,r2,0.0,0.0,-0.007534476036053,0.0222932363617173,0.065229485601949,True
CHL,GMI:GMI_ideal_aggregate,high,r2,0.0008,0.0004,-1.4415626777323425,-0.8080645927446974,0.102656806541739,True
CHL,GMI:GMI_loaded_aggregate,high,r2,0.0,0.0,-0.9610417851548948,-0.5387097284964649,0.068437871027826,True
CHL,MUT,high,r2,0.0,0.0,0.0117846449733842,0.0437278600952214,0.0896081104751136,True
CHL,PBI,high,r2,0.0,0.0,0.0129977952319353,0.0321253444263414,0.0595681098060376,True
CHL,UBI,high,r2,0.0,0.0,0.0066630421039705,0.0146558998257195,0.0261205263874391,True
CHL,PEN,high,r3,0.0,0.0,-0.0123156248809761,0.0151600734814477,0.0541203930004123,True
CHL,GMI:GMI_ideal_aggregate,high,r3,0.0,0.0,-1.5531323249399245,-0.9693512343804505,-0.1420508203974772,True
CHL,GMI:GMI_loaded_aggregate,high,r3,0.0,0.0,-1.0354215499599495,-0.6462341562536336,-0.0947005469316514,True
CHL,MUT,high,r3,0.0,0.0,0.0068842060611616,0.0361869172127918,0.0779225325716831,True
CHL,PBI,high,r3,0.0,0.0,0.0101129048682985,0.0276436657364942,0.0526533950037915,True
CHL,UBI,high,r3,0.0,0.0,0.0054758950991774,0.0127950245043869,0.0232469093744596,True
CHL,PEN,high,r4,0.0,0.0,-0.0004974595496638,0.0333168251524035,0.0820911358512875,True
CHL,GMI:GMI_ideal_aggregate,high,r4,0.0098,0.0066,-1.274421934277935,-0.5562491839116542,0.4794868875623289,True
CHL,GMI:GMI_loaded_aggregate,high,r4,0.001,0.0004,-0.8496146228519567,-0.3708327892744361,0.3196579250415525,True
CHL,MUT,high,r4,0.0,0.0,0.019061357731189,0.0552250979607442,0.1073386083828724,True
CHL,PBI,high,r4,0.0,0.0,0.0172730265784995,0.0389294284945358,0.07010820396711,True
CHL,UBI,high,r4,0.0,0.0,0.0084390743191568,0.0174857212536756,0.0305035156826308,True
CHL,PEN,stress,r0,0.0,0.0,0.1312090334211444,0.2253624678385518,0.3573087974872651,True
CHL,GMI:GMI_ideal_aggregate,stress,r0,0.9838,0.978,1.4837001694206675,3.480728438151334,6.2793576320219175,True
CHL,GMI:GMI_loaded_aggregate,stress,r0,0.9478,0.9282,0.9891334462804452,2.3204856254342228,4.186238421347944,True
CHL,MUT,stress,r0,0.0,0.0,0.1604117405952762,0.2610619653393018,0.4021128767103792,True
CHL,PBI,stress,r0,0.0,0.0,0.102044503853923,0.1622886748577099,0.2467146684060608,True
CHL,UBI,stress,r0,0.0,0.0,0.0438808727395458,0.0690434289255522,0.1043061567683216,True
CHL,PEN,stress,r1,0.0,0.0,0.1404712490365815,0.2387741499404025,0.3779044651337639,True
CHL,GMI:GMI_ideal_aggregate,stress,r1,0.991,0.987,1.700494846223763,3.78306358088084,6.733633791940316,True
CHL,GMI:GMI_loaded_aggregate,stress,r1,0.9676,0.955,1.133663230815842,2.522042387253893,4.489089194626877,True
CHL,MUT,stress,r1,0.0,0.0,0.1700231401889469,0.2751991368855502,0.4238391023506089,True
CHL,PBI,stress,r1,0.0,0.0,0.107710636631379,0.1706728752350606,0.2596319306658197,True
CHL,UBI,stress,r1,0.0,0.0,0.0462293609685218,0.0725291038645232,0.1096831302382965,True
CHL,PEN,stress,r2,0.0,0.0,0.150794877963432,0.2547033690451938,0.4024028112926709,True
CHL,GMI:GMI_ideal_aggregate,stress,r2,0.996,0.9932,1.921733312474524,4.122429983481854,7.246703446781795,True
CHL,GMI:GMI_loaded_aggregate,stress,r2,0.9786,0.9702,1.2811555416496825,2.748286655654569,4.831135631187863,True
CHL,MUT,stress,r2,0.0,0.0,0.1810736293302721,0.2921564503656956,0.4500374608858557,True
CHL,PBI,stress,r2,0.0,0.0,0.114323074102607,0.1808206617915513,0.2753154864190419,True
CHL,UBI,stress,r2,0.0,0.0,0.048995711212783,0.076769559592486,0.1162344050587131,True
CHL,PEN,stress,r3,0.0,0.0,0.1368692514938692,0.2351769352067642,0.3723539349134493,True
CHL,GMI:GMI_ideal_aggregate,stress,r3,0.9888,0.9846,1.6100200519595949,3.694790544616039,6.602746798061902,True
CHL,GMI:GMI_loaded_aggregate,stress,r3,0.9612,0.9478,1.0733467013063964,2.463193696410692,4.401831198707935,True
CHL,MUT,stress,r3,0.0,0.0,0.1663425345887807,0.271445118416,0.4181170982875516,True
CHL,PBI,stress,r3,0.0,0.0,0.1055584689612454,0.1684789896865889,0.2562614236583095,True
CHL,UBI,stress,r3,0.0,0.0,0.0453410728595849,0.0716222604304726,0.1082868077003986,True
CHL,PEN,stress,r4,0.0,0.0,0.1854111819154844,0.3088131004216693,0.4821677241718227,True
CHL,GMI:GMI_ideal_aggregate,stress,r4,0.9998,0.9998,2.671119922893193,5.292684213407016,8.96617048624758,True
CHL,GMI:GMI_loaded_aggregate,stress,r4,0.9972,0.996,1.7807466152621283,3.528456142271344,5.977446990831721,True
CHL,MUT,stress,r4,0.0,0.0,0.2177708050366106,0.3496536428195489,0.5350899580638466,True
CHL,PBI,stress,r4,0.0,0.0,0.1362186303751937,0.2151304837740323,0.3261592190538936,True
CHL,UBI,stress,r4,0.0,0.0,0.058121568443404,0.091075617860533,0.1374571681801361,True
COL,PEN,low,r0,0.0,0.0,-0.1735146829771096,-0.1635839709241596,-0.1497487197973534,True
COL,GMI:GMI_ideal_aggregate,low,r0,0.0,0.0,-0.1162570491477108,-0.1132483578077726,-0.1090567147484287,True
COL,GMI:GMI_loaded_aggregate,low,r0,0.0,0.0,-0.0775046994318072,-0.0754989052051818,-0.0727044764989524,True
COL,MUT,low,r0,0.0,0.0,-0.0207467831605781,-0.018853714569489,-0.0162163327565498,True
COL,PBI,low,r0,0.0,0.0,-0.0093108663613656,-0.0081020938124215,-0.0064180582990906,True
COL,UBI,low,r0,0.0,0.0,-0.0028748361358874,-0.0024015689881151,-0.0017422235348803,True
COL,PEN,low,r1,0.0,0.0,-0.1697329002112361,-0.159204671855617,-0.1442683846957249,True
COL,GMI:GMI_ideal_aggregate,low,r1,0.0,0.0,-0.1142548271894421,-0.1110455381711919,-0.1064887178503488,True
COL,GMI:GMI_loaded_aggregate,low,r1,0.0,0.0,-0.0761698847929614,-0.0740303587807946,-0.0709924785668992,True
COL,MUT,low,r1,0.0,0.0,-0.0201989796466782,-0.0181850035151731,-0.0153578590683781,True
COL,PBI,low,r1,0.0,0.0,-0.0090139866412225,-0.0077300783555959,-0.0059297683577237,True
COL,UBI,low,r1,0.0,0.0,-0.0027700606854393,-0.0022656934963577,-0.0015606097296616,True
COL,PEN,low,r2,0.0,0.0,-0.1685414905981907,-0.157438369772951,-0.1419759469922866,True
COL,GMI:GMI_ideal_aggregate,low,r2,0.0,0.0,-0.1139289981525506,-0.1104904463454196,-0.1058025019797058,True
COL,GMI:GMI_loaded_aggregate,low,r2,0.0,0.0,-0.0759526654350337,-0.0736602975636131,-0.0705350013198039,True
COL,MUT,low,r2,0.0,0.0,-0.0199675805108337,-0.0178525893741394,-0.0149113476989721,True
COL,PBI,low,r2,0.0,0.0,-0.00887081838154,-0.007513088052111,-0.0056483883855158,True
COL,UBI,low,r2,0.0,0.0,-0.0027135751667985,-0.0021820007640627,-0.0014512592168174,True
COL,PEN,low,r3,0.0,0.0,-0.1727837730468285,-0.1629206629044385,-0.1490091768443558,True
COL,GMI:GMI_ideal_aggregate,low,r3,0.0,0.0,-0.1156782189434532,-0.1126418933135627,-0.108383977176015,True
COL,GMI:GMI_loaded_aggregate,low,r3,0.0,0.0,-0.0771188126289688,-0.0750945955423751,-0.07225598478401,True
COL,MUT,low,r3,0.0,0.0,-0.0206728531308458,-0.0188055353099691,-0.0161590546905119,True
COL,PBI,low,r3,0.0,0.0,-0.0092906382769581,-0.0080940486047768,-0.0064136583639834,True
COL,UBI,low,r3,0.0,0.0,-0.0028710065598358,-0.0024026563883276,-0.0017458375500983,True
COL,PEN,low,r4,0.0,0.0,-0.1641915856321307,-0.1519809634271027,-0.1353764855658643,True
COL,GMI:GMI_ideal_aggregate,low,r4,0.0,0.0,-0.1117743085912107,-0.1080230981268607,-0.1029058161709048,True
COL,GMI:GMI_loaded_aggregate,low,r4,0.0,0.0,-0.0745162057274738,-0.0720153987512405,-0.0686038774472699,True
COL,MUT,low,r4,0.0,0.0,-0.0193007058826191,-0.0169823697499252,-0.0138188860093551,True
COL,PBI,low,r4,0.0,0.0,-0.0084950946818278,-0.007012853001188,-0.0049942631362371,True
COL,UBI,low,r4,0.0,0.0,-0.0025768594275876,-0.0019952932786648,-0.0012059852227134,True
COL,PEN,mid,r0,0.0,0.0,-0.0402622185211556,0.0439925191013651,0.1622461759642182,True
COL,GMI:GMI_ideal_aggregate,mid,r0,0.0,0.0,-0.0758857712678984,-0.0503592533221548,-0.0145321392721008,True
COL,GMI:GMI_loaded_aggregate,mid,r0,0.0,0.0,-0.0505905141785989,-0.0335728355481032,-0.0096880928480672,True
COL,MUT,mid,r0,0.0,0.0,0.0046548248813997,0.0207161099728616,0.0432585301331555,True
COL,PBI,mid,r0,0.0,0.0,0.0069087078498971,0.0171642477762949,0.0315581576455885,True
COL,UBI,mid,r0,0.0,0.0,0.003475565874607,0.0074908871474725,0.013126492187546,True
COL,PEN,mid,r1,0.0,0.0,-0.0293573733668933,0.0604762393265343,0.1860608277498585,True
COL,GMI:GMI_ideal_aggregate,mid,r1,0.0,0.0,-0.0716305871433793,-0.0445238403728203,-0.0065302824816371,True
COL,GMI:GMI_loaded_aggregate,mid,r1,0.0,0.0,-0.0477537247622529,-0.0296825602485468,-0.0043535216544247,True
COL,MUT,mid,r1,0.0,0.0,0.0065304640791393,0.0236840594666815,0.0475774928715403,True
COL,PBI,mid,r1,0.0,0.0,0.0080604385599237,0.019005588769355,0.0342454421060502,True
COL,UBI,mid,r1,0.0,0.0,0.0039179176642793,0.0082012143975899,0.014164838673095,True
COL,PEN,mid,r2,0.0,0.0,-0.019826017156188,0.0741568310474802,0.2056954220820631,True
COL,GMI:GMI_ideal_aggregate,mid,r2,0.0,0.0,-0.0687654236690556,-0.0404336731629983,-0.0005030869719867,True
COL,GMI:GMI_loaded_aggregate,mid,r2,0.0,0.0,-0.0458436157793704,-0.0269557821086655,-0.0003353913146578,True
COL,MUT,mid,r2,0.0,0.0,0.008410353792947,0.0263100217535008,0.051360225443438,True
COL,PBI,mid,r2,0.0,0.0,0.0092584844512686,0.0206790566538834,0.0366870056272237,True
COL,UBI,mid,r2,0.0,0.0,0.0043810078645397,0.0088556591089259,0.0151271512345237,True
COL,PEN,mid,r3,0.0,0.0,-0.0392329801286133,0.0449435929228051,0.1619892946044457,True
COL,GMI:GMI_ideal_aggregate,mid,r3,0.0,0.0,-0.0751815890016897,-0.0497300955223685,-0.0142975307314076,True
COL,GMI:GMI_loaded_aggregate,mid,r3,0.0,0.0,-0.0501210593344598,-0.0331533970149123,-0.0095316871542717,True
COL,MUT,mid,r3,0.0,0.0,0.0047769190749219,0.0208254453068293,0.0431330726489572,True
COL,PBI,mid,r3,0.0,0.0,0.0069614380437006,0.0172149092743418,0.0314530983322362,True
COL,UBI,mid,r3,0.0,0.0,0.0034918585696629,0.0075072031614342,0.0130804161710492,True
COL,PEN,mid,r4,0.0,0.0,0.0011070305784556,0.1049896817498359,0.2519406999701873,True
COL,GMI:GMI_ideal_aggregate,mid,r4,0.0,0.0,-0.0616942817881191,-0.0301772561113707,0.0143454461407854,True
COL,GMI:GMI_loaded_aggregate,mid,r4,0.0,0.0,-0.0411295211920794,-0.0201181707409138,0.0095636307605236,True
COL,MUT,mid,r4,0.0,0.0,0.0121563043665212,0.0320299682624582,0.0600133253679485,True
COL,PBI,mid,r4,0.0,0.0,0.0115757910648564,0.0242838639208406,0.0421410376369612,True
COL,UBI,mid,r4,0.0,0.0,0.0052803898451285,0.0102571737116104,0.0172486179185557,True
COL,PEN,high,r0,0.0,0.0,-0.0564847434203463,0.0336838150060591,0.159342459866679,True
COL,GMI:GMI_ideal_aggregate,high,r0,0.0,0.0,-0.0808006826978021,-0.0534824642834794,-0.0154118733163187,True
COL,GMI:GMI_loaded_aggregate,high,r0,0.0,0.0,-0.0538671217985347,-0.0356549761889863,-0.0102745822108791,True
COL,MUT,high,r0,0.0,0.0,0.0015623626097043,0.0187509856359961,0.0427050014725336,True
COL,PBI,high,r0,0.0,0.0,0.0049340918638381,0.0159094657970015,0.0312047154865653,True
COL,UBI,high,r0,0.0,0.0,0.0027024503066832,0.0069996060632561,0.0129881100223905,True
COL,PEN,high,r1,0.0,0.0,-0.0454023497820531,0.0495769289483663,0.1821195114955159,True
COL,GMI:GMI_ideal_aggregate,high,r1,0.0,0.0,-0.0766925040476067,-0.0478199348098532,-0.0073771887064121,True
COL,GMI:GMI_loaded_aggregate,high,r1,0.0,0.0,-0.0511283360317378,-0.0318799565399021,-0.0049181258042747,True
COL,MUT,high,r1,0.0,0.0,0.0035186606810503,0.021621373802597,0.0468727375425722,True
COL,PBI,high,r1,0.0,0.0,0.0061284325924061,0.0176962800327752,0.0338111381805034,True
COL,UBI,high,r1,0.0,0.0,0.0031568106994459,0.0076891673611907,0.0139978256600439,True
COL,PEN,high,r2,0.0,0.0,-0.0376146652316442,0.0629551417405278,0.2025460513847223,True
COL,GMI:GMI_ideal_aggregate,high,r2,0.0,0.0,-0.0741723660688424,-0.0437477875187725,-0.0014582669793093,True
COL,GMI:GMI_loaded_aggregate,high,r2,0.0,0.0,-0.0494482440458949,-0.0291651916791816,-0.0009721779862062,True
COL,MUT,high,r2,0.0,0.0,0.0049637831651009,0.0241795506242399,0.0507870891584234,True
COL,PBI,high,r2,0.0,0.0,0.0070456163050579,0.0193194570683327,0.0363235597654293,True
COL,UBI,high,r2,0.0,0.0,0.0035190155805284,0.0083227863881977,0.0149827927930483,True
COL,PEN,high,r3,0.0,0.0,-0.0520839538385524,0.039565564836025,0.1670635094541484,True
COL,GMI:GMI_ideal_aggregate,high,r3,0.0,0.0,-0.0790251420425323,-0.0513274966265903,-0.0127287597334342,True
COL,GMI:GMI_loaded_aggregate,high,r3,0.0,0.0,-0.0526834280283548,-0.0342183310843935,-0.0084858398222894,True
COL,MUT,high,r3,0.0,0.0,0.0023161608409977,0.0198014497205857,0.0441296138245731,True
COL,PBI,high,r3,0.0,0.0,0.0054065256945785,0.0165509040503602,0.0320921937421454,True
COL,UBI,high,r3,0.0,0.0,0.0028830643260789,0.0072468491628008,0.0133328521634752,True
COL,PEN,high,r4,0.0,0.0,-0.0143740966091746,0.1001936301387348,0.2594347638795498,True
COL,GMI:GMI_ideal_aggregate,high,r4,0.0,0.0,-0.0662082192913238,-0.0315725834647876,0.016560031178303,True
COL,GMI:GMI_loaded_aggregate,high,r4,0.0,0.0,-0.0441388128608825,-0.0210483889765251,0.0110400207855353,True
COL,MUT,high,r4,0.0,0.0,0.0092343323084109,0.0310459395389263,0.0615027701483642,True
COL,PBI,high,r4,0.0,0.0,0.0097198789079615,0.0236441725668596,0.0431164931966142,True
COL,UBI,high,r4,0.0,0.0,0.0045560757047549,0.010006287510725,0.0176340636824988,True
COL,PEN,stress,r0,0.0356,0.0168,0.3281672137319806,0.601325482665066,0.9570517503110634,True
COL,GMI:GMI_ideal_aggregate,stress,r0,0.0,0.0,0.0357366820152031,0.1184949891526392,0.2262687857493399,True
COL,GMI:GMI_loaded_aggregate,stress,r0,0.0,0.0,0.0238244546768021,0.0789966594350928,0.1508458571662266,True
COL,MUT,stress,r0,0.0,0.0,0.0748876724871272,0.126959199338002,0.194770472156646,True
COL,PBI,stress,r0,0.0,0.0,0.0517541712523274,0.0850031684282463,0.1283023946041863,True
COL,UBI,stress,r0,0.0,0.0,0.0210337777760389,0.0340516594887576,0.0510044776934186,True
COL,PEN,stress,r1,0.0622,0.0298,0.3619860737463904,0.6499677469308422,1.027870189850845,True
COL,GMI:GMI_ideal_aggregate,stress,r1,0.0,0.0,0.0469988888535577,0.1340971410982888,0.2486055087224023,True
COL,GMI:GMI_loaded_aggregate,stress,r1,0.0,0.0,0.0313325925690385,0.0893980940655258,0.1657370058149349,True
COL,MUT,stress,r1,0.0,0.0,0.0811740660410145,0.1360618513318068,0.2081022251957213,True
COL,PBI,stress,r1,0.0,0.0,0.0557169785248673,0.090751984969516,0.1367613581937512,True
COL,UBI,stress,r1,0.0,0.0,0.0225753463759661,0.0362895299808771,0.054305878128375,True
COL,PEN,stress,r2,0.1006,0.0484,0.3940728604720792,0.6957428883034026,1.0948197214522468,True
COL,GMI:GMI_ideal_aggregate,stress,r2,0.0,0.0,0.0564025200466533,0.1480219495647308,0.268888455496698,True
COL,GMI:GMI_loaded_aggregate,stress,r2,0.0,0.0,0.0376016800311022,0.0986812997098205,0.179258970331132,True
COL,MUT,stress,r2,0.0,0.0,0.0872664955180754,0.1447703903243281,0.2208631840731565,True
COL,PBI,stress,r2,0.0,0.0,0.059597374615293,0.0963258754950783,0.1449133476888519,True
COL,UBI,stress,r2,0.0,0.0,0.0240926642863315,0.0384762212717077,0.0574983448420167,True
COL,PEN,stress,r3,0.0548,0.0254,0.3545766938608106,0.6394463550643124,1.0134693037266496,True
COL,GMI:GMI_ideal_aggregate,stress,r3,0.0,0.0,0.0441412626153926,0.13039658917005,0.2437290403448533,True
COL,GMI:GMI_loaded_aggregate,stress,r3,0.0,0.0,0.0294275084102617,0.0869310594467,0.1624860268965689,True
COL,MUT,stress,r3,0.0,0.0,0.0798460251510816,0.1341707630612805,0.2054579304743057,True
COL,PBI,stress,r3,0.0,0.0,0.0548962801746728,0.0895875962098018,0.1351110005108248,True
COL,UBI,stress,r3,0.0,0.0,0.0222593146392601,0.0358413237699773,0.0536629967737526,True
COL,PEN,stress,r4,0.2936,0.1858,0.4988842623255281,0.8516880588606779,1.3252151702246877,True
COL,GMI:GMI_ideal_aggregate,stress,r4,0.0,0.0,0.0891486470374175,0.1961163493742385,0.3393415560666178,True
COL,GMI:GMI_loaded_aggregate,stress,r4,0.0,0.0,0.0594324313582783,0.130744232916159,0.2262277040444119,True
COL,MUT,stress,r4,0.0,0.0,0.1070797693555872,0.174346061160893,0.264628780087294,True
COL,PBI,stress,r4,0.0,0.0,0.0721974893347385,0.1151624023272351,0.1727813055852744,True
COL,UBI,stress,r4,0.0,0.0,0.0290159336371905,0.0458405354877951,0.0683942342730461,True
MEX,PEN,low,r0,0.0,0.0,-0.0919440162808577,-0.0847469956375995,-0.0748953415535505,True
MEX,GMI:GMI_ideal_aggregate,low,r0,0.0,0.0,-0.333242001923423,-0.3218661042498425,-0.3062941871565328,True
MEX,GMI:GMI_loaded_aggregate,low,r0,0.0,0.0,-0.2221613346156154,-0.2145774028332283,-0.2041961247710219,True
MEX,MUT,low,r0,0.0,0.0,-0.0224029222501113,-0.0194906924456747,-0.0155042816697874,True
MEX,PBI,low,r0,0.0,0.0,-0.0100425270658003,-0.0080930562541875,-0.005424519781258,True
MEX,UBI,low,r0,0.0,0.0,-0.0028254204047799,-0.0020973629536708,-0.0011007602596989,True
MEX,PEN,low,r1,0.0,0.0,-0.0904551425167739,-0.0830923994766655,-0.0726088793763229,True
MEX,GMI:GMI_ideal_aggregate,low,r1,0.0,0.0,-0.3284936739822765,-0.3166407522206502,-0.3000521321777783,True
MEX,GMI:GMI_loaded_aggregate,low,r1,0.0,0.0,-0.218995782654851,-0.2110938348137668,-0.2000347547851856,True
MEX,MUT,low,r1,0.0,0.0,-0.022005499659626,-0.0190057206211408,-0.0147841904225228,True
MEX,PBI,low,r1,0.0,0.0,-0.0098483665895611,-0.0078374569351705,-0.0050134645948045,True
MEX,UBI,low,r1,0.0,0.0,-0.0027658955381541,-0.0020148301071632,-0.0009614702496758,True
MEX,PEN,low,r2,0.0,0.0,-0.0895477631783215,-0.081876989633808,-0.0710072438995439,True
MEX,GMI:GMI_ideal_aggregate,low,r2,0.0,0.0,-0.3269183918809087,-0.3147215974189854,-0.2975476604244548,True
MEX,GMI:GMI_loaded_aggregate,low,r2,0.0,0.0,-0.2179455945872725,-0.2098143982793236,-0.1983651069496366,True
MEX,MUT,low,r2,0.0,0.0,-0.0216242374934663,-0.0185391894510521,-0.0141357471123192,True
MEX,PBI,low,r2,0.0,0.0,-0.0095887370005806,-0.0075217042666948,-0.0045754084373302,True
MEX,UBI,low,r2,0.0,0.0,-0.0026667519742305,-0.001897325908729,-0.0007947846299743,True
MEX,PEN,low,r3,0.0,0.0,-0.0924807508128107,-0.0855766832550321,-0.0761177150357696,True
MEX,GMI:GMI_ideal_aggregate,low,r3,0.0,0.0,-0.3331249002957788,-0.3220100474297123,-0.3072042599635722,True
MEX,GMI:GMI_loaded_aggregate,low,r3,0.0,0.0,-0.2220832668638526,-0.2146733649531415,-0.2048028399757148,True
MEX,MUT,low,r3,0.0,0.0,-0.022701842282199,-0.019914204536711,-0.0160701102934885,True
MEX,PBI,low,r3,0.0,0.0,-0.0102761086199361,-0.0084051132428477,-0.0058409564036573,True
MEX,UBI,low,r3,0.0,0.0,-0.0029188663220218,-0.0022193058597825,-0.0012631290729213,True
MEX,PEN,low,r4,0.0,0.0,-0.0867281472548147,-0.0783644029590957,-0.0664888539605045,True
MEX,GMI:GMI_ideal_aggregate,low,r4,0.0,0.0,-0.3200765024364066,-0.3066119489603146,-0.2878557275256765,True
MEX,GMI:GMI_loaded_aggregate,low,r4,0.0,0.0,-0.2133843349576044,-0.2044079659735431,-0.191903818350451,True
MEX,MUT,low,r4,0.0,0.0,-0.0206643474591633,-0.0173130242915184,-0.01251289969809,True
MEX,PBI,low,r4,0.0,0.0,-0.0090193815955557,-0.0067713027278702,-0.0035677485748389,True
MEX,UBI,low,r4,0.0,0.0,-0.002470096876466,-0.0016267088845133,-0.0004329898810306,True
MEX,PEN,mid,r0,0.0,0.0,-0.0033119257043267,0.0543896305180577,0.1334590016977804,True
MEX,GMI:GMI_ideal_aggregate,mid,r0,0.0,0.0,-0.1931465870327285,-0.1019412075112598,0.0230389919685742,True
MEX,GMI:GMI_loaded_aggregate,mid,r0,0.0,0.0,-0.1287643913551523,-0.0679608050075065,0.0153593279790495,True
MEX,MUT,mid,r0,0.0,0.0,0.0134615039619064,0.0368100811194024,0.06880501218624,True
MEX,PBI,mid,r0,0.0,0.0,0.0139654176262901,0.0295951490409902,0.0510128215541082,True
MEX,UBI,mid,r0,0.0,0.0,0.0061406861482244,0.0119778304375984,0.0199765632043078,True
MEX,PEN,mid,r1,0.0,0.0,-0.0005920766645218,0.0585117619387405,0.1419645194157797,True
MEX,GMI:GMI_ideal_aggregate,mid,r1,0.0,0.0,-0.186423178169256,-0.0929432683629424,0.0389101896335832,True
MEX,GMI:GMI_loaded_aggregate,mid,r1,0.0,0.0,-0.124282118779504,-0.0619621789086283,0.0259401264223888,True
MEX,MUT,mid,r1,0.0,0.0,0.0143623701296712,0.038289666760333,0.0720335233854617,True
MEX,PBI,mid,r1,0.0,0.0,0.0144853268110271,0.030526677316641,0.0531200131527545,True
MEX,UBI,mid,r1,0.0,0.0,0.0063212416210427,0.0123144445977407,0.0207512967419948,True
MEX,PEN,mid,r2,0.0,0.0,0.0051573894588181,0.0670603347738286,0.1519307544587134,True
MEX,GMI:GMI_ideal_aggregate,mid,r2,0.0,0.0,-0.1769693067632671,-0.0792429077132896,0.0544501290690732,True
MEX,GMI:GMI_loaded_aggregate,mid,r2,0.0,0.0,-0.1179795378421781,-0.0528286051421931,0.0363000860460488,True
MEX,MUT,mid,r2,0.0,0.0,0.0166849041318346,0.0417311794061072,0.0760661638914798,True
MEX,PBI,mid,r2,0.0,0.0,0.0160616577329064,0.032828682344473,0.0558201039581615,True
MEX,UBI,mid,r2,0.0,0.0,0.006909358136509,0.0131734753934329,0.0217642538094855,True
MEX,PEN,mid,r3,0.0,0.0,-0.0074748094253526,0.0490897256862807,0.1245334909644144,True
MEX,GMI:GMI_ideal_aggregate,mid,r3,0.0,0.0,-0.1985782214772012,-0.1092040395567454,0.0103570471106828,True
MEX,GMI:GMI_loaded_aggregate,mid,r3,0.0,0.0,-0.1323854809848008,-0.0728026930378303,0.0069046980737885,True
MEX,MUT,mid,r3,0.0,0.0,0.0116350954434781,0.0345669160811467,0.0650809208736779,True
MEX,PBI,mid,r3,0.0,0.0,0.0127205755712835,0.0280671281211671,0.0484821271731164,True
MEX,UBI,mid,r3,0.0,0.0,0.0056677465007827,0.0114004195226431,0.0190245066357234,True
MEX,PEN,mid,r4,0.0,0.0,0.017757205585606,0.0868210703558956,0.1806455498791021,True
MEX,GMI:GMI_ideal_aggregate,mid,r4,0.0,0.0,-0.1540793124577121,-0.0456356978064595,0.1026837467255483,True
MEX,GMI:GMI_loaded_aggregate,mid,r4,0.0,0.0,-0.1027195416384748,-0.0304237985376396,0.0684558311503656,True
MEX,MUT,mid,r4,0.0,0.0,0.0215839397014266,0.0495454691037427,0.0875512127844826,True
MEX,PBI,mid,r4,0.0,0.0,0.0192500619005688,0.0379871472028234,0.0634453595616937,True
MEX,UBI,mid,r4,0.0,0.0,0.0080860143530933,0.0150882656498396,0.0245979489072375,True
MEX,PEN,high,r0,0.0,0.0,-0.0365790356568048,0.0081474662454255,0.0706472897491535,True
MEX,GMI:GMI_ideal_aggregate,high,r0,0.0,0.0,-0.2457299069193617,-0.1750334153908004,-0.0762437033644381,True
MEX,GMI:GMI_loaded_aggregate,high,r0,0.0,0.0,-0.1638199379462412,-0.1166889435938669,-0.050829135576292,True
MEX,MUT,high,r0,0.0,0.0,1.7407092836031802e-07,0.01809847590224,0.0433886421809888,True
MEX,PBI,high,r0,0.0,0.0,0.004954291626558,0.0170694451443715,0.0339988924380387,True
MEX,UBI,high,r0,0.0,0.0,0.0027753536754799,0.0072999291333078,0.013622470702995,True
MEX,PEN,high,r1,0.0,0.0,-0.0339911418034513,0.0112731462951492,0.076382075287682,True
MEX,GMI:GMI_ideal_aggregate,high,r1,0.0,0.0,-0.2390431918760965,-0.1675778879780351,-0.0651242594605305,True
MEX,GMI:GMI_loaded_aggregate,high,r1,0.0,0.0,-0.1593621279173977,-0.1117185919853567,-0.043416172973687,True
MEX,MUT,high,r1,0.0,0.0,0.0008609500051465,0.0191326191636235,0.0454864960931813,True
MEX,PBI,high,r1,0.0,0.0,0.005452800480633,0.0177058857397725,0.0353213914271647,True
MEX,UBI,high,r1,0.0,0.0,0.0029475488844915,0.0075228045567212,0.0141007841460929,True
MEX,PEN,high,r2,0.0,0.0,-0.0301442874515141,0.0176667706802753,0.0840979535048092,True
MEX,GMI:GMI_ideal_aggregate,high,r2,0.0,0.0,-0.2328642574502511,-0.1572785214241776,-0.052743908847676,True
MEX,GMI:GMI_loaded_aggregate,high,r2,0.0,0.0,-0.1552428383001674,-0.1048523476161184,-0.0351626058984507,True
MEX,MUT,high,r2,0.0,0.0,0.0023812501765862,0.0217449288635614,0.0486765214089006,True
MEX,PBI,high,r2,0.0,0.0,0.0065018352374084,0.0194463490494579,0.0374864131893177,True
MEX,UBI,high,r2,0.0,0.0,0.0033420332563554,0.0081736159708543,0.0149150716188573,True
MEX,PEN,high,r3,0.0,0.0,-0.0375277258622731,0.0061579588414412,0.0673754160930673,True
MEX,GMI:GMI_ideal_aggregate,high,r3,0.0,0.0,-0.2462025268664894,-0.1770801401327502,-0.0804470527181393,True
MEX,GMI:GMI_loaded_aggregate,high,r3,0.0,0.0,-0.1641350179109929,-0.1180534267551668,-0.0536313684787595,True
MEX,MUT,high,r3,0.0,0.0,-0.0004755665834777,0.0172025341191617,0.0419812214543,True
MEX,PBI,high,r3,0.0,0.0,0.0046007052422579,0.0164327509270615,0.0330229279462745,True
MEX,UBI,high,r3,0.0,0.0,0.0026365573297659,0.0070566790978358,0.0132516666761936,True
MEX,PEN,high,r4,0.0,0.0,-0.0193161200512966,0.0343127555768788,0.1104703071755168,True
MEX,GMI:GMI_ideal_aggregate,high,r4,0.0,0.0,-0.2137022345146818,-0.1284763270072125,-0.0080382547763033,True
MEX,GMI:GMI_loaded_aggregate,high,r4,0.0,0.0,-0.1424681563431212,-0.085650884671475,-0.0053588365175355,True
MEX,MUT,high,r4,0.0,0.0,0.006617158757291,0.0282819661119027,0.0590633355969676,True
MEX,PBI,high,r4,0.0,0.0,0.0092608656681464,0.0237468076050107,0.0443617820436545,True
MEX,UBI,high,r4,0.0,0.0,0.0043607739331327,0.0097661923261824,0.0174683855953824,True
MEX,PEN,stress,r0,0.0004,0.0,0.265074647436025,0.4476244267936916,0.7084522937447427,True
MEX,GMI:GMI_ideal_aggregate,stress,r0,0.0272,0.0128,0.2310759273027891,0.5196213842694661,0.9318963063419696,True
MEX,GMI:GMI_loaded_aggregate,stress,r0,0.0002,0.0,0.1540506182018594,0.3464142561796441,0.6212642042279799,True
MEX,MUT,stress,r0,0.0,0.0,0.122062467631799,0.1959301046152683,0.3014724846658292,True
MEX,PBI,stress,r0,0.0,0.0,0.0866638044311187,0.1361114139579177,0.206762359492253,True
MEX,UBI,stress,r0,0.0,0.0,0.0332909270656976,0.0517578363115649,0.0781434313242051,True
MEX,PEN,stress,r1,0.0012,0.0,0.2709671086476015,0.4572767632771373,0.7204686352659257,True
MEX,GMI:GMI_ideal_aggregate,stress,r1,0.0366,0.017,0.2428532309855549,0.5373868130738446,0.9533760145907628,True
MEX,GMI:GMI_loaded_aggregate,stress,r1,0.0002,0.0,0.1619021539903699,0.3582578753825631,0.6355840097271754,True
MEX,MUT,stress,r1,0.0,0.0,0.1242224470596768,0.1996349150947461,0.3061382043559623,True
MEX,PBI,stress,r1,0.0,0.0,0.0880450297511193,0.1385239085113201,0.2098198219836203,True
MEX,UBI,stress,r1,0.0,0.0,0.0337947142550025,0.0526462053275017,0.0792730394225058,True
MEX,PEN,stress,r2,0.0024,0.0006,0.2924286717546551,0.4857533099123644,0.766915863128704,True
MEX,GMI:GMI_ideal_aggregate,stress,r2,0.0612,0.0278,0.277055001716377,0.5827507457214915,1.0267327325955586,True
MEX,GMI:GMI_loaded_aggregate,stress,r2,0.001,0.0,0.1847033344775847,0.3885004971476611,0.6844884883970392,True
MEX,MUT,stress,r2,0.0,0.0,0.1329048983249126,0.2111332032782975,0.3249370915325985,True
MEX,PBI,stress,r2,0.0,0.0,0.0938465166795945,0.1462066603364126,0.222405011225466,True
MEX,UBI,stress,r2,0.0,0.0,0.035959572780435,0.055516036126828,0.08397116540087,True
MEX,PEN,stress,r3,0.0006,0.0,0.2644017986362227,0.448621818180242,0.7104521552718688,True
MEX,GMI:GMI_ideal_aggregate,stress,r3,0.032,0.0116,0.2316818814122558,0.5225120404919723,0.936624677979932,True
MEX,GMI:GMI_loaded_aggregate,stress,r3,0.0002,0.0,0.1544545876081706,0.3483413603279816,0.6244164519866213,True
MEX,MUT,stress,r3,0.0,0.0,0.121659018505083,0.1962558854534711,0.3021582603737206,True
MEX,PBI,stress,r3,0.0,0.0,0.0863498240618508,0.1363016102025013,0.2071801022542207,True
MEX,UBI,stress,r3,0.0,0.0,0.0331654675910025,0.0518235808019907,0.0782917272762621,True
MEX,PEN,stress,r4,0.0208,0.0068,0.3535421622768149,0.5831389595165289,0.9060469444750088,True
MEX,GMI:GMI_ideal_aggregate,stress,r4,0.1936,0.1172,0.3759045950549198,0.7393964315952275,1.249065712637935,True
MEX,GMI:GMI_loaded_aggregate,stress,r4,0.0094,0.004,0.2506030633699466,0.4929309543968184,0.8327104750919567,True
MEX,MUT,stress,r4,0.0,0.0,0.1574120544537486,0.2503397630610769,0.381016837413524,True
MEX,PBI,stress,r4,0.0,0.0,0.1101770819523971,0.1723925035955529,0.2598801010651153,True
MEX,UBI,stress,r4,0.0,0.0,0.0420442778639753,0.0652793416555496,0.0979600149009156,True
