run_id,country_id,policy_variant_id,scenario_id,regime_id,parameter_name,parameter_country_id,parameter_scenario_id,parameter_policy_id,parameter_regime_id,spearman_rho_with_v_gross,abs_spearman_rho,parameter_p10,parameter_p90,v_gross_at_parameter_p10_others_central,v_gross_at_parameter_p90_others_central,tornado_abs_range,parameter_set_id,dataset_version,rank_within_cell,extension_id
official_4c_tierB_mc_baseline_official_v3,CHL,GMI:GMI_ideal_aggregate,mid,r0,phi_raw_mid,,mid,,,0.6447794844151792,0.6447794844151792,0.0033623763790027006,0.0051462313425142785,-0.4943913900020135,0.5742143992994916,1.068605789301505,baseline-official-v3,v1.0.1-official-4c,1,OMEGA_I_REPORTING_EXTENSION_2026_07_10
official_4c_tierB_mc_baseline_official_v3,CHL,GMI:GMI_ideal_aggregate,mid,r0,E_prod_frontier,,,,,-0.4430377398335096,0.4430377398335096,0.12069628939452977,0.163585990418665,0.029877676574102462,-0.6354951783152265,0.665372854889329,baseline-official-v3,v1.0.1-official-4c,2,OMEGA_I_REPORTING_EXTENSION_2026_07_10
official_4c_tierB_mc_baseline_official_v3,CHL,GMI:GMI_ideal_aggregate,mid,r0,q_use_target,CHL,,,,0.4296389804175592,0.4296389804175592,0.11175467645341712,0.15158690065862226,-0.23768679192662223,0.5870594799031456,0.8247462718297678,baseline-official-v3,v1.0.1-official-4c,3,OMEGA_I_REPORTING_EXTENSION_2026_07_10
official_4c_tierB_mc_baseline_official_v3,CHL,GMI:GMI_ideal_aggregate,mid,r0,E_prod,CHL,,,,0.3929554653822186,0.3929554653822186,0.09472784279378008,0.1247286547279487,-0.174055852196082,0.5675897358293431,0.7416455880254251,baseline-official-v3,v1.0.1-official-4c,4,OMEGA_I_REPORTING_EXTENSION_2026_07_10
official_4c_tierB_mc_baseline_official_v3,CHL,GMI:GMI_ideal_aggregate,mid,r0,chi_Kbase,CHL,,,,0.07967098321883932,0.07967098321883932,0.6248705357753754,0.7757486717199323,0.129093381876173,0.25274250931626724,0.12364912744009424,baseline-official-v3,v1.0.1-official-4c,5,OMEGA_I_REPORTING_EXTENSION_2026_07_10
official_4c_tierB_mc_baseline_official_v3,CHL,GMI:GMI_ideal_aggregate,mid,r0,psi_shift,CHL,,,,-0.07945234090609363,0.07945234090609363,0.07482357226028323,0.22551273350112164,0.3989220028998276,0.2205038646276389,0.1784181382721887,baseline-official-v3,v1.0.1-official-4c,6,OMEGA_I_REPORTING_EXTENSION_2026_07_10
official_4c_tierB_mc_baseline_official_v3,CHL,GMI:GMI_ideal_aggregate,mid,r0,mpc_W,CHL,,,,0.0466798327151933,0.0466798327151933,0.6607689795727487,0.7856919346470476,0.13981914824131986,0.25811287559384577,0.11829372735252591,baseline-official-v3,v1.0.1-official-4c,7,OMEGA_I_REPORTING_EXTENSION_2026_07_10
official_4c_tierB_mc_baseline_official_v3,CHL,GMI:GMI_ideal_aggregate,mid,r0,chi_dom,CHL,,,,0.04166470131458805,0.04166470131458805,0.9038425817452265,0.9772879082728718,0.1352538000059762,0.19872409764959711,0.06347029764362092,baseline-official-v3,v1.0.1-official-4c,8,OMEGA_I_REPORTING_EXTENSION_2026_07_10
official_4c_tierB_mc_baseline_official_v3,CHL,GMI:GMI_ideal_aggregate,mid,r0,mpc_Pi,CHL,,,,0.04086353059454122,0.04086353059454122,0.2909386195146852,0.44178047016003535,0.14206353222310195,0.22194657100052553,0.07988303877742359,baseline-official-v3,v1.0.1-official-4c,9,OMEGA_I_REPORTING_EXTENSION_2026_07_10
official_4c_tierB_mc_baseline_official_v3,CHL,GMI:GMI_ideal_aggregate,mid,r0,E_aug,CHL,,,,-0.027095011419800454,0.027095011419800454,0.09467287528848896,0.1248197592308635,0.24995393692302537,0.26249806185055535,0.012544124927529987,baseline-official-v3,v1.0.1-official-4c,10,OMEGA_I_REPORTING_EXTENSION_2026_07_10
official_4c_tierB_mc_baseline_official_v3,CHL,GMI:GMI_ideal_aggregate,mid,r0,nu_G,CHL,,,,-0.02028524980340999,0.02028524980340999,0.24396139853734505,0.7532297223112419,-0.2005978803859696,-0.2005978803859696,0.0,baseline-official-v3,v1.0.1-official-4c,11,OMEGA_I_REPORTING_EXTENSION_2026_07_10
official_4c_tierB_mc_baseline_official_v3,CHL,GMI:GMI_ideal_aggregate,mid,r0,omega_G,CHL,,,,-0.019014839224593568,0.019014839224593568,0.36994477029217154,0.6259135586848656,-0.2005978803859696,-0.2005978803859696,0.0,baseline-official-v3,v1.0.1-official-4c,12,OMEGA_I_REPORTING_EXTENSION_2026_07_10
official_4c_tierB_mc_baseline_official_v3,CHL,GMI:GMI_ideal_aggregate,mid,r0,lambda_AI_mid,,mid,,,-0.011959732222389288,0.011959732222389288,0.01966857785437668,0.04482463014961301,0.31816423441259584,0.31816423441259584,0.0,baseline-official-v3,v1.0.1-official-4c,13,OMEGA_I_REPORTING_EXTENSION_2026_07_10
official_4c_tierB_mc_baseline_official_v3,CHL,GMI:GMI_ideal_aggregate,mid,r0,A_aipi_total,CHL,,,,0.011686858739474348,0.011686858739474348,0.5599695376072014,0.610614164542983,-0.2005978803859696,-0.2005978803859696,0.0,baseline-official-v3,v1.0.1-official-4c,14,OMEGA_I_REPORTING_EXTENSION_2026_07_10
official_4c_tierB_mc_baseline_official_v3,CHL,GMI:GMI_ideal_aggregate,mid,r0,nu_A,CHL,,,,-0.010627081673083266,0.010627081673083266,0.6077623391978197,1.4812586931073428,-0.2005978803859696,-0.2005978803859696,0.0,baseline-official-v3,v1.0.1-official-4c,15,OMEGA_I_REPORTING_EXTENSION_2026_07_10
official_4c_tierB_mc_baseline_official_v3,CHL,GMI:GMI_ideal_aggregate,mid,r0,nu_I,CHL,,,,-0.007840150105606004,0.007840150105606004,0.24246199821836284,0.7537963531069594,-0.2005978803859696,-0.2005978803859696,0.0,baseline-official-v3,v1.0.1-official-4c,16,OMEGA_I_REPORTING_EXTENSION_2026_07_10
official_4c_tierB_mc_baseline_official_v3,CHL,GMI:GMI_ideal_aggregate,mid,r0,mpc_R,CHL,,,,0.006553339942133597,0.006553339942133597,0.4753053727278436,0.6264911804872572,0.1683799716659444,0.20606091019266598,0.03768093852672158,baseline-official-v3,v1.0.1-official-4c,17,OMEGA_I_REPORTING_EXTENSION_2026_07_10
official_4c_tierB_mc_baseline_official_v3,CHL,GMI:GMI_ideal_aggregate,mid,r0,I_adopt_informality,CHL,,,,0.0061982059759282376,0.0061982059759282376,0.25426383174960837,0.29459060417037536,-0.2005978803859696,-0.2005978803859696,0.0,baseline-official-v3,v1.0.1-official-4c,18,OMEGA_I_REPORTING_EXTENSION_2026_07_10
official_4c_tierB_mc_baseline_official_v3,CHL,GMI:GMI_ideal_aggregate,mid,r0,Gap_excluded_indicators,CHL,,,,0.003088307547532302,0.003088307547532302,0.06362966815059384,0.11438431509878386,-0.2005978803859696,-0.2005978803859696,0.0,baseline-official-v3,v1.0.1-official-4c,19,OMEGA_I_REPORTING_EXTENSION_2026_07_10
official_4c_tierB_mc_baseline_official_v3,CHL,GMI:GMI_ideal_aggregate,mid,r0,omega_I,CHL,,,,0.002344828701793148,0.002344828701793148,0.37201684780830735,0.6255980000263197,-0.2005978803859696,-0.2005978803859696,0.0,baseline-official-v3,v1.0.1-official-4c,20,OMEGA_I_REPORTING_EXTENSION_2026_07_10
official_4c_tierB_mc_baseline_official_v3,CHL,GMI:GMI_ideal_aggregate,mid,r0,RST,CHL,,,,-0.0013483276379331055,0.0013483276379331055,0.2472922559576586,0.751571223358716,0.2506560980209835,0.2580000124490043,0.007343914428020792,baseline-official-v3,v1.0.1-official-4c,21,OMEGA_I_REPORTING_EXTENSION_2026_07_10
official_4c_tierB_mc_baseline_official_v3,CHL,GMI:GMI_ideal_aggregate,stress,r0,phi_raw_stress,,stress,,,0.5433955802318231,0.5433955802318231,0.012476334098722085,0.0176006250274764,4.6736257306647255,7.839426328218405,3.1658005975536794,baseline-official-v3,v1.0.1-official-4c,1,OMEGA_I_REPORTING_EXTENSION_2026_07_10
official_4c_tierB_mc_baseline_official_v3,CHL,GMI:GMI_ideal_aggregate,stress,r0,q_use_target,CHL,,,,0.47623814212152565,0.47623814212152565,0.11175467645341712,0.15158690065862226,4.935405121558402,7.797058447082407,2.8616533255240055,baseline-official-v3,v1.0.1-official-4c,2,OMEGA_I_REPORTING_EXTENSION_2026_07_10
official_4c_tierB_mc_baseline_official_v3,CHL,GMI:GMI_ideal_aggregate,stress,r0,E_prod_frontier,,,,,-0.4439091581723663,0.4439091581723663,0.12069628939452977,0.163585990418665,5.861159703427075,3.5725157983848486,2.288643905042226,baseline-official-v3,v1.0.1-official-4c,3,OMEGA_I_REPORTING_EXTENSION_2026_07_10
official_4c_tierB_mc_baseline_official_v3,CHL,GMI:GMI_ideal_aggregate,stress,r0,E_prod,CHL,,,,0.4419253111810124,0.4419253111810124,0.09472784279378008,0.1247286547279487,5.164976646395895,7.772672076782707,2.607695430386812,baseline-official-v3,v1.0.1-official-4c,4,OMEGA_I_REPORTING_EXTENSION_2026_07_10
official_4c_tierB_mc_baseline_official_v3,CHL,GMI:GMI_ideal_aggregate,stress,r0,chi_Kbase,CHL,,,,0.11286877229075087,0.11286877229075087,0.6248705357753754,0.7757486717199323,6.197416152449428,6.65150688991609,0.45409073746666184,baseline-official-v3,v1.0.1-official-4c,5,OMEGA_I_REPORTING_EXTENSION_2026_07_10
official_4c_tierB_mc_baseline_official_v3,CHL,GMI:GMI_ideal_aggregate,stress,r0,psi_shift,CHL,,,,-0.10034659639786385,0.10034659639786385,0.07482357226028323,0.22551273350112164,7.184999037232339,6.5291257501936295,0.6558732870387098,baseline-official-v3,v1.0.1-official-4c,6,OMEGA_I_REPORTING_EXTENSION_2026_07_10
official_4c_tierB_mc_baseline_official_v3,CHL,GMI:GMI_ideal_aggregate,stress,r0,mpc_W,CHL,,,,0.057703146436125854,0.057703146436125854,0.6607689795727487,0.7856919346470476,6.235423026370529,6.647220962779768,0.411797936409239,baseline-official-v3,v1.0.1-official-4c,7,OMEGA_I_REPORTING_EXTENSION_2026_07_10
official_4c_tierB_mc_baseline_official_v3,CHL,GMI:GMI_ideal_aggregate,stress,r0,chi_dom,CHL,,,,0.04732427200497087,0.04732427200497087,0.9038425817452265,0.9772879082728718,6.22003975578234,6.453128940161612,0.2330891843792724,baseline-official-v3,v1.0.1-official-4c,8,OMEGA_I_REPORTING_EXTENSION_2026_07_10
official_4c_tierB_mc_baseline_official_v3,CHL,GMI:GMI_ideal_aggregate,stress,r0,mpc_Pi,CHL,,,,0.03474193828567753,0.03474193828567753,0.2909386195146852,0.44178047016003535,6.244608964816304,6.537972522978833,0.2933635581625289,baseline-official-v3,v1.0.1-official-4c,9,OMEGA_I_REPORTING_EXTENSION_2026_07_10
official_4c_tierB_mc_baseline_official_v3,CHL,GMI:GMI_ideal_aggregate,stress,r0,omega_G,CHL,,,,-0.02836691700667668,0.02836691700667668,0.36994477029217154,0.6259135586848656,5.062356604941471,5.062356604941471,0.0,baseline-official-v3,v1.0.1-official-4c,10,OMEGA_I_REPORTING_EXTENSION_2026_07_10
official_4c_tierB_mc_baseline_official_v3,CHL,GMI:GMI_ideal_aggregate,stress,r0,lambda_AI_stress,,stress,,,0.020626725945069035,0.020626725945069035,0.07497019647801369,0.12541556544458626,6.888129763824569,6.888129763824569,0.0,baseline-official-v3,v1.0.1-official-4c,11,OMEGA_I_REPORTING_EXTENSION_2026_07_10
official_4c_tierB_mc_baseline_official_v3,CHL,GMI:GMI_ideal_aggregate,stress,r0,nu_G,CHL,,,,-0.016895108355804333,0.016895108355804333,0.24396139853734505,0.7532297223112419,5.062356604941471,5.062356604941471,0.0,baseline-official-v3,v1.0.1-official-4c,12,OMEGA_I_REPORTING_EXTENSION_2026_07_10
official_4c_tierB_mc_baseline_official_v3,CHL,GMI:GMI_ideal_aggregate,stress,r0,omega_I,CHL,,,,-0.014677598699103945,0.014677598699103945,0.37201684780830735,0.6255980000263197,5.062356604941471,5.062356604941471,0.0,baseline-official-v3,v1.0.1-official-4c,13,OMEGA_I_REPORTING_EXTENSION_2026_07_10
official_4c_tierB_mc_baseline_official_v3,CHL,GMI:GMI_ideal_aggregate,stress,r0,I_adopt_informality,CHL,,,,0.011575874959034997,0.011575874959034997,0.25426383174960837,0.29459060417037536,5.062356604941471,5.062356604941471,0.0,baseline-official-v3,v1.0.1-official-4c,14,OMEGA_I_REPORTING_EXTENSION_2026_07_10
official_4c_tierB_mc_baseline_official_v3,CHL,GMI:GMI_ideal_aggregate,stress,r0,RST,CHL,,,,0.009038639593545582,0.009038639593545582,0.2472922559576586,0.751571223358716,6.663491009029741,6.671697009122117,0.008206000092376264,baseline-official-v3,v1.0.1-official-4c,15,OMEGA_I_REPORTING_EXTENSION_2026_07_10
official_4c_tierB_mc_baseline_official_v3,CHL,GMI:GMI_ideal_aggregate,stress,r0,E_aug,CHL,,,,-0.00841075982443039,0.00841075982443039,0.09467287528848896,0.1248197592308635,6.662706422813333,6.676723074467296,0.014016651653963486,baseline-official-v3,v1.0.1-official-4c,16,OMEGA_I_REPORTING_EXTENSION_2026_07_10
official_4c_tierB_mc_baseline_official_v3,CHL,GMI:GMI_ideal_aggregate,stress,r0,Gap_excluded_indicators,CHL,,,,-0.005971308334852333,0.005971308334852333,0.06362966815059384,0.11438431509878386,5.062356604941471,5.062356604941471,0.0,baseline-official-v3,v1.0.1-official-4c,17,OMEGA_I_REPORTING_EXTENSION_2026_07_10
official_4c_tierB_mc_baseline_official_v3,CHL,GMI:GMI_ideal_aggregate,stress,r0,mpc_R,CHL,,,,0.005723931588957262,0.005723931588957262,0.4753053727278436,0.6264911804872572,6.341253814978199,6.479633806153833,0.1383799911756345,baseline-official-v3,v1.0.1-official-4c,18,OMEGA_I_REPORTING_EXTENSION_2026_07_10
official_4c_tierB_mc_baseline_official_v3,CHL,GMI:GMI_ideal_aggregate,stress,r0,nu_I,CHL,,,,-0.004471266322850652,0.004471266322850652,0.24246199821836284,0.7537963531069594,5.062356604941471,5.062356604941471,0.0,baseline-official-v3,v1.0.1-official-4c,19,OMEGA_I_REPORTING_EXTENSION_2026_07_10
official_4c_tierB_mc_baseline_official_v3,CHL,GMI:GMI_ideal_aggregate,stress,r0,A_aipi_total,CHL,,,,0.003681602547264101,0.003681602547264101,0.5599695376072014,0.610614164542983,5.062356604941471,5.062356604941471,0.0,baseline-official-v3,v1.0.1-official-4c,20,OMEGA_I_REPORTING_EXTENSION_2026_07_10
official_4c_tierB_mc_baseline_official_v3,CHL,GMI:GMI_ideal_aggregate,stress,r0,nu_A,CHL,,,,-0.002849681585987263,0.002849681585987263,0.6077623391978197,1.4812586931073428,5.062356604941471,5.062356604941471,0.0,baseline-official-v3,v1.0.1-official-4c,21,OMEGA_I_REPORTING_EXTENSION_2026_07_10
official_4c_tierB_mc_baseline_official_v3,CHL,GMI:GMI_ideal_aggregate,stress,r4,phi_raw_stress,,stress,,,0.5393284014451359,0.5393284014451359,0.012476334098722085,0.0176006250274764,7.525629912439752,11.9192065244352,4.3935766119954485,baseline-official-v3,v1.0.1-official-4c,1,OMEGA_I_REPORTING_EXTENSION_2026_07_10
official_4c_tierB_mc_baseline_official_v3,CHL,GMI:GMI_ideal_aggregate,stress,r4,q_use_target,CHL,,,,0.4743830211513208,0.4743830211513208,0.11175467645341712,0.15158690065862226,7.892271070654689,11.860797273616061,3.968526202961372,baseline-official-v3,v1.0.1-official-4c,2,OMEGA_I_REPORTING_EXTENSION_2026_07_10
official_4c_tierB_mc_baseline_official_v3,CHL,GMI:GMI_ideal_aggregate,stress,r4,E_prod,CHL,,,,0.44211254574850173,0.44211254574850173,0.09472784279378008,0.1247286547279487,8.207538903583162,11.826563318136689,3.619024414553527,baseline-official-v3,v1.0.1-official-4c,3,OMEGA_I_REPORTING_EXTENSION_2026_07_10
official_4c_tierB_mc_baseline_official_v3,CHL,GMI:GMI_ideal_aggregate,stress,r4,E_prod_frontier,,,,,-0.44165174381006966,0.44165174381006966,0.12069628939452977,0.163585990418665,9.176969798164615,6.000615202655937,3.176354595508678,baseline-official-v3,v1.0.1-official-4c,4,OMEGA_I_REPORTING_EXTENSION_2026_07_10
official_4c_tierB_mc_baseline_official_v3,CHL,GMI:GMI_ideal_aggregate,stress,r4,chi_Kbase,CHL,,,,0.11011649115665963,0.11011649115665963,0.6248705357753754,0.7757486717199323,9.743722129335923,10.463165070364736,0.719442941028813,baseline-official-v3,v1.0.1-official-4c,5,OMEGA_I_REPORTING_EXTENSION_2026_07_10
official_4c_tierB_mc_baseline_official_v3,CHL,GMI:GMI_ideal_aggregate,stress,r4,tau_AI_eff_r4,,,,r4,0.08724047427361896,0.08724047427361896,0.05828877175353316,0.11319218472569177,10.177721448484315,10.749036649697262,0.571315201212947,baseline-official-v3,v1.0.1-official-4c,6,OMEGA_I_REPORTING_EXTENSION_2026_07_10
official_4c_tierB_mc_baseline_official_v3,CHL,GMI:GMI_ideal_aggregate,stress,r4,lambda_AI_stress,,stress,,,0.07637210955088437,0.07637210955088437,0.07497019647801369,0.12541556544458626,10.185971027423555,10.8207245408837,0.6347535134601454,baseline-official-v3,v1.0.1-official-4c,7,OMEGA_I_REPORTING_EXTENSION_2026_07_10
official_4c_tierB_mc_baseline_official_v3,CHL,GMI:GMI_ideal_aggregate,stress,r4,psi_shift,CHL,,,,-0.07349847413993896,0.07349847413993896,0.07482357226028323,0.22551273350112164,10.27989679979318,9.64531345973486,0.6345833400583203,baseline-official-v3,v1.0.1-official-4c,8,OMEGA_I_REPORTING_EXTENSION_2026_07_10
official_4c_tierB_mc_baseline_official_v3,CHL,GMI:GMI_ideal_aggregate,stress,r4,tau_C_relative_delta_r4,,,,r4,0.05386262077850482,0.05386262077850482,0.1989266753320453,0.2997529275256556,10.439571697415095,10.74673039445196,0.30715869703686494,baseline-official-v3,v1.0.1-official-4c,9,OMEGA_I_REPORTING_EXTENSION_2026_07_10
official_4c_tierB_mc_baseline_official_v3,CHL,GMI:GMI_ideal_aggregate,stress,r4,mpc_W,CHL,,,,0.0504452275218091,0.0504452275218091,0.6607689795727487,0.7856919346470476,9.753660327906523,10.24958591907433,0.495925591167806,baseline-official-v3,v1.0.1-official-4c,10,OMEGA_I_REPORTING_EXTENSION_2026_07_10
official_4c_tierB_mc_baseline_official_v3,CHL,GMI:GMI_ideal_aggregate,stress,r4,chi_dom,CHL,,,,0.043416431432657256,0.043416431432657256,0.9038425817452265,0.9772879082728718,9.855994861275514,10.193536713001567,0.3375418517260531,baseline-official-v3,v1.0.1-official-4c,11,OMEGA_I_REPORTING_EXTENSION_2026_07_10
official_4c_tierB_mc_baseline_official_v3,CHL,GMI:GMI_ideal_aggregate,stress,r4,epsilon_ero_C_r4,,,,r4,-0.04203452462538098,0.04203452462538098,0.23590872668961482,0.7562384296828005,10.434274635827073,10.02584833712195,0.40842629870512326,baseline-official-v3,v1.0.1-official-4c,12,OMEGA_I_REPORTING_EXTENSION_2026_07_10
official_4c_tierB_mc_baseline_official_v3,CHL,GMI:GMI_ideal_aggregate,stress,r4,mpc_Pi,CHL,,,,0.031247786785911467,0.031247786785911467,0.2909386195146852,0.44178047016003535,9.809296905800654,10.240526181303283,0.4312292755026288,baseline-official-v3,v1.0.1-official-4c,13,OMEGA_I_REPORTING_EXTENSION_2026_07_10
official_4c_tierB_mc_baseline_official_v3,CHL,GMI:GMI_ideal_aggregate,stress,r4,omega_G,CHL,,,,-0.03055194659807786,0.03055194659807786,0.36994477029217154,0.6259135586848656,8.068329923175197,8.068329923175197,0.0,baseline-official-v3,v1.0.1-official-4c,14,OMEGA_I_REPORTING_EXTENSION_2026_07_10
official_4c_tierB_mc_baseline_official_v3,CHL,GMI:GMI_ideal_aggregate,stress,r4,epsilon_ero_L_r4,,,,r4,-0.024670280570811224,0.024670280570811224,0.23878547629914423,0.7476712213816119,10.226242920134991,9.962190058631307,0.2640528615036839,baseline-official-v3,v1.0.1-official-4c,15,OMEGA_I_REPORTING_EXTENSION_2026_07_10
official_4c_tierB_mc_baseline_official_v3,CHL,GMI:GMI_ideal_aggregate,stress,r4,tau_L_relative_delta_r4,,,,r4,0.020128451653138063,0.020128451653138063,0.1985691187819181,0.3007676944811119,10.289078068367356,10.687618006397962,0.3985399380306056,baseline-official-v3,v1.0.1-official-4c,16,OMEGA_I_REPORTING_EXTENSION_2026_07_10
official_4c_tierB_mc_baseline_official_v3,CHL,GMI:GMI_ideal_aggregate,stress,r4,nu_G,CHL,,,,-0.019962922974516916,0.019962922974516916,0.24396139853734505,0.7532297223112419,8.068329923175197,8.068329923175197,0.0,baseline-official-v3,v1.0.1-official-4c,17,OMEGA_I_REPORTING_EXTENSION_2026_07_10
official_4c_tierB_mc_baseline_official_v3,CHL,GMI:GMI_ideal_aggregate,stress,r4,tau_K_relative_delta_r4,,,,r4,0.019740159093606362,0.019740159093606362,0.198068948601719,0.3011331798178291,10.4539399861243,10.641214308882603,0.18727432275830225,baseline-official-v3,v1.0.1-official-4c,18,OMEGA_I_REPORTING_EXTENSION_2026_07_10
official_4c_tierB_mc_baseline_official_v3,CHL,GMI:GMI_ideal_aggregate,stress,r4,base_broadening_delta_r4,,,,r4,0.017267050482682015,0.017267050482682015,0.1495129425166417,0.2507418641860534,10.249714596887733,10.29189213164758,0.042177534759847646,baseline-official-v3,v1.0.1-official-4c,19,OMEGA_I_REPORTING_EXTENSION_2026_07_10
official_4c_tierB_mc_baseline_official_v3,CHL,GMI:GMI_ideal_aggregate,stress,r4,omega_I,CHL,,,,-0.01491646331665853,0.01491646331665853,0.37201684780830735,0.6255980000263197,8.068329923175197,8.068329923175197,0.0,baseline-official-v3,v1.0.1-official-4c,20,OMEGA_I_REPORTING_EXTENSION_2026_07_10
official_4c_tierB_mc_baseline_official_v3,CHL,GMI:GMI_ideal_aggregate,stress,r4,I_adopt_informality,CHL,,,,0.012097676451907055,0.012097676451907055,0.25426383174960837,0.29459060417037536,8.068329923175197,8.068329923175197,0.0,baseline-official-v3,v1.0.1-official-4c,21,OMEGA_I_REPORTING_EXTENSION_2026_07_10
official_4c_tierB_mc_baseline_official_v3,CHL,GMI:GMI_ideal_aggregate,stress,r4,leakage_multiplier_r4,,,,r4,-0.01162639956905598,0.01162639956905598,0.4244512024869409,0.5767071394802882,10.243576463314609,10.222771112260034,0.020805351054574928,baseline-official-v3,v1.0.1-official-4c,22,OMEGA_I_REPORTING_EXTENSION_2026_07_10
official_4c_tierB_mc_baseline_official_v3,CHL,GMI:GMI_ideal_aggregate,stress,r4,E_aug,CHL,,,,-0.0113247675569907,0.0113247675569907,0.09467287528848896,0.1248197592308635,10.01318081810628,10.031191214160653,0.0180103960543736,baseline-official-v3,v1.0.1-official-4c,23,OMEGA_I_REPORTING_EXTENSION_2026_07_10
official_4c_tierB_mc_baseline_official_v3,CHL,GMI:GMI_ideal_aggregate,stress,r4,RST,CHL,,,,0.01118798127951925,0.01118798127951925,0.2472922559576586,0.751571223358716,10.015688927363863,10.026233174853143,0.010544247489280067,baseline-official-v3,v1.0.1-official-4c,24,OMEGA_I_REPORTING_EXTENSION_2026_07_10
official_4c_tierB_mc_baseline_official_v3,CHL,GMI:GMI_ideal_aggregate,stress,r4,Gap_excluded_indicators,CHL,,,,-0.008665458106618323,0.008665458106618323,0.06362966815059384,0.11438431509878386,8.068329923175197,8.068329923175197,0.0,baseline-official-v3,v1.0.1-official-4c,25,OMEGA_I_REPORTING_EXTENSION_2026_07_10
official_4c_tierB_mc_baseline_official_v3,CHL,GMI:GMI_ideal_aggregate,stress,r4,epsilon_ero_K_r4,,,,r4,-0.008285834923433395,0.008285834923433395,0.24476746700853239,0.7511321549066163,10.131546570062518,10.017325156265127,0.11422141379739159,baseline-official-v3,v1.0.1-official-4c,26,OMEGA_I_REPORTING_EXTENSION_2026_07_10
official_4c_tierB_mc_baseline_official_v3,CHL,GMI:GMI_ideal_aggregate,stress,r4,mpc_R,CHL,,,,0.004417648688705947,0.004417648688705947,0.4753053727278436,0.6264911804872572,9.847789471145486,10.00028965919891,0.15250018805342336,baseline-official-v3,v1.0.1-official-4c,27,OMEGA_I_REPORTING_EXTENSION_2026_07_10
official_4c_tierB_mc_baseline_official_v3,CHL,GMI:GMI_ideal_aggregate,stress,r4,A_aipi_total,CHL,,,,0.003136914365476574,0.003136914365476574,0.5599695376072014,0.610614164542983,8.068329923175197,8.068329923175197,0.0,baseline-official-v3,v1.0.1-official-4c,28,OMEGA_I_REPORTING_EXTENSION_2026_07_10
official_4c_tierB_mc_baseline_official_v3,CHL,GMI:GMI_ideal_aggregate,stress,r4,nu_I,CHL,,,,-0.0013873348394933933,0.0013873348394933933,0.24246199821836284,0.7537963531069594,8.068329923175197,8.068329923175197,0.0,baseline-official-v3,v1.0.1-official-4c,29,OMEGA_I_REPORTING_EXTENSION_2026_07_10
official_4c_tierB_mc_baseline_official_v3,CHL,GMI:GMI_ideal_aggregate,stress,r4,epsilon_ero_AI_r4,,,,r4,0.0009835685193427407,0.0009835685193427407,0.24505425323660768,0.7476570210601251,10.23942132549,10.214724056051153,0.024697269438846092,baseline-official-v3,v1.0.1-official-4c,30,OMEGA_I_REPORTING_EXTENSION_2026_07_10
official_4c_tierB_mc_baseline_official_v3,CHL,GMI:GMI_ideal_aggregate,stress,r4,nu_A,CHL,,,,-0.000927136453085458,0.000927136453085458,0.6077623391978197,1.4812586931073428,8.068329923175197,8.068329923175197,0.0,baseline-official-v3,v1.0.1-official-4c,31,OMEGA_I_REPORTING_EXTENSION_2026_07_10
official_4c_tierB_mc_baseline_official_v3,PER,PEN,stress,r2,phi_raw_stress,,stress,,,0.5230882728915309,0.5230882728915309,0.012476334098722085,0.0176006250274764,1.3871712312750322,2.1274696633730934,0.7402984320980612,baseline-official-v3,v1.0.1-official-4c,1,OMEGA_I_REPORTING_EXTENSION_2026_07_10
official_4c_tierB_mc_baseline_official_v3,PER,PEN,stress,r2,q_use_target,PER,,,,0.48073564150142556,0.48073564150142556,0.09376620202666944,0.12758020720387694,1.4501731011039343,2.1274043232867714,0.6772312221828372,baseline-official-v3,v1.0.1-official-4c,2,OMEGA_I_REPORTING_EXTENSION_2026_07_10
official_4c_tierB_mc_baseline_official_v3,PER,PEN,stress,r2,E_prod,PER,,,,0.4553146675885867,0.4553146675885867,0.09413486371927185,0.12529304132162275,1.490561803579347,2.1235614351199117,0.6329996315405646,baseline-official-v3,v1.0.1-official-4c,3,OMEGA_I_REPORTING_EXTENSION_2026_07_10
official_4c_tierB_mc_baseline_official_v3,PER,PEN,stress,r2,E_prod_frontier,,,,,-0.4479126451805058,0.4479126451805058,0.12069628939452977,0.163585990418665,1.6658133511034385,1.128734338169833,0.5370790129336056,baseline-official-v3,v1.0.1-official-4c,4,OMEGA_I_REPORTING_EXTENSION_2026_07_10
official_4c_tierB_mc_baseline_official_v3,PER,PEN,stress,r2,psi_shift,PER,,,,-0.08270735370829414,0.08270735370829414,0.07396944209176616,0.22619613541280964,1.979207785468829,1.861540411536674,0.11766737393215498,baseline-official-v3,v1.0.1-official-4c,5,OMEGA_I_REPORTING_EXTENSION_2026_07_10
official_4c_tierB_mc_baseline_official_v3,PER,PEN,stress,r2,chi_Kbase,PER,,,,0.07339161087166443,0.07339161087166443,0.6243797805187852,0.7750998826646497,1.9349791896851125,2.050587319349929,0.11560812966481637,baseline-official-v3,v1.0.1-official-4c,6,OMEGA_I_REPORTING_EXTENSION_2026_07_10
official_4c_tierB_mc_baseline_official_v3,PER,PEN,stress,r2,mpc_Pi,PER,,,,0.061342052021682074,0.061342052021682074,0.2955267214721878,0.4486299858202504,1.9637480658688535,2.0394648275329845,0.075716761664131,baseline-official-v3,v1.0.1-official-4c,7,OMEGA_I_REPORTING_EXTENSION_2026_07_10
official_4c_tierB_mc_baseline_official_v3,PER,PEN,stress,r2,mpc_W,PER,,,,0.04914172228566888,0.04914172228566888,0.6701079899128677,0.7963748978429358,1.9505656380533298,2.0369633552972832,0.0863977172439534,baseline-official-v3,v1.0.1-official-4c,8,OMEGA_I_REPORTING_EXTENSION_2026_07_10
official_4c_tierB_mc_baseline_official_v3,PER,PEN,stress,r2,chi_dom,PER,,,,0.04040857697634307,0.04040857697634307,0.9038195656304147,0.9757122405528698,1.958063203982853,2.0189506227712806,0.06088741878842763,baseline-official-v3,v1.0.1-official-4c,9,OMEGA_I_REPORTING_EXTENSION_2026_07_10
official_4c_tierB_mc_baseline_official_v3,PER,PEN,stress,r2,epsilon_ero_L_r2,,,,r2,-0.037887265707490625,0.037887265707490625,0.24920096378316953,0.7516917964222191,1.9448089958686015,1.8927168864279502,0.052092109440651235,baseline-official-v3,v1.0.1-official-4c,10,OMEGA_I_REPORTING_EXTENSION_2026_07_10
official_4c_tierB_mc_baseline_official_v3,PER,PEN,stress,r2,tau_C_relative_delta_r2,,,,r2,0.03575609682224387,0.03575609682224387,0.12313925970709487,0.19697103964713839,1.909646517444603,1.9572678236418182,0.047621306197215274,baseline-official-v3,v1.0.1-official-4c,11,OMEGA_I_REPORTING_EXTENSION_2026_07_10
official_4c_tierB_mc_baseline_official_v3,PER,PEN,stress,r2,tau_L_relative_delta_r2,,,,r2,0.03276702294268091,0.03276702294268091,0.12333148453909355,0.19636106066714717,1.8782427890298385,1.943140104205019,0.06489731517518038,baseline-official-v3,v1.0.1-official-4c,12,OMEGA_I_REPORTING_EXTENSION_2026_07_10
official_4c_tierB_mc_baseline_official_v3,PER,PEN,stress,r2,base_broadening_delta_r2,,,,r2,0.02737787389511495,0.02737787389511495,0.0716887940825273,0.14693002878912348,1.9480446983494157,1.9578088107742526,0.00976411242483688,baseline-official-v3,v1.0.1-official-4c,13,OMEGA_I_REPORTING_EXTENSION_2026_07_10
official_4c_tierB_mc_baseline_official_v3,PER,PEN,stress,r2,tau_K_relative_delta_r2,,,,r2,0.02377335637493425,0.02377335637493425,0.12290825214318792,0.19653177666334,1.9104318589844553,1.9348305904626912,0.024398731478235902,baseline-official-v3,v1.0.1-official-4c,14,OMEGA_I_REPORTING_EXTENSION_2026_07_10
official_4c_tierB_mc_baseline_official_v3,PER,PEN,stress,r2,omega_G,PER,,,,0.0228624025464961,0.0228624025464961,0.37441520160848607,0.6299602002367002,1.4786804916515808,1.4786804916515808,0.0,baseline-official-v3,v1.0.1-official-4c,15,OMEGA_I_REPORTING_EXTENSION_2026_07_10
official_4c_tierB_mc_baseline_official_v3,PER,PEN,stress,r2,nu_A,PER,,,,-0.021802649672105986,0.021802649672105986,0.5946952627498057,1.4906652550718604,1.4786804916515808,1.4786804916515808,0.0,baseline-official-v3,v1.0.1-official-4c,16,OMEGA_I_REPORTING_EXTENSION_2026_07_10
official_4c_tierB_mc_baseline_official_v3,PER,PEN,stress,r2,A_aipi_total,PER,,,,-0.021175487791019507,0.021175487791019507,0.4661353433823241,0.5165609315336167,1.4786804916515808,1.4786804916515808,0.0,baseline-official-v3,v1.0.1-official-4c,17,OMEGA_I_REPORTING_EXTENSION_2026_07_10
official_4c_tierB_mc_baseline_official_v3,PER,PEN,stress,r2,E_aug,PER,,,,0.016278772107150886,0.016278772107150886,0.09470973341409737,0.1251863066582817,1.9705080848946934,1.9741211129848064,0.0036130280901129908,baseline-official-v3,v1.0.1-official-4c,18,OMEGA_I_REPORTING_EXTENSION_2026_07_10
official_4c_tierB_mc_baseline_official_v3,PER,PEN,stress,r2,Gap_excluded_indicators,PER,,,,-0.01580279602411184,0.01580279602411184,0.2388495008703036,0.2906241816659431,1.4786804916515808,1.4786804916515808,0.0,baseline-official-v3,v1.0.1-official-4c,19,OMEGA_I_REPORTING_EXTENSION_2026_07_10
official_4c_tierB_mc_baseline_official_v3,PER,PEN,stress,r2,lambda_AI_stress,,stress,,,0.01476164401446576,0.01476164401446576,0.07497019647801369,0.12541556544458626,1.9055705350262164,1.9055705350262164,0.0,baseline-official-v3,v1.0.1-official-4c,20,OMEGA_I_REPORTING_EXTENSION_2026_07_10
official_4c_tierB_mc_baseline_official_v3,PER,PEN,stress,r2,mpc_R,PER,,,,0.014592855367714212,0.014592855367714212,0.4803620979769473,0.6311758319507677,2.0046905969019493,2.0345002520248285,0.029809655122879253,baseline-official-v3,v1.0.1-official-4c,21,OMEGA_I_REPORTING_EXTENSION_2026_07_10
official_4c_tierB_mc_baseline_official_v3,PER,PEN,stress,r2,epsilon_ero_K_r2,,,,r2,0.013770194662807784,0.013770194662807784,0.24200438071776154,0.7534917091689278,1.9485652491007113,1.9337507071077586,0.014814541992952623,baseline-official-v3,v1.0.1-official-4c,22,OMEGA_I_REPORTING_EXTENSION_2026_07_10
official_4c_tierB_mc_baseline_official_v3,PER,PEN,stress,r2,nu_I,PER,,,,0.008170197158807884,0.008170197158807884,0.2460711043723954,0.7500012898003918,1.4786804916515808,1.4786804916515808,0.0,baseline-official-v3,v1.0.1-official-4c,23,OMEGA_I_REPORTING_EXTENSION_2026_07_10
official_4c_tierB_mc_baseline_official_v3,PER,PEN,stress,r2,epsilon_ero_AI_r2,,,,r2,-0.006592866215714648,0.006592866215714648,0.24227849531603637,0.7529448580260609,1.9204110265901393,1.9204110265901393,0.0,baseline-official-v3,v1.0.1-official-4c,24,OMEGA_I_REPORTING_EXTENSION_2026_07_10
official_4c_tierB_mc_baseline_official_v3,PER,PEN,stress,r2,I_adopt_informality,PER,,,,-0.005891105515644221,0.005891105515644221,0.6542168755395348,0.6951435775358983,1.4786804916515808,1.4786804916515808,0.0,baseline-official-v3,v1.0.1-official-4c,25,OMEGA_I_REPORTING_EXTENSION_2026_07_10
official_4c_tierB_mc_baseline_official_v3,PER,PEN,stress,r2,omega_I,PER,,,,-0.0026604118184164727,0.0026604118184164727,0.3705122644122723,0.6266368850854291,1.4786804916515808,1.4786804916515808,0.0,baseline-official-v3,v1.0.1-official-4c,26,OMEGA_I_REPORTING_EXTENSION_2026_07_10
official_4c_tierB_mc_baseline_official_v3,PER,PEN,stress,r2,nu_G,PER,,,,0.0025966264398650575,0.0025966264398650575,0.24907790743395558,0.755804117705595,1.4786804916515808,1.4786804916515808,0.0,baseline-official-v3,v1.0.1-official-4c,27,OMEGA_I_REPORTING_EXTENSION_2026_07_10
official_4c_tierB_mc_baseline_official_v3,PER,PEN,stress,r2,RST,PER,,,,-0.0012753174270126969,0.0012753174270126969,0.18064870714235565,0.6905597337056638,1.9712637237925068,1.9733794903392547,0.0021157665467479436,baseline-official-v3,v1.0.1-official-4c,28,OMEGA_I_REPORTING_EXTENSION_2026_07_10
official_4c_tierB_mc_baseline_official_v3,PER,PEN,stress,r2,leakage_multiplier_r2,,,,r2,-0.0010336422173456885,0.0010336422173456885,0.6742357260532079,0.8262919503195866,1.9498226642576324,1.9472037545385223,0.002618909719110052,baseline-official-v3,v1.0.1-official-4c,29,OMEGA_I_REPORTING_EXTENSION_2026_07_10
official_4c_tierB_mc_baseline_official_v3,PER,PEN,stress,r2,epsilon_ero_C_r2,,,,r2,-0.0006141621365664854,0.0006141621365664854,0.2423281956440898,0.7562754926300288,1.9671028809698239,1.9219280817509707,0.045174799218853146,baseline-official-v3,v1.0.1-official-4c,30,OMEGA_I_REPORTING_EXTENSION_2026_07_10
official_4c_tierB_mc_baseline_official_v3,PER,PEN,stress,r4,phi_raw_stress,,stress,,,0.521938677741547,0.521938677741547,0.012476334098722085,0.0176006250274764,1.7928722098567103,2.7081199228481845,0.9152477129914742,baseline-official-v3,v1.0.1-official-4c,1,OMEGA_I_REPORTING_EXTENSION_2026_07_10
official_4c_tierB_mc_baseline_official_v3,PER,PEN,stress,r4,q_use_target,PER,,,,0.4779283938371357,0.4779283938371357,0.09376620202666944,0.12758020720387694,1.8708678463981154,2.708049953759646,0.8371821073615304,baseline-official-v3,v1.0.1-official-4c,2,OMEGA_I_REPORTING_EXTENSION_2026_07_10
official_4c_tierB_mc_baseline_official_v3,PER,PEN,stress,r4,E_prod,PER,,,,0.45252474955698996,0.45252474955698996,0.09413486371927185,0.12529304132162275,1.9206963153032404,2.7032880917710367,0.7825917764677963,baseline-official-v3,v1.0.1-official-4c,3,OMEGA_I_REPORTING_EXTENSION_2026_07_10
official_4c_tierB_mc_baseline_official_v3,PER,PEN,stress,r4,E_prod_frontier,,,,,-0.44991193089247716,0.44991193089247716,0.12069628939452977,0.163585990418665,2.1374659738834825,1.4734599092817793,0.6640060646017032,baseline-official-v3,v1.0.1-official-4c,4,OMEGA_I_REPORTING_EXTENSION_2026_07_10
official_4c_tierB_mc_baseline_official_v3,PER,PEN,stress,r4,lambda_AI_stress,,stress,,,0.07488322552332902,0.07488322552332902,0.07497019647801369,0.12541556544458626,2.3439050774273738,2.482037554643233,0.13813247721585942,baseline-official-v3,v1.0.1-official-4c,5,OMEGA_I_REPORTING_EXTENSION_2026_07_10
official_4c_tierB_mc_baseline_official_v3,PER,PEN,stress,r4,chi_Kbase,PER,,,,0.06856586136663444,0.06856586136663444,0.6243797805187852,0.7750998826646497,2.246248941519469,2.3776796534746403,0.1314307119551712,baseline-official-v3,v1.0.1-official-4c,6,OMEGA_I_REPORTING_EXTENSION_2026_07_10
official_4c_tierB_mc_baseline_official_v3,PER,PEN,stress,r4,tau_AI_eff_r4,,,,r4,0.06588618695544747,0.06588618695544747,0.05828877175353316,0.11319218472569177,2.3434909542531153,2.4678182440453864,0.12432728979227115,baseline-official-v3,v1.0.1-official-4c,7,OMEGA_I_REPORTING_EXTENSION_2026_07_10
official_4c_tierB_mc_baseline_official_v3,PER,PEN,stress,r4,psi_shift,PER,,,,-0.06550133119605324,0.06550133119605324,0.07396944209176616,0.22619613541280964,2.348007786860834,2.224386924212984,0.12362086264784988,baseline-official-v3,v1.0.1-official-4c,8,OMEGA_I_REPORTING_EXTENSION_2026_07_10
official_4c_tierB_mc_baseline_official_v3,PER,PEN,stress,r4,mpc_Pi,PER,,,,0.05712179134087164,0.05712179134087164,0.2955267214721878,0.4486299858202504,2.258526714639021,2.3411825133573543,0.08265579871833317,baseline-official-v3,v1.0.1-official-4c,9,OMEGA_I_REPORTING_EXTENSION_2026_07_10
official_4c_tierB_mc_baseline_official_v3,PER,PEN,stress,r4,tau_K_relative_delta_r4,,,,r4,0.050310168668406735,0.050310168668406735,0.198068948601719,0.3011331798178291,2.4070022395666895,2.4432183818744084,0.03621614230771897,baseline-official-v3,v1.0.1-official-4c,10,OMEGA_I_REPORTING_EXTENSION_2026_07_10
official_4c_tierB_mc_baseline_official_v3,PER,PEN,stress,r4,mpc_W,PER,,,,0.0424183302407332,0.0424183302407332,0.6701079899128677,0.7963748978429358,2.2470414783237715,2.343511309944155,0.09646983162038358,baseline-official-v3,v1.0.1-official-4c,11,OMEGA_I_REPORTING_EXTENSION_2026_07_10
official_4c_tierB_mc_baseline_official_v3,PER,PEN,stress,r4,chi_dom,PER,,,,0.03923786288151451,0.03923786288151451,0.9038195656304147,0.9757122405528698,2.265672285608211,2.3293854478303975,0.06371316222218626,baseline-official-v3,v1.0.1-official-4c,12,OMEGA_I_REPORTING_EXTENSION_2026_07_10
official_4c_tierB_mc_baseline_official_v3,PER,PEN,stress,r4,tau_L_relative_delta_r4,,,,r4,0.03821124114444964,0.03821124114444964,0.1985691187819181,0.3007676944811119,2.3645606195819147,2.4551763544740832,0.09061573489216856,baseline-official-v3,v1.0.1-official-4c,13,OMEGA_I_REPORTING_EXTENSION_2026_07_10
official_4c_tierB_mc_baseline_official_v3,PER,PEN,stress,r4,epsilon_ero_L_r4,,,,r4,-0.03631852196474088,0.03631852196474088,0.23878547629914423,0.7476712213816119,2.3540179212048638,2.292168186495293,0.06184973470957056,baseline-official-v3,v1.0.1-official-4c,14,OMEGA_I_REPORTING_EXTENSION_2026_07_10
official_4c_tierB_mc_baseline_official_v3,PER,PEN,stress,r4,epsilon_ero_AI_r4,,,,r4,0.035328962949158514,0.035328962949158514,0.24505425323660768,0.7476570210601251,2.339555027173319,2.334180507874546,0.005374519298773084,baseline-official-v3,v1.0.1-official-4c,15,OMEGA_I_REPORTING_EXTENSION_2026_07_10
official_4c_tierB_mc_baseline_official_v3,PER,PEN,stress,r4,tau_C_relative_delta_r4,,,,r4,0.031004046712161865,0.031004046712161865,0.1989266753320453,0.2997529275256556,2.403691865823198,2.467462202161116,0.06377033633791829,baseline-official-v3,v1.0.1-official-4c,16,OMEGA_I_REPORTING_EXTENSION_2026_07_10
official_4c_tierB_mc_baseline_official_v3,PER,PEN,stress,r4,omega_G,PER,,,,0.02365603438624137,0.02365603438624137,0.37441520160848607,0.6299602002367002,1.9061082954600057,1.9061082954600057,0.0,baseline-official-v3,v1.0.1-official-4c,17,OMEGA_I_REPORTING_EXTENSION_2026_07_10
official_4c_tierB_mc_baseline_official_v3,PER,PEN,stress,r4,base_broadening_delta_r4,,,,r4,0.022288114011524557,0.022288114011524557,0.1495129425166417,0.2507418641860534,2.3593330911053885,2.3674836829618524,0.00815059185646394,baseline-official-v3,v1.0.1-official-4c,18,OMEGA_I_REPORTING_EXTENSION_2026_07_10
official_4c_tierB_mc_baseline_official_v3,PER,PEN,stress,r4,A_aipi_total,PER,,,,-0.02173924704556988,0.02173924704556988,0.4661353433823241,0.5165609315336167,1.9061082954600057,1.9061082954600057,0.0,baseline-official-v3,v1.0.1-official-4c,19,OMEGA_I_REPORTING_EXTENSION_2026_07_10
official_4c_tierB_mc_baseline_official_v3,PER,PEN,stress,r4,E_aug,PER,,,,0.018864275506571018,0.018864275506571018,0.09470973341409737,0.1251863066582817,2.2956713795466763,2.2997011679275294,0.004029788380853105,baseline-official-v3,v1.0.1-official-4c,20,OMEGA_I_REPORTING_EXTENSION_2026_07_10
official_4c_tierB_mc_baseline_official_v3,PER,PEN,stress,r4,nu_A,PER,,,,-0.01591356534054261,0.01591356534054261,0.5946952627498057,1.4906652550718604,1.9061082954600057,1.9061082954600057,0.0,baseline-official-v3,v1.0.1-official-4c,21,OMEGA_I_REPORTING_EXTENSION_2026_07_10
official_4c_tierB_mc_baseline_official_v3,PER,PEN,stress,r4,mpc_R,PER,,,,0.013516632156665286,0.013516632156665286,0.4803620979769473,0.6311758319507677,2.2646596585729695,2.2982094084829106,0.033549749909941085,baseline-official-v3,v1.0.1-official-4c,22,OMEGA_I_REPORTING_EXTENSION_2026_07_10
official_4c_tierB_mc_baseline_official_v3,PER,PEN,stress,r4,Gap_excluded_indicators,PER,,,,-0.013380217687208706,0.013380217687208706,0.2388495008703036,0.2906241816659431,1.9061082954600057,1.9061082954600057,0.0,baseline-official-v3,v1.0.1-official-4c,23,OMEGA_I_REPORTING_EXTENSION_2026_07_10
official_4c_tierB_mc_baseline_official_v3,PER,PEN,stress,r4,epsilon_ero_C_r4,,,,r4,-0.012191652103666085,0.012191652103666085,0.23590872668961482,0.7562384296828005,2.3656598563257383,2.308877674964857,0.05678218136088109,baseline-official-v3,v1.0.1-official-4c,24,OMEGA_I_REPORTING_EXTENSION_2026_07_10
official_4c_tierB_mc_baseline_official_v3,PER,PEN,stress,r4,nu_I,PER,,,,0.010916678452667136,0.010916678452667136,0.2460711043723954,0.7500012898003918,1.9061082954600057,1.9061082954600057,0.0,baseline-official-v3,v1.0.1-official-4c,25,OMEGA_I_REPORTING_EXTENSION_2026_07_10
official_4c_tierB_mc_baseline_official_v3,PER,PEN,stress,r4,I_adopt_informality,PER,,,,-0.01075514452620578,0.01075514452620578,0.6542168755395348,0.6951435775358983,1.9061082954600057,1.9061082954600057,0.0,baseline-official-v3,v1.0.1-official-4c,26,OMEGA_I_REPORTING_EXTENSION_2026_07_10
official_4c_tierB_mc_baseline_official_v3,PER,PEN,stress,r4,nu_G,PER,,,,0.005418234840729393,0.005418234840729393,0.24907790743395558,0.755804117705595,1.9061082954600057,1.9061082954600057,0.0,baseline-official-v3,v1.0.1-official-4c,27,OMEGA_I_REPORTING_EXTENSION_2026_07_10
official_4c_tierB_mc_baseline_official_v3,PER,PEN,stress,r4,omega_I,PER,,,,-0.0030717863308714526,0.0030717863308714526,0.3705122644122723,0.6266368850854291,1.9061082954600057,1.9061082954600057,0.0,baseline-official-v3,v1.0.1-official-4c,28,OMEGA_I_REPORTING_EXTENSION_2026_07_10
official_4c_tierB_mc_baseline_official_v3,PER,PEN,stress,r4,epsilon_ero_K_r4,,,,r4,-0.0028133318565332736,0.0028133318565332736,0.24476746700853239,0.7511321549066163,2.3273783207265315,2.3078539663055007,0.019524354421030843,baseline-official-v3,v1.0.1-official-4c,29,OMEGA_I_REPORTING_EXTENSION_2026_07_10
official_4c_tierB_mc_baseline_official_v3,PER,PEN,stress,r4,leakage_multiplier_r4,,,,r4,-0.0010842307633692305,0.0010842307633692305,0.4244512024869409,0.5767071394802882,2.358284062229929,2.3556617127989345,0.002622349430994486,baseline-official-v3,v1.0.1-official-4c,30,OMEGA_I_REPORTING_EXTENSION_2026_07_10
official_4c_tierB_mc_baseline_official_v3,PER,PEN,stress,r4,RST,PER,,,,0.0008669457946778317,0.0008669457946778317,0.18064870714235565,0.6905597337056638,2.296190669048173,2.2985504680574325,0.0023597990092594223,baseline-official-v3,v1.0.1-official-4c,31,OMEGA_I_REPORTING_EXTENSION_2026_07_10
