run_id,model_version,parameter_set_id,dataset_version,country_id,policy_id,policy_variant_id,gmi_version,requirement_basis,xi,scenario_id,regime_id,endpoint_year,required_revenue_gdp,g_ai_required,mfc_required_gross,historical_tax_class,historical_tax_borderline,historical_total_revenue_class,historical_total_revenue_borderline,realized_mfc_tax_class,realized_mfc_tax_borderline,realized_mfc_total_revenue_class,realized_mfc_total_revenue_borderline,t_required_H,tau_ai_required,q_prod_required,q_use_required,aipi_required,exposure_required,existence_condition_pass,impossibility_reason,flags,floor_driven_flag,epsilon_used,realized_mfc_total_revenue_class_from_fiscal_space,realized_mfc_total_revenue_borderline_from_fiscal_space,realized_mfc_tax_class_from_fiscal_space,realized_mfc_tax_borderline_from_fiscal_space,v_gross
official_4c_tierA_baseline_official_v2,deterministic-engine-v1_official-runner,baseline-official-v2,v1.0.1-official-4c,PER,PEN,PEN,,baseline,0.1,mid,r0,2034,0.0078866189370354,0.09307805457271823,0.30496566450665274,extreme_or_outside_historical_support,True,fiscally_demanding,True,fiscally_ordinary,False,fiscally_ordinary,False,2.1034076725541473,7.341147499204569,,,,,False,frontier_exceeds_one;ai_rent_capture_impossible,frontier_exceeds_one;ai_rent_capture_impossible,False,1e-09,fiscally_ordinary,False,fiscally_ordinary,False,0.07818985937018477
official_4c_tierA_baseline_official_v2,deterministic-engine-v1_official-runner,baseline-official-v2,v1.0.1-official-4c,PER,PEN,PEN,,debt_consistent,0.1,mid,r0,2034,0.014993590356072827,0.17695469155355542,0.5797833371671834,extreme_or_outside_historical_support,False,extreme_or_outside_historical_support,False,fiscally_ordinary,False,fiscally_ordinary,False,3.8650561285908664,16.501736587888924,,,,,False,frontier_exceeds_one;ai_rent_capture_impossible,frontier_exceeds_one;ai_rent_capture_impossible,False,1e-09,fiscally_ordinary,False,fiscally_ordinary,False,0.07818985937018477
official_4c_tierA_baseline_official_v2,deterministic-engine-v1_official-runner,baseline-official-v2,v1.0.1-official-4c,PER,GMI,GMI:GMI_ideal_aggregate,GMI_ideal_aggregate,baseline,0.1,mid,r0,2034,0.03431635099493744,0.4050023484263854,1.3269702604077591,extreme_or_outside_historical_support,False,extreme_or_outside_historical_support,False,fiscally_ordinary,False,fiscally_ordinary,False,8.138503283092804,41.40796736257478,,,,,False,frontier_exceeds_one;ai_rent_capture_impossible,frontier_exceeds_one;ai_rent_capture_impossible,False,1e-09,fiscally_ordinary,False,fiscally_ordinary,False,-0.052592174398833395
official_4c_tierA_baseline_official_v2,deterministic-engine-v1_official-runner,baseline-official-v2,v1.0.1-official-4c,PER,GMI,GMI:GMI_ideal_aggregate,GMI_ideal_aggregate,debt_consistent,0.1,mid,r0,2034,0.04142332241397487,0.4888789854072226,1.6017879330682898,extreme_or_outside_historical_support,False,extreme_or_outside_historical_support,False,fiscally_ordinary,False,fiscally_ordinary,False,9.554135525357156,50.568556451259134,,,,,False,frontier_exceeds_one;ai_rent_capture_impossible,frontier_exceeds_one;ai_rent_capture_impossible,False,1e-09,fiscally_ordinary,False,fiscally_ordinary,False,-0.052592174398833395
official_4c_tierA_baseline_official_v2,deterministic-engine-v1_official-runner,baseline-official-v2,v1.0.1-official-4c,PER,PEN,PEN,,baseline,0.1,mid,r2,2034,0.0078626189370354,0.08407859225214137,0.30403761460255646,extreme_or_outside_historical_support,True,fiscally_demanding,True,fiscally_ordinary,False,fiscally_ordinary,False,1.907227083624021,7.017416766987572,,,,,False,frontier_exceeds_one;ai_rent_capture_impossible,frontier_exceeds_one;ai_rent_capture_impossible,False,1e-09,fiscally_ordinary,False,fiscally_ordinary,False,0.12324975566687192
official_4c_tierA_baseline_official_v2,deterministic-engine-v1_official-runner,baseline-official-v2,v1.0.1-official-4c,PER,PEN,PEN,,debt_consistent,0.1,mid,r2,2034,0.014969590356072827,0.16007669884665657,0.5788552872630872,extreme_or_outside_historical_support,False,extreme_or_outside_historical_support,False,fiscally_ordinary,False,fiscally_ordinary,False,3.519858959427942,16.17800585567193,,,,,False,frontier_exceeds_one;ai_rent_capture_impossible,frontier_exceeds_one;ai_rent_capture_impossible,False,1e-09,fiscally_ordinary,False,fiscally_ordinary,False,0.12324975566687192
official_4c_tierA_baseline_official_v2,deterministic-engine-v1_official-runner,baseline-official-v2,v1.0.1-official-4c,PER,GMI,GMI:GMI_ideal_aggregate,GMI_ideal_aggregate,baseline,0.1,mid,r2,2034,0.03426635099493744,0.36642581515700534,1.3250368231075584,extreme_or_outside_historical_support,False,extreme_or_outside_historical_support,False,fiscally_ordinary,False,fiscally_ordinary,False,7.461716323175843,41.050723717154305,,,,,False,frontier_exceeds_one;ai_rent_capture_impossible,frontier_exceeds_one;ai_rent_capture_impossible,False,1e-09,fiscally_ordinary,False,fiscally_ordinary,False,-0.04264828542548809
official_4c_tierA_baseline_official_v2,deterministic-engine-v1_official-runner,baseline-official-v2,v1.0.1-official-4c,PER,GMI,GMI:GMI_ideal_aggregate,GMI_ideal_aggregate,debt_consistent,0.1,mid,r2,2034,0.041373322413974865,0.44242392175152057,1.5998544957680891,extreme_or_outside_historical_support,False,extreme_or_outside_historical_support,False,fiscally_ordinary,False,fiscally_ordinary,False,8.779232089255832,50.21131280583866,,,,,False,frontier_exceeds_one;ai_rent_capture_impossible,frontier_exceeds_one;ai_rent_capture_impossible,False,1e-09,fiscally_ordinary,False,fiscally_ordinary,False,-0.04264828542548809
official_4c_tierA_baseline_official_v2,deterministic-engine-v1_official-runner,baseline-official-v2,v1.0.1-official-4c,CHL,PEN,PEN,,baseline,0.1,mid,r0,2034,0.03590375417759248,0.40192065576351904,1.1615055065554287,extreme_or_outside_historical_support,False,extreme_or_outside_historical_support,False,fiscally_ordinary,False,fiscally_ordinary,False,8.085056682236859,35.739168457804006,,,,,False,frontier_exceeds_one;ai_rent_capture_impossible,frontier_exceeds_one;ai_rent_capture_impossible,False,1e-09,fiscally_ordinary,False,fiscally_ordinary,False,0.03240370737564131
official_4c_tierA_baseline_official_v2,deterministic-engine-v1_official-runner,baseline-official-v2,v1.0.1-official-4c,CHL,PEN,PEN,,debt_consistent,0.1,mid,r0,2034,0.03590375417759248,0.40192065576351904,1.1615055065554287,extreme_or_outside_historical_support,False,extreme_or_outside_historical_support,False,fiscally_ordinary,False,fiscally_ordinary,False,8.085056682236859,35.739168457804006,,,,,False,frontier_exceeds_one;ai_rent_capture_impossible,frontier_exceeds_one;ai_rent_capture_impossible,False,1e-09,fiscally_ordinary,False,fiscally_ordinary,False,0.03240370737564131
official_4c_tierA_baseline_official_v2,deterministic-engine-v1_official-runner,baseline-official-v2,v1.0.1-official-4c,CHL,GMI,GMI:GMI_ideal_aggregate,GMI_ideal_aggregate,baseline,0.1,mid,r0,2034,0.0052670458718492175,0.05896136989683802,0.17039172987795692,fiscally_ordinary,False,fiscally_ordinary,False,fiscally_ordinary,False,fiscally_ordinary,False,1.3518353171646629,2.702042568554942,,,,,False,frontier_exceeds_one;ai_rent_capture_impossible,frontier_exceeds_one;ai_rent_capture_impossible,False,1e-09,fiscally_ordinary,False,fiscally_ordinary,False,-0.6119963968804701
official_4c_tierA_baseline_official_v2,deterministic-engine-v1_official-runner,baseline-official-v2,v1.0.1-official-4c,CHL,GMI,GMI:GMI_ideal_aggregate,GMI_ideal_aggregate,debt_consistent,0.1,mid,r0,2034,0.0052670458718492175,0.05896136989683802,0.17039172987795692,fiscally_ordinary,False,fiscally_ordinary,False,fiscally_ordinary,False,fiscally_ordinary,False,1.3518353171646629,2.702042568554942,,,,,False,frontier_exceeds_one;ai_rent_capture_impossible,frontier_exceeds_one;ai_rent_capture_impossible,False,1e-09,fiscally_ordinary,False,fiscally_ordinary,False,-0.6119963968804701
official_4c_tierA_baseline_official_v2,deterministic-engine-v1_official-runner,baseline-official-v2,v1.0.1-official-4c,CHL,PEN,PEN,,baseline,0.1,mid,r2,2034,0.035879754177592475,0.3665309948144641,1.160729093815428,extreme_or_outside_historical_support,False,extreme_or_outside_historical_support,False,fiscally_ordinary,False,fiscally_ordinary,False,7.463584854258959,35.42796660219349,,,,,False,frontier_exceeds_one;ai_rent_capture_impossible,frontier_exceeds_one;ai_rent_capture_impossible,False,1e-09,fiscally_ordinary,False,fiscally_ordinary,False,0.041699893091317636
official_4c_tierA_baseline_official_v2,deterministic-engine-v1_official-runner,baseline-official-v2,v1.0.1-official-4c,CHL,PEN,PEN,,debt_consistent,0.1,mid,r2,2034,0.035879754177592475,0.3665309948144641,1.160729093815428,extreme_or_outside_historical_support,False,extreme_or_outside_historical_support,False,fiscally_ordinary,False,fiscally_ordinary,False,7.463584854258959,35.42796660219349,,,,,False,frontier_exceeds_one;ai_rent_capture_impossible,frontier_exceeds_one;ai_rent_capture_impossible,False,1e-09,fiscally_ordinary,False,fiscally_ordinary,False,0.041699893091317636
official_4c_tierA_baseline_official_v2,deterministic-engine-v1_official-runner,baseline-official-v2,v1.0.1-official-4c,CHL,GMI,GMI:GMI_ideal_aggregate,GMI_ideal_aggregate,baseline,0.1,mid,r2,2034,0.005217045871849218,0.053294930727139554,0.16877420333628915,fiscally_ordinary,False,fiscally_ordinary,False,fiscally_ordinary,False,fiscally_ordinary,False,1.2249015308368694,2.3628035862222037,,,,,False,frontier_exceeds_one;ai_rent_capture_impossible,frontier_exceeds_one;ai_rent_capture_impossible,False,1e-09,fiscally_ordinary,False,fiscally_ordinary,False,-0.3970568092537489
official_4c_tierA_baseline_official_v2,deterministic-engine-v1_official-runner,baseline-official-v2,v1.0.1-official-4c,CHL,GMI,GMI:GMI_ideal_aggregate,GMI_ideal_aggregate,debt_consistent,0.1,mid,r2,2034,0.005217045871849218,0.053294930727139554,0.16877420333628915,fiscally_ordinary,False,fiscally_ordinary,False,fiscally_ordinary,False,fiscally_ordinary,False,1.2249015308368694,2.3628035862222037,,,,,False,frontier_exceeds_one;ai_rent_capture_impossible,frontier_exceeds_one;ai_rent_capture_impossible,False,1e-09,fiscally_ordinary,False,fiscally_ordinary,False,-0.3970568092537489
official_4c_tierA_baseline_official_v2,deterministic-engine-v1_official-runner,baseline-official-v2,v1.0.1-official-4c,COL,PEN,PEN,,baseline,0.1,mid,r0,2034,0.011706478057084073,0.13136722647379864,0.4542080169969672,extreme_or_outside_historical_support,True,extreme_or_outside_historical_support,True,fiscally_ordinary,False,fiscally_ordinary,False,2.922157388475761,12.169846484386145,,,,,False,frontier_exceeds_one;ai_rent_capture_impossible,frontier_exceeds_one;ai_rent_capture_impossible,False,1e-09,fiscally_ordinary,False,fiscally_ordinary,False,0.059840611829065055
official_4c_tierA_baseline_official_v2,deterministic-engine-v1_official-runner,baseline-official-v2,v1.0.1-official-4c,COL,PEN,PEN,,debt_consistent,0.1,mid,r0,2034,0.027972975686810703,0.3139058745317165,1.0853434956487202,extreme_or_outside_historical_support,False,extreme_or_outside_historical_support,False,fiscally_ordinary,False,fiscally_ordinary,False,6.512117569652607,33.20769577277791,,,,,False,frontier_exceeds_one;ai_rent_capture_impossible,frontier_exceeds_one;ai_rent_capture_impossible,False,1e-09,fiscally_ordinary,False,fiscally_ordinary,False,0.059840611829065055
official_4c_tierA_baseline_official_v2,deterministic-engine-v1_official-runner,baseline-official-v2,v1.0.1-official-4c,COL,GMI,GMI:GMI_ideal_aggregate,GMI_ideal_aggregate,baseline,0.1,mid,r0,2034,0.036502370330122186,0.40962064991749136,1.4162815803768314,extreme_or_outside_historical_support,False,extreme_or_outside_historical_support,False,fiscally_ordinary,False,fiscally_ordinary,False,8.218402490568517,44.23896526371495,,,,,False,frontier_exceeds_one;ai_rent_capture_impossible,frontier_exceeds_one;ai_rent_capture_impossible,False,1e-09,fiscally_ordinary,False,fiscally_ordinary,False,-0.045557782985473055
official_4c_tierA_baseline_official_v2,deterministic-engine-v1_official-runner,baseline-official-v2,v1.0.1-official-4c,COL,GMI,GMI:GMI_ideal_aggregate,GMI_ideal_aggregate,debt_consistent,0.1,mid,r0,2034,0.052768867959848816,0.5921592979754092,2.0474170590285845,extreme_or_outside_historical_support,False,extreme_or_outside_historical_support,False,fiscally_ordinary,False,fiscally_ordinary,False,11.201794667212383,65.27681455210673,,,,,False,frontier_exceeds_one;ai_rent_capture_impossible,frontier_exceeds_one;ai_rent_capture_impossible,False,1e-09,fiscally_ordinary,False,fiscally_ordinary,False,-0.045557782985473055
official_4c_tierA_baseline_official_v2,deterministic-engine-v1_official-runner,baseline-official-v2,v1.0.1-official-4c,COL,PEN,PEN,,baseline,0.1,mid,r2,2034,0.011682478057084073,0.11844902652219569,0.4532768238272734,extreme_or_outside_historical_support,True,extreme_or_outside_historical_support,True,fiscally_ordinary,False,fiscally_ordinary,False,2.648749019334107,11.821602845748899,,,,,False,frontier_exceeds_one;ai_rent_capture_impossible,frontier_exceeds_one;ai_rent_capture_impossible,False,1e-09,fiscally_ordinary,False,fiscally_ordinary,False,0.08960507028497702
official_4c_tierA_baseline_official_v2,deterministic-engine-v1_official-runner,baseline-official-v2,v1.0.1-official-4c,COL,PEN,PEN,,debt_consistent,0.1,mid,r2,2034,0.027948975686810703,0.2833755771865362,1.0844123024790264,extreme_or_outside_historical_support,False,extreme_or_outside_historical_support,False,fiscally_ordinary,False,fiscally_ordinary,False,5.944286579942898,32.85945213414067,,,,,False,frontier_exceeds_one;ai_rent_capture_impossible,frontier_exceeds_one;ai_rent_capture_impossible,False,1e-09,fiscally_ordinary,False,fiscally_ordinary,False,0.08960507028497702
official_4c_tierA_baseline_official_v2,deterministic-engine-v1_official-runner,baseline-official-v2,v1.0.1-official-4c,COL,GMI,GMI:GMI_ideal_aggregate,GMI_ideal_aggregate,baseline,0.1,mid,r2,2034,0.036452370330122184,0.36959177316077446,1.4143415946066358,extreme_or_outside_historical_support,False,extreme_or_outside_historical_support,False,fiscally_ordinary,False,fiscally_ordinary,False,7.5179033931265264,43.85709520506098,,,,,False,frontier_exceeds_one;ai_rent_capture_impossible,frontier_exceeds_one;ai_rent_capture_impossible,False,1e-09,fiscally_ordinary,False,fiscally_ordinary,False,-0.03566934605724831
official_4c_tierA_baseline_official_v2,deterministic-engine-v1_official-runner,baseline-official-v2,v1.0.1-official-4c,COL,GMI,GMI:GMI_ideal_aggregate,GMI_ideal_aggregate,debt_consistent,0.1,mid,r2,2034,0.052718867959848814,0.534518323825115,2.0454770732583887,extreme_or_outside_historical_support,False,extreme_or_outside_historical_support,False,fiscally_ordinary,False,fiscally_ordinary,False,10.294524449868707,64.89494449345274,,,,,False,frontier_exceeds_one;ai_rent_capture_impossible,frontier_exceeds_one;ai_rent_capture_impossible,False,1e-09,fiscally_ordinary,False,fiscally_ordinary,False,-0.03566934605724831
official_4c_tierA_baseline_official_v2,deterministic-engine-v1_official-runner,baseline-official-v2,v1.0.1-official-4c,MEX,PEN,PEN,,baseline,0.1,mid,r0,2034,0.019351126897044473,0.19410435280954638,0.6900821949601332,extreme_or_outside_historical_support,False,extreme_or_outside_historical_support,True,fiscally_ordinary,False,fiscally_ordinary,False,4.2112759719425235,19.679591464138003,,,,,False,frontier_exceeds_one;ai_rent_capture_impossible,frontier_exceeds_one;ai_rent_capture_impossible,False,1e-09,fiscally_ordinary,False,fiscally_ordinary,False,0.06502948711589118
official_4c_tierA_baseline_official_v2,deterministic-engine-v1_official-runner,baseline-official-v2,v1.0.1-official-4c,MEX,PEN,PEN,,debt_consistent,0.1,mid,r0,2034,0.05210396155728493,0.5226365260637582,1.8580838391929104,extreme_or_outside_historical_support,False,extreme_or_outside_historical_support,False,fiscally_ordinary,False,fiscally_ordinary,False,10.103698954511865,58.61297960523058,,,,,False,frontier_exceeds_one;ai_rent_capture_impossible,frontier_exceeds_one;ai_rent_capture_impossible,False,1e-09,fiscally_ordinary,False,fiscally_ordinary,False,0.06502948711589118
official_4c_tierA_baseline_official_v2,deterministic-engine-v1_official-runner,baseline-official-v2,v1.0.1-official-4c,MEX,GMI,GMI:GMI_ideal_aggregate,GMI_ideal_aggregate,baseline,0.1,mid,r0,2034,0.01478909544085326,0.1483442186317258,0.5273952001657148,extreme_or_outside_historical_support,False,extreme_or_outside_historical_support,True,fiscally_ordinary,False,fiscally_ordinary,False,3.277227230442043,14.256691637657388,,,,,False,frontier_exceeds_one;ai_rent_capture_impossible,frontier_exceeds_one;ai_rent_capture_impossible,False,1e-09,fiscally_ordinary,False,fiscally_ordinary,False,-0.08512342611002031
official_4c_tierA_baseline_official_v2,deterministic-engine-v1_official-runner,baseline-official-v2,v1.0.1-official-4c,MEX,GMI,GMI:GMI_ideal_aggregate,GMI_ideal_aggregate,debt_consistent,0.1,mid,r0,2034,0.04754193010109372,0.4768763918859376,1.6953968443984921,extreme_or_outside_historical_support,False,extreme_or_outside_historical_support,False,fiscally_ordinary,False,fiscally_ordinary,False,9.35603145538963,53.19007977874997,,,,,False,frontier_exceeds_one;ai_rent_capture_impossible,frontier_exceeds_one;ai_rent_capture_impossible,False,1e-09,fiscally_ordinary,False,fiscally_ordinary,False,-0.08512342611002031
official_4c_tierA_baseline_official_v2,deterministic-engine-v1_official-runner,baseline-official-v2,v1.0.1-official-4c,MEX,PEN,PEN,,baseline,0.1,mid,r2,2034,0.019327126897044473,0.18256656964076398,0.6892263289029698,extreme_or_outside_historical_support,False,extreme_or_outside_historical_support,True,fiscally_ordinary,False,fiscally_ordinary,False,3.97884649306697,19.445429300379327,,,,,False,frontier_exceeds_one;ai_rent_capture_impossible,frontier_exceeds_one;ai_rent_capture_impossible,False,1e-09,fiscally_ordinary,False,fiscally_ordinary,False,0.07734432277520854
official_4c_tierA_baseline_official_v2,deterministic-engine-v1_official-runner,baseline-official-v2,v1.0.1-official-4c,MEX,PEN,PEN,,debt_consistent,0.1,mid,r2,2034,0.052079961557284934,0.49195413157815787,1.857227973135747,extreme_or_outside_historical_support,False,extreme_or_outside_historical_support,False,fiscally_ordinary,False,fiscally_ordinary,False,9.604659797457124,58.37881744147191,,,,,False,frontier_exceeds_one;ai_rent_capture_impossible,frontier_exceeds_one;ai_rent_capture_impossible,False,1e-09,fiscally_ordinary,False,fiscally_ordinary,False,0.07734432277520854
official_4c_tierA_baseline_official_v2,deterministic-engine-v1_official-runner,baseline-official-v2,v1.0.1-official-4c,MEX,GMI,GMI:GMI_ideal_aggregate,GMI_ideal_aggregate,baseline,0.1,mid,r2,2034,0.01473909544085326,0.13922742415769487,0.5256121458799576,extreme_or_outside_historical_support,False,extreme_or_outside_historical_support,True,fiscally_ordinary,False,fiscally_ordinary,False,3.087143493043577,13.991623199612258,,,,,False,frontier_exceeds_one;ai_rent_capture_impossible,frontier_exceeds_one;ai_rent_capture_impossible,False,1e-09,fiscally_ordinary,False,fiscally_ordinary,False,-0.06308894409738323
official_4c_tierA_baseline_official_v2,deterministic-engine-v1_official-runner,baseline-official-v2,v1.0.1-official-4c,MEX,GMI,GMI:GMI_ideal_aggregate,GMI_ideal_aggregate,debt_consistent,0.1,mid,r2,2034,0.04749193010109372,0.4486149860950887,1.6936137901127348,extreme_or_outside_historical_support,False,extreme_or_outside_historical_support,False,fiscally_ordinary,False,fiscally_ordinary,False,8.883789641712072,52.925011340704835,,,,,False,frontier_exceeds_one;ai_rent_capture_impossible,frontier_exceeds_one;ai_rent_capture_impossible,False,1e-09,fiscally_ordinary,False,fiscally_ordinary,False,-0.06308894409738323
