parameter_set_id,assumption_id,parameter_name,country_id,policy_id,scenario_id,regime_id,parameter_value,distribution,draw_rule,notes
baseline-official-v2,A4A_PER_A_AIPI_TOTAL,A_aipi_total,PER,,,,0.491133,fixed_observed,0_to_1,observed AIPI carried to 2024
baseline-official-v2,A4A_PER_GAP_EXCLUDED_INDICATORS,Gap_excluded_indicators,PER,,,,0.26508123256559324,fixed_observed,0_to_1,"gap_index = 1 - average(normalized LTE coverage, fixed speed, mobile speed); excluded indicators verified against AIPI note"
baseline-official-v2,A4A_PER_I_ADOPT_INFORMALITY,I_adopt_informality,PER,,,,0.6746800000000001,fixed_observed,0_to_1,country-specific informality anchor
baseline-official-v2,A4A_PER_Q_USE_TARGET,q_use_target,PER,,,,0.1106241740078193,bounded_PERT,0_to_1,OECD-Eurostat benchmark adoption average scaled by country AIPI relative to benchmark AIPI; support +/-30%.
baseline-official-v2,A4A_PER_Q_BAR,q_bar,PER,,,,0.5301193837172034,derived_bounded_PERT,0_to_1,1 - omega_I*I - omega_G*Gap
baseline-official-v2,A4A_PER_Q_USE_TARGET_ADJ,q_use_target_adj,PER,,,,0.1106241740078193,derived_bounded_PERT,0_to_1,Target projected to interior support
baseline-official-v2,A4A_PER_Q_PROD_T0,q_prod_t0,PER,,,,0.1106241740078193,derived_bounded_PERT,0_to_1,Initial condition q_prod_t0=q_use_target_adj
baseline-official-v2,A4A_PER_MU_T0_DERIVED_NOT_FREE,mu_t0_derived_not_free,PER,,,,-1.3541658538070795,fixed_derived,declared,"Derived by logit inversion; primitive is q_use_target, not mu"
baseline-official-v2,A4A_PER_LABOR_SHARE,labor_share,PER,,,,0.447212278842926,fixed_observed,0_to_1,country-specific PWT labsh
baseline-official-v2,A4A_PER_TAU_L_EFF,tau_L_eff,PER,,,,0.0804966095753286,fixed_derived,0_to_1,(PIT_GDP+social_contrib_GDP)/labor_share_GDP
baseline-official-v2,A4A_PER_TAU_K_EFF,tau_K_eff,PER,,,,0.0679185390505772,fixed_derived,0_to_1,CIT_GDP/(1-labor_share)
baseline-official-v2,A4A_PER_TAU_C_EFF,tau_C_eff,PER,,,,0.08476226759934355,fixed_derived,0_to_1,VAT_GDP/final_consumption_GDP_share
baseline-official-v2,A4A_PER_E_PROD,E_prod,PER,,,,0.11,bounded_PERT,declared,LAC fallback; is_lac_fallback=TRUE for official 4C until country occupation exposure is available.
baseline-official-v2,A4A_PER_E_AUTO,E_auto,PER,,,,0.035,bounded_PERT,declared,LAC automation-risk anchor.
baseline-official-v2,A4A_PER_M_M,m_M,PER,,,,0.30730450686855254,fixed_derived,0_to_1,"imports_GDP_share/final_consumption_GDP_share capped [0,1]"
baseline-official-v2,A4A_PER_THETA_R_DOM,theta_R_dom,PER,,,,0.6926954931314475,fixed_derived,0_to_1,theta_R_dom anchored to (1-m_M) by author-review convention.
baseline-official-v2,A4A_PER_TAU_AVAILABLE_FROZEN_R0_NOTE,tau_available_frozen_r0_note,PER,,,,1.0,fixed_note,declared,Disposable tax rates are frozen at r0 in the consumption chain; favorable second-order bias for r>=1 is declared.
baseline-official-v2,A4A_CHL_A_AIPI_TOTAL,A_aipi_total,CHL,,,,0.585751,fixed_observed,0_to_1,observed AIPI carried to 2024
baseline-official-v2,A4A_CHL_GAP_EXCLUDED_INDICATORS,Gap_excluded_indicators,CHL,,,,0.0886511843200829,fixed_observed,0_to_1,"gap_index = 1 - average(normalized LTE coverage, fixed speed, mobile speed); excluded indicators verified against AIPI note"
baseline-official-v2,A4A_CHL_I_ADOPT_INFORMALITY,I_adopt_informality,CHL,,,,0.27458,fixed_observed,0_to_1,country-specific informality anchor
baseline-official-v2,A4A_CHL_Q_USE_TARGET,q_use_target,CHL,,,,0.13193619762722963,bounded_PERT,0_to_1,OECD-Eurostat benchmark adoption average scaled by country AIPI relative to benchmark AIPI; support +/-30%.
baseline-official-v2,A4A_CHL_Q_BAR,q_bar,CHL,,,,0.8183844078399585,derived_bounded_PERT,0_to_1,1 - omega_I*I - omega_G*Gap
baseline-official-v2,A4A_CHL_Q_USE_TARGET_ADJ,q_use_target_adj,CHL,,,,0.13193619762722963,derived_bounded_PERT,0_to_1,Target projected to interior support
baseline-official-v2,A4A_CHL_Q_PROD_T0,q_prod_t0,CHL,,,,0.13193619762722963,derived_bounded_PERT,0_to_1,Initial condition q_prod_t0=q_use_target_adj
baseline-official-v2,A4A_CHL_MU_T0_DERIVED_NOT_FREE,mu_t0_derived_not_free,CHL,,,,-2.053347735445556,fixed_derived,declared,"Derived by logit inversion; primitive is q_use_target, not mu"
baseline-official-v2,A4A_CHL_LABOR_SHARE,labor_share,CHL,,,,0.4396144151687622,fixed_observed,0_to_1,country-specific PWT labsh
baseline-official-v2,A4A_CHL_TAU_L_EFF,tau_L_eff,CHL,,,,0.07823103988119534,fixed_derived,0_to_1,(PIT_GDP+social_contrib_GDP)/labor_share_GDP
baseline-official-v2,A4A_CHL_TAU_K_EFF,tau_K_eff,CHL,,,,0.0758952644530852,fixed_derived,0_to_1,CIT_GDP/(1-labor_share)
baseline-official-v2,A4A_CHL_TAU_C_EFF,tau_C_eff,CHL,,,,0.117114874990871,fixed_derived,0_to_1,VAT_GDP/final_consumption_GDP_share
baseline-official-v2,A4A_CHL_E_PROD,E_prod,CHL,,,,0.11,bounded_PERT,declared,LAC fallback; is_lac_fallback=TRUE for official 4C until country occupation exposure is available.
baseline-official-v2,A4A_CHL_E_AUTO,E_auto,CHL,,,,0.035,bounded_PERT,declared,LAC automation-risk anchor.
baseline-official-v2,A4A_CHL_M_M,m_M,CHL,,,,0.41193796880047395,fixed_derived,0_to_1,"imports_GDP_share/final_consumption_GDP_share capped [0,1]"
baseline-official-v2,A4A_CHL_THETA_R_DOM,theta_R_dom,CHL,,,,0.588062031199526,fixed_derived,0_to_1,theta_R_dom anchored to (1-m_M) by author-review convention.
baseline-official-v2,A4A_CHL_TAU_AVAILABLE_FROZEN_R0_NOTE,tau_available_frozen_r0_note,CHL,,,,1.0,fixed_note,declared,Disposable tax rates are frozen at r0 in the consumption chain; favorable second-order bias for r>=1 is declared.
baseline-official-v2,A4A_COL_A_AIPI_TOTAL,A_aipi_total,COL,,,,0.489494,fixed_observed,0_to_1,observed AIPI carried to 2024
baseline-official-v2,A4A_COL_GAP_EXCLUDED_INDICATORS,Gap_excluded_indicators,COL,,,,0.23850844421210804,fixed_observed,0_to_1,"gap_index = 1 - average(normalized LTE coverage, fixed speed, mobile speed); excluded indicators verified against AIPI note"
baseline-official-v2,A4A_COL_I_ADOPT_INFORMALITY,I_adopt_informality,COL,,,,0.56143,fixed_observed,0_to_1,country-specific informality anchor
baseline-official-v2,A4A_COL_Q_USE_TARGET,q_use_target,COL,,,,0.11025500105222721,bounded_PERT,0_to_1,OECD-Eurostat benchmark adoption average scaled by country AIPI relative to benchmark AIPI; support +/-30%.
baseline-official-v2,A4A_COL_Q_BAR,q_bar,COL,,,,0.600030777893946,derived_bounded_PERT,0_to_1,1 - omega_I*I - omega_G*Gap
baseline-official-v2,A4A_COL_Q_USE_TARGET_ADJ,q_use_target_adj,COL,,,,0.11025500105222721,derived_bounded_PERT,0_to_1,Target projected to interior support
baseline-official-v2,A4A_COL_Q_PROD_T0,q_prod_t0,COL,,,,0.11025500105222721,derived_bounded_PERT,0_to_1,Initial condition q_prod_t0=q_use_target_adj
baseline-official-v2,A4A_COL_MU_T0_DERIVED_NOT_FREE,mu_t0_derived_not_free,COL,,,,-1.5806765916702576,fixed_derived,declared,"Derived by logit inversion; primitive is q_use_target, not mu"
baseline-official-v2,A4A_COL_LABOR_SHARE,labor_share,COL,,,,0.4952113628387451,fixed_observed,0_to_1,country-specific PWT labsh
baseline-official-v2,A4A_COL_TAU_L_EFF,tau_L_eff,COL,,,,0.06452914158536067,fixed_derived,0_to_1,(PIT_GDP+social_contrib_GDP)/labor_share_GDP
baseline-official-v2,A4A_COL_TAU_K_EFF,tau_K_eff,COL,,,,0.1065034343683816,fixed_derived,0_to_1,CIT_GDP/(1-labor_share)
baseline-official-v2,A4A_COL_TAU_C_EFF,tau_C_eff,COL,,,,0.06394529573605691,fixed_derived,0_to_1,VAT_GDP/final_consumption_GDP_share
baseline-official-v2,A4A_COL_E_PROD,E_prod,COL,,,,0.11,bounded_PERT,declared,LAC fallback; is_lac_fallback=TRUE for official 4C until country occupation exposure is available.
baseline-official-v2,A4A_COL_E_AUTO,E_auto,COL,,,,0.035,bounded_PERT,declared,LAC automation-risk anchor.
baseline-official-v2,A4A_COL_M_M,m_M,COL,,,,0.23079944059593502,fixed_derived,0_to_1,"imports_GDP_share/final_consumption_GDP_share capped [0,1]"
baseline-official-v2,A4A_COL_THETA_R_DOM,theta_R_dom,COL,,,,0.769200559404065,fixed_derived,0_to_1,theta_R_dom anchored to (1-m_M) by author-review convention.
baseline-official-v2,A4A_COL_TAU_AVAILABLE_FROZEN_R0_NOTE,tau_available_frozen_r0_note,COL,,,,1.0,fixed_note,declared,Disposable tax rates are frozen at r0 in the consumption chain; favorable second-order bias for r>=1 is declared.
baseline-official-v2,A4A_MEX_A_AIPI_TOTAL,A_aipi_total,MEX,,,,0.532044,fixed_observed,0_to_1,observed AIPI carried to 2024
baseline-official-v2,A4A_MEX_GAP_EXCLUDED_INDICATORS,Gap_excluded_indicators,MEX,,,,0.3512321314632644,fixed_observed,0_to_1,"gap_index = 1 - average(normalized LTE coverage, fixed speed, mobile speed); excluded indicators verified against AIPI note"
baseline-official-v2,A4A_MEX_I_ADOPT_INFORMALITY,I_adopt_informality,MEX,,,,0.50592,fixed_observed,0_to_1,country-specific informality anchor
baseline-official-v2,A4A_MEX_Q_USE_TARGET,q_use_target,MEX,,,,0.11983908235817226,bounded_PERT,0_to_1,OECD-Eurostat benchmark adoption average scaled by country AIPI relative to benchmark AIPI; support +/-30%.
baseline-official-v2,A4A_MEX_Q_BAR,q_bar,MEX,,,,0.5714239342683678,derived_bounded_PERT,0_to_1,1 - omega_I*I - omega_G*Gap
baseline-official-v2,A4A_MEX_Q_USE_TARGET_ADJ,q_use_target_adj,MEX,,,,0.11983908235817226,derived_bounded_PERT,0_to_1,Target projected to interior support
baseline-official-v2,A4A_MEX_Q_PROD_T0,q_prod_t0,MEX,,,,0.11983908235817226,derived_bounded_PERT,0_to_1,Initial condition q_prod_t0=q_use_target_adj
baseline-official-v2,A4A_MEX_MU_T0_DERIVED_NOT_FREE,mu_t0_derived_not_free,MEX,,,,-1.4300813603093334,fixed_derived,declared,"Derived by logit inversion; primitive is q_use_target, not mu"
baseline-official-v2,A4A_MEX_LABOR_SHARE,labor_share,MEX,,,,0.3602636754512787,fixed_observed,0_to_1,country-specific PWT labsh
baseline-official-v2,A4A_MEX_TAU_L_EFF,tau_L_eff,MEX,,,,0.17874025728691667,fixed_derived,0_to_1,(PIT_GDP+social_contrib_GDP)/labor_share_GDP
baseline-official-v2,A4A_MEX_TAU_K_EFF,tau_K_eff,MEX,,,,0.0585849305740002,fixed_derived,0_to_1,CIT_GDP/(1-labor_share)
baseline-official-v2,A4A_MEX_TAU_C_EFF,tau_C_eff,MEX,,,,0.05044454280782222,fixed_derived,0_to_1,VAT_GDP/final_consumption_GDP_share
baseline-official-v2,A4A_MEX_E_PROD,E_prod,MEX,,,,0.11,bounded_PERT,declared,LAC fallback; is_lac_fallback=TRUE for official 4C until country occupation exposure is available.
baseline-official-v2,A4A_MEX_E_AUTO,E_auto,MEX,,,,0.035,bounded_PERT,declared,LAC automation-risk anchor.
baseline-official-v2,A4A_MEX_M_M,m_M,MEX,,,,0.4634474210605287,fixed_derived,0_to_1,"imports_GDP_share/final_consumption_GDP_share capped [0,1]"
baseline-official-v2,A4A_MEX_THETA_R_DOM,theta_R_dom,MEX,,,,0.5365525789394713,fixed_derived,0_to_1,theta_R_dom anchored to (1-m_M) by author-review convention.
baseline-official-v2,A4A_MEX_TAU_AVAILABLE_FROZEN_R0_NOTE,tau_available_frozen_r0_note,MEX,,,,1.0,fixed_note,declared,Disposable tax rates are frozen at r0 in the consumption chain; favorable second-order bias for r>=1 is declared.
baseline-official-v2,OFFICIAL_V2_phi_Y_nom_high_GLOBAL_high__,phi_Y_nom_high,,,high,,0.0038013043701647,derived_bounded_PERT,declared,"phi_high_Y (0.00380) < phi_mid (0.00425) por el puente LP->Y del propio paper (ecuación de midpoints); los labels de escenario están disciplinados por fuente, NO son monótonos en phi_Y; toda tabla reporta phi_high_LP y phi_high_Y juntos; la cláusula de clase 'cruza solo en high' es inerte de facto en el determinístico."
baseline-official-v2,OFFICIAL_V2_phi_raw_high_GLOBAL_high__,phi_raw_high,,,high,,0.0085,bounded_PERT,declared,Raw source-unit AI shock. Nominal GDP-equivalent value is derived separately.
baseline-official-v2,OFFICIAL_V2_pi_AI_Y_high_GLOBAL_high__,pi_AI_Y_high,,,high,,0.0,fixed,declared,Nominal bridge is multiplicative; baseline sets explicit AI price wedge to zero.
baseline-official-v2,OFFICIAL_V2_kappa_TFP_to_Y_low_GLOBAL_low__,kappa_TFP_to_Y_low,,,low,,1.0,fixed,declared,TFP/Y shocks use identity bridge; LP high scenario uses observed Peru labor share as conservative output bridge.
baseline-official-v2,OFFICIAL_V2_phi_Y_nom_low_GLOBAL_low__,phi_Y_nom_low,,,low,,0.0004999999999999,derived_bounded_PERT,declared,Derived for calibration only; no economic result is computed in Etapa 3A.
baseline-official-v2,OFFICIAL_V2_phi_raw_low_GLOBAL_low__,phi_raw_low,,,low,,0.0005,bounded_PERT,declared,Raw source-unit AI shock. Nominal GDP-equivalent value is derived separately.
baseline-official-v2,OFFICIAL_V2_pi_AI_Y_low_GLOBAL_low__,pi_AI_Y_low,,,low,,0.0,fixed,declared,Nominal bridge is multiplicative; baseline sets explicit AI price wedge to zero.
baseline-official-v2,OFFICIAL_V2_kappa_TFP_to_Y_mid_GLOBAL_mid__,kappa_TFP_to_Y_mid,,,mid,,1.0,fixed,declared,TFP/Y shocks use identity bridge; LP high scenario uses observed Peru labor share as conservative output bridge.
baseline-official-v2,OFFICIAL_V2_phi_Y_nom_mid_GLOBAL_mid__,phi_Y_nom_mid,,,mid,,0.00425,derived_bounded_PERT,declared,Derived for calibration only; no economic result is computed in Etapa 3A.
baseline-official-v2,OFFICIAL_V2_phi_raw_mid_GLOBAL_mid__,phi_raw_mid,,,mid,,0.00425,bounded_PERT,declared,Raw source-unit AI shock. Nominal GDP-equivalent value is derived separately.
baseline-official-v2,OFFICIAL_V2_pi_AI_Y_mid_GLOBAL_mid__,pi_AI_Y_mid,,,mid,,0.0,fixed,declared,Nominal bridge is multiplicative; baseline sets explicit AI price wedge to zero.
baseline-official-v2,OFFICIAL_V2_kappa_Y_to_Y_stress_GLOBAL_stress__,kappa_Y_to_Y_stress,,,stress,,1.0,fixed,declared,TFP/Y shocks use identity bridge; LP high scenario uses observed Peru labor share as conservative output bridge.
baseline-official-v2,OFFICIAL_V2_phi_Y_nom_stress_GLOBAL_stress__,phi_Y_nom_stress,,,stress,,0.0149999999999999,derived_bounded_PERT,declared,Derived for calibration only; no economic result is computed in Etapa 3A.
baseline-official-v2,OFFICIAL_V2_phi_raw_stress_GLOBAL_stress__,phi_raw_stress,,,stress,,0.015,bounded_PERT,declared,Raw source-unit AI shock. Nominal GDP-equivalent value is derived separately.
baseline-official-v2,OFFICIAL_V2_pi_AI_Y_stress_GLOBAL_stress__,pi_AI_Y_stress,,,stress,,0.0,fixed,declared,Nominal bridge is multiplicative; baseline sets explicit AI price wedge to zero.
baseline-official-v2,OFFICIAL_V2_epsilon_ero_AI_r0_GLOBAL___r0,epsilon_ero_AI_r0,,,,r0,0.0,fixed,declared,Companion mandatory for any headline result relying on r>=1; Etapa 3A only registers the grid.
baseline-official-v2,OFFICIAL_V2_epsilon_ero_C_r0_GLOBAL___r0,epsilon_ero_C_r0,,,,r0,0.0,fixed,declared,Companion mandatory for any headline result relying on r>=1; Etapa 3A only registers the grid.
baseline-official-v2,OFFICIAL_V2_epsilon_ero_K_r0_GLOBAL___r0,epsilon_ero_K_r0,,,,r0,0.0,fixed,declared,Companion mandatory for any headline result relying on r>=1; Etapa 3A only registers the grid.
baseline-official-v2,OFFICIAL_V2_epsilon_ero_L_r0_GLOBAL___r0,epsilon_ero_L_r0,,,,r0,0.0,fixed,declared,Companion mandatory for any headline result relying on r>=1; Etapa 3A only registers the grid.
baseline-official-v2,OFFICIAL_V2_epsilon_ero_AI_r1_GLOBAL___r1,epsilon_ero_AI_r1,,,,r1,0.5,discrete_grid_or_bounded_PERT,declared,Companion mandatory for any headline result relying on r>=1; Etapa 3A only registers the grid.
baseline-official-v2,OFFICIAL_V2_epsilon_ero_C_r1_GLOBAL___r1,epsilon_ero_C_r1,,,,r1,0.5,discrete_grid_or_bounded_PERT,declared,Companion mandatory for any headline result relying on r>=1; Etapa 3A only registers the grid.
baseline-official-v2,OFFICIAL_V2_epsilon_ero_K_r1_GLOBAL___r1,epsilon_ero_K_r1,,,,r1,0.5,discrete_grid_or_bounded_PERT,declared,Companion mandatory for any headline result relying on r>=1; Etapa 3A only registers the grid.
baseline-official-v2,OFFICIAL_V2_epsilon_ero_L_r1_GLOBAL___r1,epsilon_ero_L_r1,,,,r1,0.5,discrete_grid_or_bounded_PERT,declared,Companion mandatory for any headline result relying on r>=1; Etapa 3A only registers the grid.
baseline-official-v2,OFFICIAL_V2_epsilon_ero_AI_r2_GLOBAL___r2,epsilon_ero_AI_r2,,,,r2,0.5,discrete_grid_or_bounded_PERT,declared,Companion mandatory for any headline result relying on r>=1; Etapa 3A only registers the grid.
baseline-official-v2,OFFICIAL_V2_epsilon_ero_C_r2_GLOBAL___r2,epsilon_ero_C_r2,,,,r2,0.5,discrete_grid_or_bounded_PERT,declared,Companion mandatory for any headline result relying on r>=1; Etapa 3A only registers the grid.
baseline-official-v2,OFFICIAL_V2_epsilon_ero_K_r2_GLOBAL___r2,epsilon_ero_K_r2,,,,r2,0.5,discrete_grid_or_bounded_PERT,declared,Companion mandatory for any headline result relying on r>=1; Etapa 3A only registers the grid.
baseline-official-v2,OFFICIAL_V2_epsilon_ero_L_r2_GLOBAL___r2,epsilon_ero_L_r2,,,,r2,0.5,discrete_grid_or_bounded_PERT,declared,Companion mandatory for any headline result relying on r>=1; Etapa 3A only registers the grid.
baseline-official-v2,OFFICIAL_V2_epsilon_ero_AI_r3_GLOBAL___r3,epsilon_ero_AI_r3,,,,r3,0.5,discrete_grid_or_bounded_PERT,declared,Companion mandatory for any headline result relying on r>=1; Etapa 3A only registers the grid.
baseline-official-v2,OFFICIAL_V2_epsilon_ero_C_r3_GLOBAL___r3,epsilon_ero_C_r3,,,,r3,0.5,discrete_grid_or_bounded_PERT,declared,Companion mandatory for any headline result relying on r>=1; Etapa 3A only registers the grid.
baseline-official-v2,OFFICIAL_V2_epsilon_ero_K_r3_GLOBAL___r3,epsilon_ero_K_r3,,,,r3,0.5,discrete_grid_or_bounded_PERT,declared,Companion mandatory for any headline result relying on r>=1; Etapa 3A only registers the grid.
baseline-official-v2,OFFICIAL_V2_epsilon_ero_L_r3_GLOBAL___r3,epsilon_ero_L_r3,,,,r3,0.5,discrete_grid_or_bounded_PERT,declared,Companion mandatory for any headline result relying on r>=1; Etapa 3A only registers the grid.
baseline-official-v2,OFFICIAL_V2_epsilon_ero_AI_r4_GLOBAL___r4,epsilon_ero_AI_r4,,,,r4,0.5,discrete_grid_or_bounded_PERT,declared,Companion mandatory for any headline result relying on r>=1; Etapa 3A only registers the grid.
baseline-official-v2,OFFICIAL_V2_epsilon_ero_C_r4_GLOBAL___r4,epsilon_ero_C_r4,,,,r4,0.5,discrete_grid_or_bounded_PERT,declared,Companion mandatory for any headline result relying on r>=1; Etapa 3A only registers the grid.
baseline-official-v2,OFFICIAL_V2_epsilon_ero_K_r4_GLOBAL___r4,epsilon_ero_K_r4,,,,r4,0.5,discrete_grid_or_bounded_PERT,declared,Companion mandatory for any headline result relying on r>=1; Etapa 3A only registers the grid.
baseline-official-v2,OFFICIAL_V2_epsilon_ero_L_r4_GLOBAL___r4,epsilon_ero_L_r4,,,,r4,0.5,discrete_grid_or_bounded_PERT,declared,Companion mandatory for any headline result relying on r>=1; Etapa 3A only registers the grid.
baseline-official-v2,OFFICIAL_V2_lambda_AI_high_GLOBAL_high__,lambda_AI_high,,,high,,0.06,bounded_PERT,declared,"AI-rent share is an economic scenario object, not regime-indexed. Subset convention is used, so lambda_AI_Kbase mirrors this value."
baseline-official-v2,OFFICIAL_V2_lambda_AI_low_GLOBAL_low__,lambda_AI_low,,,low,,0.0,bounded_PERT,declared,"AI-rent share is an economic scenario object, not regime-indexed. Subset convention is used, so lambda_AI_Kbase mirrors this value."
baseline-official-v2,OFFICIAL_V2_lambda_AI_mid_GLOBAL_mid__,lambda_AI_mid,,,mid,,0.03,bounded_PERT,declared,"AI-rent share is an economic scenario object, not regime-indexed. Subset convention is used, so lambda_AI_Kbase mirrors this value."
baseline-official-v2,OFFICIAL_V2_lambda_AI_stress_GLOBAL_stress__,lambda_AI_stress,,,stress,,0.1,bounded_PERT,declared,"AI-rent share is an economic scenario object, not regime-indexed. Subset convention is used, so lambda_AI_Kbase mirrors this value."
baseline-official-v2,OFFICIAL_V2_lambda_AI_Kbase_high_GLOBAL_high__,lambda_AI_Kbase_high,,,high,,0.06,derived_bounded_PERT,declared,Netting field for omega_K_net. This prevents counting the same AI rents in capital and AI-rent channels.
baseline-official-v2,OFFICIAL_V2_lambda_AI_Kbase_low_GLOBAL_low__,lambda_AI_Kbase_low,,,low,,0.0,derived_bounded_PERT,declared,Netting field for omega_K_net. This prevents counting the same AI rents in capital and AI-rent channels.
baseline-official-v2,OFFICIAL_V2_lambda_AI_Kbase_mid_GLOBAL_mid__,lambda_AI_Kbase_mid,,,mid,,0.03,derived_bounded_PERT,declared,Netting field for omega_K_net. This prevents counting the same AI rents in capital and AI-rent channels.
baseline-official-v2,OFFICIAL_V2_lambda_AI_Kbase_stress_GLOBAL_stress__,lambda_AI_Kbase_stress,,,stress,,0.1,derived_bounded_PERT,declared,Netting field for omega_K_net. This prevents counting the same AI rents in capital and AI-rent channels.
baseline-official-v2,OFFICIAL_V2_base_broadening_delta_r0_GLOBAL___r0,base_broadening_delta_r0,,,,r0,0.0,fixed,declared,Registered for regime audit. Primary effective-rate convention does not apply base-side and rate-side margins twice.
baseline-official-v2,OFFICIAL_V2_leakage_multiplier_r0_GLOBAL___r0,leakage_multiplier_r0,,,,r0,1.0,fixed,declared,Only a pre-run ordered scalar for later engine use; leakage is not subtracted here.
baseline-official-v2,OFFICIAL_V2_tau_AI_eff_r0_GLOBAL___r0,tau_AI_eff_r0,,,,r0,0.0,fixed,declared,Status quo and non-rent regimes have zero AI rent capture.
baseline-official-v2,OFFICIAL_V2_tau_C_relative_delta_r0_GLOBAL___r0,tau_C_relative_delta_r0,,,,r0,0.0,fixed,declared,Mechanical reform-regime delta for pre-run calibration; no behavioral result is computed here.
baseline-official-v2,OFFICIAL_V2_tau_K_relative_delta_r0_GLOBAL___r0,tau_K_relative_delta_r0,,,,r0,0.0,fixed,declared,Mechanical reform-regime delta for pre-run calibration; no behavioral result is computed here.
baseline-official-v2,OFFICIAL_V2_tau_L_relative_delta_r0_GLOBAL___r0,tau_L_relative_delta_r0,,,,r0,0.0,fixed,declared,Mechanical reform-regime delta for pre-run calibration; no behavioral result is computed here.
baseline-official-v2,OFFICIAL_V2_base_broadening_delta_r1_GLOBAL___r1,base_broadening_delta_r1,,,,r1,0.05,bounded_PERT,declared,Registered for regime audit. Primary effective-rate convention does not apply base-side and rate-side margins twice.
baseline-official-v2,OFFICIAL_V2_leakage_multiplier_r1_GLOBAL___r1,leakage_multiplier_r1,,,,r1,0.75,bounded_PERT,declared,Only a pre-run ordered scalar for later engine use; leakage is not subtracted here.
baseline-official-v2,OFFICIAL_V2_tau_AI_eff_r1_GLOBAL___r1,tau_AI_eff_r1,,,,r1,0.0,fixed,declared,Status quo and non-rent regimes have zero AI rent capture.
baseline-official-v2,OFFICIAL_V2_tau_C_relative_delta_r1_GLOBAL___r1,tau_C_relative_delta_r1,,,,r1,0.1,bounded_PERT,declared,Mechanical reform-regime delta for pre-run calibration; no behavioral result is computed here.
baseline-official-v2,OFFICIAL_V2_tau_K_relative_delta_r1_GLOBAL___r1,tau_K_relative_delta_r1,,,,r1,0.1,bounded_PERT,declared,Mechanical reform-regime delta for pre-run calibration; no behavioral result is computed here.
baseline-official-v2,OFFICIAL_V2_tau_L_relative_delta_r1_GLOBAL___r1,tau_L_relative_delta_r1,,,,r1,0.1,bounded_PERT,declared,Mechanical reform-regime delta for pre-run calibration; no behavioral result is computed here.
baseline-official-v2,OFFICIAL_V2_base_broadening_delta_r2_GLOBAL___r2,base_broadening_delta_r2,,,,r2,0.1,bounded_PERT,declared,Registered for regime audit. Primary effective-rate convention does not apply base-side and rate-side margins twice.
baseline-official-v2,OFFICIAL_V2_leakage_multiplier_r2_GLOBAL___r2,leakage_multiplier_r2,,,,r2,0.75,bounded_PERT,declared,Only a pre-run ordered scalar for later engine use; leakage is not subtracted here.
baseline-official-v2,OFFICIAL_V2_tau_AI_eff_r2_GLOBAL___r2,tau_AI_eff_r2,,,,r2,0.0,fixed,declared,Status quo and non-rent regimes have zero AI rent capture.
baseline-official-v2,OFFICIAL_V2_tau_C_relative_delta_r2_GLOBAL___r2,tau_C_relative_delta_r2,,,,r2,0.15,bounded_PERT,declared,Mechanical reform-regime delta for pre-run calibration; no behavioral result is computed here.
baseline-official-v2,OFFICIAL_V2_tau_K_relative_delta_r2_GLOBAL___r2,tau_K_relative_delta_r2,,,,r2,0.15,bounded_PERT,declared,Mechanical reform-regime delta for pre-run calibration; no behavioral result is computed here.
baseline-official-v2,OFFICIAL_V2_tau_L_relative_delta_r2_GLOBAL___r2,tau_L_relative_delta_r2,,,,r2,0.15,bounded_PERT,declared,Mechanical reform-regime delta for pre-run calibration; no behavioral result is computed here.
baseline-official-v2,OFFICIAL_V2_base_broadening_delta_r3_GLOBAL___r3,base_broadening_delta_r3,,,,r3,0.05,bounded_PERT,declared,Registered for regime audit. Primary effective-rate convention does not apply base-side and rate-side margins twice.
baseline-official-v2,OFFICIAL_V2_leakage_multiplier_r3_GLOBAL___r3,leakage_multiplier_r3,,,,r3,0.9,bounded_PERT,declared,Only a pre-run ordered scalar for later engine use; leakage is not subtracted here.
baseline-official-v2,OFFICIAL_V2_tau_AI_eff_r3_GLOBAL___r3,tau_AI_eff_r3,,,,r3,0.05,bounded_PERT,declared,Status quo and non-rent regimes have zero AI rent capture.
baseline-official-v2,OFFICIAL_V2_tau_C_relative_delta_r3_GLOBAL___r3,tau_C_relative_delta_r3,,,,r3,0.0,bounded_PERT,declared,Mechanical reform-regime delta for pre-run calibration; no behavioral result is computed here.
baseline-official-v2,OFFICIAL_V2_tau_K_relative_delta_r3_GLOBAL___r3,tau_K_relative_delta_r3,,,,r3,0.0,bounded_PERT,declared,Mechanical reform-regime delta for pre-run calibration; no behavioral result is computed here.
baseline-official-v2,OFFICIAL_V2_tau_L_relative_delta_r3_GLOBAL___r3,tau_L_relative_delta_r3,,,,r3,0.0,bounded_PERT,declared,Mechanical reform-regime delta for pre-run calibration; no behavioral result is computed here.
baseline-official-v2,OFFICIAL_V2_base_broadening_delta_r4_GLOBAL___r4,base_broadening_delta_r4,,,,r4,0.2,bounded_PERT,declared,Registered for regime audit. Primary effective-rate convention does not apply base-side and rate-side margins twice.
baseline-official-v2,OFFICIAL_V2_leakage_multiplier_r4_GLOBAL___r4,leakage_multiplier_r4,,,,r4,0.5,bounded_PERT,declared,Only a pre-run ordered scalar for later engine use; leakage is not subtracted here.
baseline-official-v2,OFFICIAL_V2_tau_AI_eff_r4_GLOBAL___r4,tau_AI_eff_r4,,,,r4,0.08,bounded_PERT,declared,Status quo and non-rent regimes have zero AI rent capture.
baseline-official-v2,OFFICIAL_V2_tau_C_relative_delta_r4_GLOBAL___r4,tau_C_relative_delta_r4,,,,r4,0.25,bounded_PERT,declared,Mechanical reform-regime delta for pre-run calibration; no behavioral result is computed here.
baseline-official-v2,OFFICIAL_V2_tau_K_relative_delta_r4_GLOBAL___r4,tau_K_relative_delta_r4,,,,r4,0.25,bounded_PERT,declared,Mechanical reform-regime delta for pre-run calibration; no behavioral result is computed here.
baseline-official-v2,OFFICIAL_V2_tau_L_relative_delta_r4_GLOBAL___r4,tau_L_relative_delta_r4,,,,r4,0.25,bounded_PERT,declared,Mechanical reform-regime delta for pre-run calibration; no behavioral result is computed here.
baseline-official-v2,OFFICIAL_V2_frontier_benchmark_avg_adoption_proxy_GLOBAL___,frontier_benchmark_avg_adoption_proxy,,,,,0.1517625,fixed_observed_average,declared,Used only to calibrate q_use_target prior and document benchmark choice; s_frontier_score is computed in 3B.
baseline-official-v2,OFFICIAL_V2_frontier_benchmark_avg_aipi_GLOBAL___,frontier_benchmark_avg_aipi,,,,,0.6734721666666669,fixed_observed_average,0_to_1,Population-consistency scalar for q_use_target prior.
baseline-official-v2,OFFICIAL_V2_frontier_benchmark_member_count_GLOBAL___,frontier_benchmark_member_count,,,,,24.0,fixed,declared,Benchmark chosen as OECD/advanced Eurostat economies available in isoc_eb_ai because phi_mid is disciplined by OECD micro-to-macro evidence.
baseline-official-v2,OFFICIAL_V2_I_ceiling_informality_PER___,I_ceiling_informality,PER,,,,0.6746800000000001,bounded_PERT,0_to_1,Same observed informality used for adoption ceiling.
baseline-official-v2,OFFICIAL_V2_LS_labor_share_PER___,LS_labor_share,PER,,,,0.447212278842926,fixed,0_to_1,PWT labor share carried forward to 2024.
baseline-official-v2,OFFICIAL_V2_E_aug_PER___,E_aug,PER,,,,0.11,bounded_PERT,0_to_1,No automation/augmentation split in snapshot; augmentation uses LAC productive-exposure fallback.
baseline-official-v2,OFFICIAL_V2_RST_PER___,RST,PER,,,,0.39759036144578314,bounded_PERT,0_to_1,"RST proxy uses AIPI human_capital_labor residualized on total AIPI over the international AIPI sample, then percentile-ranked."
baseline-official-v2,OFFICIAL_V2_tau_L_disp_PER___,tau_L_disp,PER,,,,0.0804966095753286,fixed,0_to_1,Disposable labor rate frozen at r0 observed effective labor rate.
baseline-official-v2,OFFICIAL_V2_tau_K_disp_PER___,tau_K_disp,PER,,,,0.0679185390505772,fixed,0_to_1,Disposable capital rate frozen at r0 observed effective capital rate.
baseline-official-v2,OFFICIAL_V2_tau_C_disp_PER___,tau_C_disp,PER,,,,0.08476226759934355,fixed,0_to_1,"Observed consumption effective tax rate; MFC uses regime-indexed rate, disposable chain freezes r0."
baseline-official-v2,OFFICIAL_V2_mpc_W_PER___,mpc_W,PER,,,,0.7418444417661,bounded_PERT,0_to_1,Final-consumption/GDP share as transparent proxy for labor-income MPC.
baseline-official-v2,OFFICIAL_V2_mpc_Pi_PER___,mpc_Pi,PER,,,,0.37092222088305,bounded_PERT,0_to_1,Profit-income MPC proxy set below labor-income proxy.
baseline-official-v2,OFFICIAL_V2_mpc_R_PER___,mpc_R,PER,,,,0.556383331324575,bounded_PERT,0_to_1,Residual-income MPC proxy between labor and profit proxies.
baseline-official-v2,OFFICIAL_V2_sPB_plus_gdp_ratio_PER___,sPB_plus_gdp_ratio,PER,,,,0.007106971419037426,fixed,declared,"max(0,-pb_gap_gdp_pp)/100 because anchor stores IMF percent-of-GDP values in percentage points."
baseline-official-v2,OFFICIAL_V2_beta_translation_PER___,beta_translation,PER,,,,1.0,bounded_PERT,declared,"Baseline unit elasticity; sensitivity grid {0.5,1,1.5,2}."
baseline-official-v2,OFFICIAL_V2_gamma_translation_PER___,gamma_translation,PER,,,,1.0,bounded_PERT,declared,"Baseline unit elasticity; sensitivity grid {0.5,1,1.5,2}."
baseline-official-v2,OFFICIAL_V2_epsilon_PER___,epsilon,PER,,,,1e-09,fixed,declared,Frozen numerical floor for support checks and de-flooring.
baseline-official-v2,OFFICIAL_V2_epsilon_mu_PER___,epsilon_mu,PER,,,,1e-06,fixed,declared,Frozen logit inversion floor; q_use_target_adj is projected to interior support.
baseline-official-v2,OFFICIAL_V2_lambda_q_baseline_mid_PER___,lambda_q_baseline_mid,PER,,,,0.3,bounded_PERT,declared,"Baseline diffusion-speed grid {0.15,0.30,0.50}; frozen baseline keeps q_prod at anchor."
baseline-official-v2,OFFICIAL_V2_lambda_q_stress_instant_PER___,lambda_q_stress_instant,PER,,,,1.0,fixed,declared,"Instant-adoption stress only, not baseline primary."
baseline-official-v2,OFFICIAL_V2_nu_A_PER___,nu_A,PER,,,,1.0,bounded_PERT,declared,Preparedness coefficient; inert in frozen baseline because mu is inverted to target.
baseline-official-v2,OFFICIAL_V2_nu_I_PER___,nu_I,PER,,,,0.5,bounded_PERT,declared,Informality coefficient; inert in frozen baseline because mu is inverted to target.
baseline-official-v2,OFFICIAL_V2_nu_G_PER___,nu_G,PER,,,,0.5,bounded_PERT,declared,Gap coefficient; inert in frozen baseline because mu is inverted to target.
baseline-official-v2,OFFICIAL_V2_omega_I_PER___,omega_I,PER,,,,0.5,bounded_PERT,declared,Informality ceiling penalty; omega_I<1 is the paper economic restriction.
baseline-official-v2,OFFICIAL_V2_omega_G_PER___,omega_G,PER,,,,0.5,bounded_PERT,declared,"Digital-gap ceiling penalty, now based on excluded coverage+speed Gap."
baseline-official-v2,OFFICIAL_V2_delta_s_PER___,delta_s,PER,,,,0.5,bounded_PERT,declared,"Automation pressure grid {0.25,0.50,1.00}."
baseline-official-v2,OFFICIAL_V2_psi_s_PER___,psi_s,PER,,,,0.5,bounded_PERT,declared,"Augmentation pressure grid {0.25,0.50,1.00}."
baseline-official-v2,OFFICIAL_V2_zeta_s_PER___,zeta_s,PER,,,,0.5,bounded_PERT,declared,"Reskilling mitigation grid {0.25,0.50,1.00}; engine enforces zeta*RST through the weight formula."
baseline-official-v2,OFFICIAL_V2_lambda_LS_PER___,lambda_LS,PER,,,,0.5,bounded_PERT,declared,"Labor-share partial-adjustment grid {0.25,0.50,1.00}."
baseline-official-v2,OFFICIAL_V2_chi_Kbase_PER___,chi_Kbase,PER,,,,0.7,bounded_PERT,0_to_1,Share of non-labor surplus that is corporate taxable base; 1.0 only favorable variant.
baseline-official-v2,OFFICIAL_V2_chi_dom_PER___,chi_dom,PER,,,,0.95,bounded_PERT,0_to_1,Domestic share of incremental corporate base.
baseline-official-v2,OFFICIAL_V2_psi_shift_PER___,psi_shift,PER,,,,0.15,bounded_PERT,0_to_1,Ordinary shifting of incremental capital base; central conservative-moderate; zero only favorable labeled variant.
baseline-official-v2,OFFICIAL_V2_tau_R_disp_PER___,tau_R_disp,PER,,,,0.0,fixed,0_to_1,Residual non-labor income is routed through consumption only in primary.
baseline-official-v2,OFFICIAL_V2_exempt_C_PER___,exempt_C,PER,,,,0.0,fixed,0_to_1,Observed tau_C_eff already embeds exemptions and informal untaxed consumption; base-side exempt_C is zero to avoid double count.
baseline-official-v2,OFFICIAL_V2_kappa_LP_to_Y_high_PER_high__,kappa_LP_to_Y_high,PER,,high,,0.447212278842926,fixed,declared,Country-specific LP to Y bridge for high scenario.
baseline-official-v2,OFFICIAL_V2_phi_Y_nom_high_PER_high__,phi_Y_nom_high,PER,,high,,0.003801304370164793,derived_bounded_PERT,declared,High-scenario nominal GDP-equivalent shock is country-specific because kappa_LP_to_Y equals labor share.
baseline-official-v2,OFFICIAL_V2_I_ceiling_informality_CHL___,I_ceiling_informality,CHL,,,,0.27458,bounded_PERT,0_to_1,Same observed informality used for adoption ceiling.
baseline-official-v2,OFFICIAL_V2_LS_labor_share_CHL___,LS_labor_share,CHL,,,,0.4396144151687622,fixed,0_to_1,PWT labor share carried forward to 2024.
baseline-official-v2,OFFICIAL_V2_E_aug_CHL___,E_aug,CHL,,,,0.11,bounded_PERT,0_to_1,No automation/augmentation split in snapshot; augmentation uses LAC productive-exposure fallback.
baseline-official-v2,OFFICIAL_V2_RST_CHL___,RST,CHL,,,,0.5,bounded_PERT,0_to_1,"RST proxy uses AIPI human_capital_labor residualized on total AIPI over the international AIPI sample, then percentile-ranked."
baseline-official-v2,OFFICIAL_V2_tau_L_disp_CHL___,tau_L_disp,CHL,,,,0.07823103988119534,fixed,0_to_1,Disposable labor rate frozen at r0 observed effective labor rate.
baseline-official-v2,OFFICIAL_V2_tau_K_disp_CHL___,tau_K_disp,CHL,,,,0.0758952644530852,fixed,0_to_1,Disposable capital rate frozen at r0 observed effective capital rate.
baseline-official-v2,OFFICIAL_V2_tau_C_disp_CHL___,tau_C_disp,CHL,,,,0.117114874990871,fixed,0_to_1,"Observed consumption effective tax rate; MFC uses regime-indexed rate, disposable chain freezes r0."
baseline-official-v2,OFFICIAL_V2_mpc_W_CHL___,mpc_W,CHL,,,,0.7337433879854539,bounded_PERT,0_to_1,Final-consumption/GDP share as transparent proxy for labor-income MPC.
baseline-official-v2,OFFICIAL_V2_mpc_Pi_CHL___,mpc_Pi,CHL,,,,0.36687169399272695,bounded_PERT,0_to_1,Profit-income MPC proxy set below labor-income proxy.
baseline-official-v2,OFFICIAL_V2_mpc_R_CHL___,mpc_R,CHL,,,,0.5503075409890904,bounded_PERT,0_to_1,Residual-income MPC proxy between labor and profit proxies.
baseline-official-v2,OFFICIAL_V2_sPB_plus_gdp_ratio_CHL___,sPB_plus_gdp_ratio,CHL,,,,0.0,fixed,declared,"max(0,-pb_gap_gdp_pp)/100 because anchor stores IMF percent-of-GDP values in percentage points."
baseline-official-v2,OFFICIAL_V2_beta_translation_CHL___,beta_translation,CHL,,,,1.0,bounded_PERT,declared,"Baseline unit elasticity; sensitivity grid {0.5,1,1.5,2}."
baseline-official-v2,OFFICIAL_V2_gamma_translation_CHL___,gamma_translation,CHL,,,,1.0,bounded_PERT,declared,"Baseline unit elasticity; sensitivity grid {0.5,1,1.5,2}."
baseline-official-v2,OFFICIAL_V2_epsilon_CHL___,epsilon,CHL,,,,1e-09,fixed,declared,Frozen numerical floor for support checks and de-flooring.
baseline-official-v2,OFFICIAL_V2_epsilon_mu_CHL___,epsilon_mu,CHL,,,,1e-06,fixed,declared,Frozen logit inversion floor; q_use_target_adj is projected to interior support.
baseline-official-v2,OFFICIAL_V2_lambda_q_baseline_mid_CHL___,lambda_q_baseline_mid,CHL,,,,0.3,bounded_PERT,declared,"Baseline diffusion-speed grid {0.15,0.30,0.50}; frozen baseline keeps q_prod at anchor."
baseline-official-v2,OFFICIAL_V2_lambda_q_stress_instant_CHL___,lambda_q_stress_instant,CHL,,,,1.0,fixed,declared,"Instant-adoption stress only, not baseline primary."
baseline-official-v2,OFFICIAL_V2_nu_A_CHL___,nu_A,CHL,,,,1.0,bounded_PERT,declared,Preparedness coefficient; inert in frozen baseline because mu is inverted to target.
baseline-official-v2,OFFICIAL_V2_nu_I_CHL___,nu_I,CHL,,,,0.5,bounded_PERT,declared,Informality coefficient; inert in frozen baseline because mu is inverted to target.
baseline-official-v2,OFFICIAL_V2_nu_G_CHL___,nu_G,CHL,,,,0.5,bounded_PERT,declared,Gap coefficient; inert in frozen baseline because mu is inverted to target.
baseline-official-v2,OFFICIAL_V2_omega_I_CHL___,omega_I,CHL,,,,0.5,bounded_PERT,declared,Informality ceiling penalty; omega_I<1 is the paper economic restriction.
baseline-official-v2,OFFICIAL_V2_omega_G_CHL___,omega_G,CHL,,,,0.5,bounded_PERT,declared,"Digital-gap ceiling penalty, now based on excluded coverage+speed Gap."
baseline-official-v2,OFFICIAL_V2_delta_s_CHL___,delta_s,CHL,,,,0.5,bounded_PERT,declared,"Automation pressure grid {0.25,0.50,1.00}."
baseline-official-v2,OFFICIAL_V2_psi_s_CHL___,psi_s,CHL,,,,0.5,bounded_PERT,declared,"Augmentation pressure grid {0.25,0.50,1.00}."
baseline-official-v2,OFFICIAL_V2_zeta_s_CHL___,zeta_s,CHL,,,,0.5,bounded_PERT,declared,"Reskilling mitigation grid {0.25,0.50,1.00}; engine enforces zeta*RST through the weight formula."
baseline-official-v2,OFFICIAL_V2_lambda_LS_CHL___,lambda_LS,CHL,,,,0.5,bounded_PERT,declared,"Labor-share partial-adjustment grid {0.25,0.50,1.00}."
baseline-official-v2,OFFICIAL_V2_chi_Kbase_CHL___,chi_Kbase,CHL,,,,0.7,bounded_PERT,0_to_1,Share of non-labor surplus that is corporate taxable base; 1.0 only favorable variant.
baseline-official-v2,OFFICIAL_V2_chi_dom_CHL___,chi_dom,CHL,,,,0.95,bounded_PERT,0_to_1,Domestic share of incremental corporate base.
baseline-official-v2,OFFICIAL_V2_psi_shift_CHL___,psi_shift,CHL,,,,0.15,bounded_PERT,0_to_1,Ordinary shifting of incremental capital base; central conservative-moderate; zero only favorable labeled variant.
baseline-official-v2,OFFICIAL_V2_tau_R_disp_CHL___,tau_R_disp,CHL,,,,0.0,fixed,0_to_1,Residual non-labor income is routed through consumption only in primary.
baseline-official-v2,OFFICIAL_V2_exempt_C_CHL___,exempt_C,CHL,,,,0.0,fixed,0_to_1,Observed tau_C_eff already embeds exemptions and informal untaxed consumption; base-side exempt_C is zero to avoid double count.
baseline-official-v2,OFFICIAL_V2_kappa_LP_to_Y_high_CHL_high__,kappa_LP_to_Y_high,CHL,,high,,0.4396144151687622,fixed,declared,Country-specific LP to Y bridge for high scenario.
baseline-official-v2,OFFICIAL_V2_phi_Y_nom_high_CHL_high__,phi_Y_nom_high,CHL,,high,,0.003736722528934422,derived_bounded_PERT,declared,High-scenario nominal GDP-equivalent shock is country-specific because kappa_LP_to_Y equals labor share.
baseline-official-v2,OFFICIAL_V2_I_ceiling_informality_COL___,I_ceiling_informality,COL,,,,0.56143,bounded_PERT,0_to_1,Same observed informality used for adoption ceiling.
baseline-official-v2,OFFICIAL_V2_LS_labor_share_COL___,LS_labor_share,COL,,,,0.4952113628387451,fixed,0_to_1,PWT labor share carried forward to 2024.
baseline-official-v2,OFFICIAL_V2_E_aug_COL___,E_aug,COL,,,,0.11,bounded_PERT,0_to_1,No automation/augmentation split in snapshot; augmentation uses LAC productive-exposure fallback.
baseline-official-v2,OFFICIAL_V2_RST_COL___,RST,COL,,,,0.6987951807228916,bounded_PERT,0_to_1,"RST proxy uses AIPI human_capital_labor residualized on total AIPI over the international AIPI sample, then percentile-ranked."
baseline-official-v2,OFFICIAL_V2_tau_L_disp_COL___,tau_L_disp,COL,,,,0.06452914158536067,fixed,0_to_1,Disposable labor rate frozen at r0 observed effective labor rate.
baseline-official-v2,OFFICIAL_V2_tau_K_disp_COL___,tau_K_disp,COL,,,,0.1065034343683816,fixed,0_to_1,Disposable capital rate frozen at r0 observed effective capital rate.
baseline-official-v2,OFFICIAL_V2_tau_C_disp_COL___,tau_C_disp,COL,,,,0.06394529573605691,fixed,0_to_1,"Observed consumption effective tax rate; MFC uses regime-indexed rate, disposable chain freezes r0."
baseline-official-v2,OFFICIAL_V2_mpc_W_COL___,mpc_W,COL,,,,0.876845252130955,bounded_PERT,0_to_1,Final-consumption/GDP share as transparent proxy for labor-income MPC.
baseline-official-v2,OFFICIAL_V2_mpc_Pi_COL___,mpc_Pi,COL,,,,0.4384226260654775,bounded_PERT,0_to_1,Profit-income MPC proxy set below labor-income proxy.
baseline-official-v2,OFFICIAL_V2_mpc_R_COL___,mpc_R,COL,,,,0.6576339390982162,bounded_PERT,0_to_1,Residual-income MPC proxy between labor and profit proxies.
baseline-official-v2,OFFICIAL_V2_sPB_plus_gdp_ratio_COL___,sPB_plus_gdp_ratio,COL,,,,0.01626649762972663,fixed,declared,"max(0,-pb_gap_gdp_pp)/100 because anchor stores IMF percent-of-GDP values in percentage points."
baseline-official-v2,OFFICIAL_V2_beta_translation_COL___,beta_translation,COL,,,,1.0,bounded_PERT,declared,"Baseline unit elasticity; sensitivity grid {0.5,1,1.5,2}."
baseline-official-v2,OFFICIAL_V2_gamma_translation_COL___,gamma_translation,COL,,,,1.0,bounded_PERT,declared,"Baseline unit elasticity; sensitivity grid {0.5,1,1.5,2}."
baseline-official-v2,OFFICIAL_V2_epsilon_COL___,epsilon,COL,,,,1e-09,fixed,declared,Frozen numerical floor for support checks and de-flooring.
baseline-official-v2,OFFICIAL_V2_epsilon_mu_COL___,epsilon_mu,COL,,,,1e-06,fixed,declared,Frozen logit inversion floor; q_use_target_adj is projected to interior support.
baseline-official-v2,OFFICIAL_V2_lambda_q_baseline_mid_COL___,lambda_q_baseline_mid,COL,,,,0.3,bounded_PERT,declared,"Baseline diffusion-speed grid {0.15,0.30,0.50}; frozen baseline keeps q_prod at anchor."
baseline-official-v2,OFFICIAL_V2_lambda_q_stress_instant_COL___,lambda_q_stress_instant,COL,,,,1.0,fixed,declared,"Instant-adoption stress only, not baseline primary."
baseline-official-v2,OFFICIAL_V2_nu_A_COL___,nu_A,COL,,,,1.0,bounded_PERT,declared,Preparedness coefficient; inert in frozen baseline because mu is inverted to target.
baseline-official-v2,OFFICIAL_V2_nu_I_COL___,nu_I,COL,,,,0.5,bounded_PERT,declared,Informality coefficient; inert in frozen baseline because mu is inverted to target.
baseline-official-v2,OFFICIAL_V2_nu_G_COL___,nu_G,COL,,,,0.5,bounded_PERT,declared,Gap coefficient; inert in frozen baseline because mu is inverted to target.
baseline-official-v2,OFFICIAL_V2_omega_I_COL___,omega_I,COL,,,,0.5,bounded_PERT,declared,Informality ceiling penalty; omega_I<1 is the paper economic restriction.
baseline-official-v2,OFFICIAL_V2_omega_G_COL___,omega_G,COL,,,,0.5,bounded_PERT,declared,"Digital-gap ceiling penalty, now based on excluded coverage+speed Gap."
baseline-official-v2,OFFICIAL_V2_delta_s_COL___,delta_s,COL,,,,0.5,bounded_PERT,declared,"Automation pressure grid {0.25,0.50,1.00}."
baseline-official-v2,OFFICIAL_V2_psi_s_COL___,psi_s,COL,,,,0.5,bounded_PERT,declared,"Augmentation pressure grid {0.25,0.50,1.00}."
baseline-official-v2,OFFICIAL_V2_zeta_s_COL___,zeta_s,COL,,,,0.5,bounded_PERT,declared,"Reskilling mitigation grid {0.25,0.50,1.00}; engine enforces zeta*RST through the weight formula."
baseline-official-v2,OFFICIAL_V2_lambda_LS_COL___,lambda_LS,COL,,,,0.5,bounded_PERT,declared,"Labor-share partial-adjustment grid {0.25,0.50,1.00}."
baseline-official-v2,OFFICIAL_V2_chi_Kbase_COL___,chi_Kbase,COL,,,,0.7,bounded_PERT,0_to_1,Share of non-labor surplus that is corporate taxable base; 1.0 only favorable variant.
baseline-official-v2,OFFICIAL_V2_chi_dom_COL___,chi_dom,COL,,,,0.95,bounded_PERT,0_to_1,Domestic share of incremental corporate base.
baseline-official-v2,OFFICIAL_V2_psi_shift_COL___,psi_shift,COL,,,,0.15,bounded_PERT,0_to_1,Ordinary shifting of incremental capital base; central conservative-moderate; zero only favorable labeled variant.
baseline-official-v2,OFFICIAL_V2_tau_R_disp_COL___,tau_R_disp,COL,,,,0.0,fixed,0_to_1,Residual non-labor income is routed through consumption only in primary.
baseline-official-v2,OFFICIAL_V2_exempt_C_COL___,exempt_C,COL,,,,0.0,fixed,0_to_1,Observed tau_C_eff already embeds exemptions and informal untaxed consumption; base-side exempt_C is zero to avoid double count.
baseline-official-v2,OFFICIAL_V2_kappa_LP_to_Y_high_COL_high__,kappa_LP_to_Y_high,COL,,high,,0.4952113628387451,fixed,declared,Country-specific LP to Y bridge for high scenario.
baseline-official-v2,OFFICIAL_V2_phi_Y_nom_high_COL_high__,phi_Y_nom_high,COL,,high,,0.004209296584129385,derived_bounded_PERT,declared,High-scenario nominal GDP-equivalent shock is country-specific because kappa_LP_to_Y equals labor share.
baseline-official-v2,OFFICIAL_V2_I_ceiling_informality_MEX___,I_ceiling_informality,MEX,,,,0.50592,bounded_PERT,0_to_1,Same observed informality used for adoption ceiling.
baseline-official-v2,OFFICIAL_V2_LS_labor_share_MEX___,LS_labor_share,MEX,,,,0.3602636754512787,fixed,0_to_1,PWT labor share carried forward to 2024.
baseline-official-v2,OFFICIAL_V2_E_aug_MEX___,E_aug,MEX,,,,0.11,bounded_PERT,0_to_1,No automation/augmentation split in snapshot; augmentation uses LAC productive-exposure fallback.
baseline-official-v2,OFFICIAL_V2_RST_MEX___,RST,MEX,,,,0.5963855421686747,bounded_PERT,0_to_1,"RST proxy uses AIPI human_capital_labor residualized on total AIPI over the international AIPI sample, then percentile-ranked."
baseline-official-v2,OFFICIAL_V2_tau_L_disp_MEX___,tau_L_disp,MEX,,,,0.17874025728691667,fixed,0_to_1,Disposable labor rate frozen at r0 observed effective labor rate.
baseline-official-v2,OFFICIAL_V2_tau_K_disp_MEX___,tau_K_disp,MEX,,,,0.0585849305740002,fixed,0_to_1,Disposable capital rate frozen at r0 observed effective capital rate.
baseline-official-v2,OFFICIAL_V2_tau_C_disp_MEX___,tau_C_disp,MEX,,,,0.05044454280782222,fixed,0_to_1,"Observed consumption effective tax rate; MFC uses regime-indexed rate, disposable chain freezes r0."
baseline-official-v2,OFFICIAL_V2_mpc_W_MEX___,mpc_W,MEX,,,,0.823012138536076,bounded_PERT,0_to_1,Final-consumption/GDP share as transparent proxy for labor-income MPC.
baseline-official-v2,OFFICIAL_V2_mpc_Pi_MEX___,mpc_Pi,MEX,,,,0.411506069268038,bounded_PERT,0_to_1,Profit-income MPC proxy set below labor-income proxy.
baseline-official-v2,OFFICIAL_V2_mpc_R_MEX___,mpc_R,MEX,,,,0.617259103902057,bounded_PERT,0_to_1,Residual-income MPC proxy between labor and profit proxies.
baseline-official-v2,OFFICIAL_V2_sPB_plus_gdp_ratio_MEX___,sPB_plus_gdp_ratio,MEX,,,,0.03275283466024046,fixed,declared,"max(0,-pb_gap_gdp_pp)/100 because anchor stores IMF percent-of-GDP values in percentage points."
baseline-official-v2,OFFICIAL_V2_beta_translation_MEX___,beta_translation,MEX,,,,1.0,bounded_PERT,declared,"Baseline unit elasticity; sensitivity grid {0.5,1,1.5,2}."
baseline-official-v2,OFFICIAL_V2_gamma_translation_MEX___,gamma_translation,MEX,,,,1.0,bounded_PERT,declared,"Baseline unit elasticity; sensitivity grid {0.5,1,1.5,2}."
baseline-official-v2,OFFICIAL_V2_epsilon_MEX___,epsilon,MEX,,,,1e-09,fixed,declared,Frozen numerical floor for support checks and de-flooring.
baseline-official-v2,OFFICIAL_V2_epsilon_mu_MEX___,epsilon_mu,MEX,,,,1e-06,fixed,declared,Frozen logit inversion floor; q_use_target_adj is projected to interior support.
baseline-official-v2,OFFICIAL_V2_lambda_q_baseline_mid_MEX___,lambda_q_baseline_mid,MEX,,,,0.3,bounded_PERT,declared,"Baseline diffusion-speed grid {0.15,0.30,0.50}; frozen baseline keeps q_prod at anchor."
baseline-official-v2,OFFICIAL_V2_lambda_q_stress_instant_MEX___,lambda_q_stress_instant,MEX,,,,1.0,fixed,declared,"Instant-adoption stress only, not baseline primary."
baseline-official-v2,OFFICIAL_V2_nu_A_MEX___,nu_A,MEX,,,,1.0,bounded_PERT,declared,Preparedness coefficient; inert in frozen baseline because mu is inverted to target.
baseline-official-v2,OFFICIAL_V2_nu_I_MEX___,nu_I,MEX,,,,0.5,bounded_PERT,declared,Informality coefficient; inert in frozen baseline because mu is inverted to target.
baseline-official-v2,OFFICIAL_V2_nu_G_MEX___,nu_G,MEX,,,,0.5,bounded_PERT,declared,Gap coefficient; inert in frozen baseline because mu is inverted to target.
baseline-official-v2,OFFICIAL_V2_omega_I_MEX___,omega_I,MEX,,,,0.5,bounded_PERT,declared,Informality ceiling penalty; omega_I<1 is the paper economic restriction.
baseline-official-v2,OFFICIAL_V2_omega_G_MEX___,omega_G,MEX,,,,0.5,bounded_PERT,declared,"Digital-gap ceiling penalty, now based on excluded coverage+speed Gap."
baseline-official-v2,OFFICIAL_V2_delta_s_MEX___,delta_s,MEX,,,,0.5,bounded_PERT,declared,"Automation pressure grid {0.25,0.50,1.00}."
baseline-official-v2,OFFICIAL_V2_psi_s_MEX___,psi_s,MEX,,,,0.5,bounded_PERT,declared,"Augmentation pressure grid {0.25,0.50,1.00}."
baseline-official-v2,OFFICIAL_V2_zeta_s_MEX___,zeta_s,MEX,,,,0.5,bounded_PERT,declared,"Reskilling mitigation grid {0.25,0.50,1.00}; engine enforces zeta*RST through the weight formula."
baseline-official-v2,OFFICIAL_V2_lambda_LS_MEX___,lambda_LS,MEX,,,,0.5,bounded_PERT,declared,"Labor-share partial-adjustment grid {0.25,0.50,1.00}."
baseline-official-v2,OFFICIAL_V2_chi_Kbase_MEX___,chi_Kbase,MEX,,,,0.7,bounded_PERT,0_to_1,Share of non-labor surplus that is corporate taxable base; 1.0 only favorable variant.
baseline-official-v2,OFFICIAL_V2_chi_dom_MEX___,chi_dom,MEX,,,,0.95,bounded_PERT,0_to_1,Domestic share of incremental corporate base.
baseline-official-v2,OFFICIAL_V2_psi_shift_MEX___,psi_shift,MEX,,,,0.15,bounded_PERT,0_to_1,Ordinary shifting of incremental capital base; central conservative-moderate; zero only favorable labeled variant.
baseline-official-v2,OFFICIAL_V2_tau_R_disp_MEX___,tau_R_disp,MEX,,,,0.0,fixed,0_to_1,Residual non-labor income is routed through consumption only in primary.
baseline-official-v2,OFFICIAL_V2_exempt_C_MEX___,exempt_C,MEX,,,,0.0,fixed,0_to_1,Observed tau_C_eff already embeds exemptions and informal untaxed consumption; base-side exempt_C is zero to avoid double count.
baseline-official-v2,OFFICIAL_V2_kappa_LP_to_Y_high_MEX_high__,kappa_LP_to_Y_high,MEX,,high,,0.3602636754512787,fixed,declared,Country-specific LP to Y bridge for high scenario.
baseline-official-v2,OFFICIAL_V2_phi_Y_nom_high_MEX_high__,phi_Y_nom_high,MEX,,high,,0.003062241241335917,derived_bounded_PERT,declared,High-scenario nominal GDP-equivalent shock is country-specific because kappa_LP_to_Y equals labor share.
baseline-official-v2,OFFICIAL_V2_policy_cost_gross_gdp_PEN_PER__PEN_,policy_cost_gross_gdp_PEN,PER,PEN,,,0.004324768262351125,fixed_observed_or_mechanical,declared,Gross recurring cost is the primary cost convention.
baseline-official-v2,OFFICIAL_V2_policy_cost_gross_gdp_GMI_ideal_aggregate_PER__GMI_,policy_cost_gross_gdp_GMI_ideal_aggregate,PER,GMI,,,0.02787208206208022,fixed_observed_or_mechanical,declared,Gross recurring cost is the primary cost convention.
baseline-official-v2,OFFICIAL_V2_chi_gmi_GMI_ideal_aggregate_PER__GMI_,chi_gmi_GMI_ideal_aggregate,PER,GMI,,,1.0,fixed,0_to_1,GMI aggregate gap-coverage parameter.
baseline-official-v2,OFFICIAL_V2_policy_cost_gross_gdp_GMI_loaded_aggregate_PER__GMI_,policy_cost_gross_gdp_GMI_loaded_aggregate,PER,GMI,,,0.04180812309312033,fixed_observed_or_mechanical,declared,Gross recurring cost is the primary cost convention.
baseline-official-v2,OFFICIAL_V2_chi_gmi_GMI_loaded_aggregate_PER__GMI_,chi_gmi_GMI_loaded_aggregate,PER,GMI,,,1.0,fixed,0_to_1,GMI aggregate gap-coverage parameter.
baseline-official-v2,OFFICIAL_V2_theta_target_GMI_loaded_PER__GMI_,theta_target_GMI_loaded,PER,GMI,,,1.5,bounded_PERT,declared,Loaded aggregate GMI is companion mandatory in rankings.
baseline-official-v2,OFFICIAL_V2_policy_cost_gross_gdp_MUT_PER__MUT_,policy_cost_gross_gdp_MUT,PER,MUT,,,0.0533947932223759,fixed_observed_or_mechanical,declared,Gross recurring cost is the primary cost convention.
baseline-official-v2,OFFICIAL_V2_eta_MUT_PER__MUT_,eta_MUT,PER,MUT,,,0.25,bounded_PERT,declared,Policy eta ladder registered for MUT/PBI/UBI.
baseline-official-v2,OFFICIAL_V2_policy_cost_gross_gdp_PBI_PER__PBI_,policy_cost_gross_gdp_PBI,PER,PBI,,,0.07576692890942052,fixed_observed_or_mechanical,declared,Gross recurring cost is the primary cost convention.
baseline-official-v2,OFFICIAL_V2_eta_PBI_PER__PBI_,eta_PBI,PER,PBI,,,0.5,bounded_PERT,declared,Policy eta ladder registered for MUT/PBI/UBI.
baseline-official-v2,OFFICIAL_V2_policy_cost_gross_gdp_UBI_PER__UBI_,policy_cost_gross_gdp_UBI,PER,UBI,,,0.2135791728895036,fixed_observed_or_mechanical,declared,Gross recurring cost is the primary cost convention.
baseline-official-v2,OFFICIAL_V2_eta_UBI_PER__UBI_,eta_UBI,PER,UBI,,,1.0,bounded_PERT,declared,Policy eta ladder registered for MUT/PBI/UBI.
baseline-official-v2,OFFICIAL_V2_policy_cost_gross_gdp_PEN_CHL__PEN_,policy_cost_gross_gdp_PEN,CHL,PEN,,,0.023124413031215346,fixed_observed_or_mechanical,declared,Gross recurring cost is the primary cost convention.
baseline-official-v2,OFFICIAL_V2_policy_cost_gross_gdp_GMI_ideal_aggregate_CHL__GMI_,policy_cost_gross_gdp_GMI_ideal_aggregate,CHL,GMI,,,0.0014636228592727473,fixed_observed_or_mechanical,declared,Gross recurring cost is the primary cost convention.
baseline-official-v2,OFFICIAL_V2_chi_gmi_GMI_ideal_aggregate_CHL__GMI_,chi_gmi_GMI_ideal_aggregate,CHL,GMI,,,1.0,fixed,0_to_1,GMI aggregate gap-coverage parameter.
baseline-official-v2,OFFICIAL_V2_policy_cost_gross_gdp_GMI_loaded_aggregate_CHL__GMI_,policy_cost_gross_gdp_GMI_loaded_aggregate,CHL,GMI,,,0.002195434288909121,fixed_observed_or_mechanical,declared,Gross recurring cost is the primary cost convention.
baseline-official-v2,OFFICIAL_V2_chi_gmi_GMI_loaded_aggregate_CHL__GMI_,chi_gmi_GMI_loaded_aggregate,CHL,GMI,,,1.0,fixed,0_to_1,GMI aggregate gap-coverage parameter.
baseline-official-v2,OFFICIAL_V2_theta_target_GMI_loaded_CHL__GMI_,theta_target_GMI_loaded,CHL,GMI,,,1.5,bounded_PERT,declared,Loaded aggregate GMI is companion mandatory in rankings.
baseline-official-v2,OFFICIAL_V2_policy_cost_gross_gdp_MUT_CHL__MUT_,policy_cost_gross_gdp_MUT,CHL,MUT,,,0.029040136096681494,fixed_observed_or_mechanical,declared,Gross recurring cost is the primary cost convention.
baseline-official-v2,OFFICIAL_V2_eta_MUT_CHL__MUT_,eta_MUT,CHL,MUT,,,0.25,bounded_PERT,declared,Policy eta ladder registered for MUT/PBI/UBI.
baseline-official-v2,OFFICIAL_V2_policy_cost_gross_gdp_PBI_CHL__PBI_,policy_cost_gross_gdp_PBI,CHL,PBI,,,0.04607610192567735,fixed_observed_or_mechanical,declared,Gross recurring cost is the primary cost convention.
baseline-official-v2,OFFICIAL_V2_eta_PBI_CHL__PBI_,eta_PBI,CHL,PBI,,,0.5,bounded_PERT,declared,Policy eta ladder registered for MUT/PBI/UBI.
baseline-official-v2,OFFICIAL_V2_policy_cost_gross_gdp_UBI_CHL__UBI_,policy_cost_gross_gdp_UBI,CHL,UBI,,,0.11616054438672598,fixed_observed_or_mechanical,declared,Gross recurring cost is the primary cost convention.
baseline-official-v2,OFFICIAL_V2_eta_UBI_CHL__UBI_,eta_UBI,CHL,UBI,,,1.0,bounded_PERT,declared,Policy eta ladder registered for MUT/PBI/UBI.
baseline-official-v2,OFFICIAL_V2_policy_cost_gross_gdp_PEN_COL__PEN_,policy_cost_gross_gdp_PEN,COL,PEN,,,0.006335029054768649,fixed_observed_or_mechanical,declared,Gross recurring cost is the primary cost convention.
baseline-official-v2,OFFICIAL_V2_policy_cost_gross_gdp_GMI_ideal_aggregate_COL__GMI_,policy_cost_gross_gdp_GMI_ideal_aggregate,COL,GMI,,,0.029859372366793622,fixed_observed_or_mechanical,declared,Gross recurring cost is the primary cost convention.
baseline-official-v2,OFFICIAL_V2_chi_gmi_GMI_ideal_aggregate_COL__GMI_,chi_gmi_GMI_ideal_aggregate,COL,GMI,,,1.0,fixed,0_to_1,GMI aggregate gap-coverage parameter.
baseline-official-v2,OFFICIAL_V2_policy_cost_gross_gdp_GMI_loaded_aggregate_COL__GMI_,policy_cost_gross_gdp_GMI_loaded_aggregate,COL,GMI,,,0.04478905855019043,fixed_observed_or_mechanical,declared,Gross recurring cost is the primary cost convention.
baseline-official-v2,OFFICIAL_V2_chi_gmi_GMI_loaded_aggregate_COL__GMI_,chi_gmi_GMI_loaded_aggregate,COL,GMI,,,1.0,fixed,0_to_1,GMI aggregate gap-coverage parameter.
baseline-official-v2,OFFICIAL_V2_theta_target_GMI_loaded_COL__GMI_,theta_target_GMI_loaded,COL,GMI,,,1.5,bounded_PERT,declared,Loaded aggregate GMI is companion mandatory in rankings.
baseline-official-v2,OFFICIAL_V2_policy_cost_gross_gdp_MUT_COL__MUT_,policy_cost_gross_gdp_MUT,COL,MUT,,,0.047456090856315365,fixed_observed_or_mechanical,declared,Gross recurring cost is the primary cost convention.
baseline-official-v2,OFFICIAL_V2_eta_MUT_COL__MUT_,eta_MUT,COL,MUT,,,0.25,bounded_PERT,declared,Policy eta ladder registered for MUT/PBI/UBI.
baseline-official-v2,OFFICIAL_V2_policy_cost_gross_gdp_PBI_COL__PBI_,policy_cost_gross_gdp_PBI,COL,PBI,,,0.07145982588629725,fixed_observed_or_mechanical,declared,Gross recurring cost is the primary cost convention.
baseline-official-v2,OFFICIAL_V2_eta_PBI_COL__PBI_,eta_PBI,COL,PBI,,,0.5,bounded_PERT,declared,Policy eta ladder registered for MUT/PBI/UBI.
baseline-official-v2,OFFICIAL_V2_policy_cost_gross_gdp_UBI_COL__UBI_,policy_cost_gross_gdp_UBI,COL,UBI,,,0.18982436342526146,fixed_observed_or_mechanical,declared,Gross recurring cost is the primary cost convention.
baseline-official-v2,OFFICIAL_V2_eta_UBI_COL__UBI_,eta_UBI,COL,UBI,,,1.0,bounded_PERT,declared,Policy eta ladder registered for MUT/PBI/UBI.
baseline-official-v2,OFFICIAL_V2_policy_cost_gross_gdp_PEN_MEX__PEN_,policy_cost_gross_gdp_PEN,MEX,PEN,,,0.011597322930556823,fixed_observed_or_mechanical,declared,Gross recurring cost is the primary cost convention.
baseline-official-v2,OFFICIAL_V2_policy_cost_gross_gdp_GMI_ideal_aggregate_MEX__GMI_,policy_cost_gross_gdp_GMI_ideal_aggregate,MEX,GMI,,,0.010120031558367331,fixed_observed_or_mechanical,declared,Gross recurring cost is the primary cost convention.
baseline-official-v2,OFFICIAL_V2_chi_gmi_GMI_ideal_aggregate_MEX__GMI_,chi_gmi_GMI_ideal_aggregate,MEX,GMI,,,1.0,fixed,0_to_1,GMI aggregate gap-coverage parameter.
baseline-official-v2,OFFICIAL_V2_policy_cost_gross_gdp_GMI_loaded_aggregate_MEX__GMI_,policy_cost_gross_gdp_GMI_loaded_aggregate,MEX,GMI,,,0.015180047337550994,fixed_observed_or_mechanical,declared,Gross recurring cost is the primary cost convention.
baseline-official-v2,OFFICIAL_V2_chi_gmi_GMI_loaded_aggregate_MEX__GMI_,chi_gmi_GMI_loaded_aggregate,MEX,GMI,,,1.0,fixed,0_to_1,GMI aggregate gap-coverage parameter.
baseline-official-v2,OFFICIAL_V2_theta_target_GMI_loaded_MEX__GMI_,theta_target_GMI_loaded,MEX,GMI,,,1.5,bounded_PERT,declared,Loaded aggregate GMI is companion mandatory in rankings.
baseline-official-v2,OFFICIAL_V2_policy_cost_gross_gdp_MUT_MEX__MUT_,policy_cost_gross_gdp_MUT,MEX,MUT,,,0.03953137327487238,fixed_observed_or_mechanical,declared,Gross recurring cost is the primary cost convention.
baseline-official-v2,OFFICIAL_V2_eta_MUT_MEX__MUT_,eta_MUT,MEX,MUT,,,0.25,bounded_PERT,declared,Policy eta ladder registered for MUT/PBI/UBI.
baseline-official-v2,OFFICIAL_V2_policy_cost_gross_gdp_PBI_MEX__PBI_,policy_cost_gross_gdp_PBI,MEX,PBI,,,0.05564183037154088,fixed_observed_or_mechanical,declared,Gross recurring cost is the primary cost convention.
baseline-official-v2,OFFICIAL_V2_eta_PBI_MEX__PBI_,eta_PBI,MEX,PBI,,,0.5,bounded_PERT,declared,Policy eta ladder registered for MUT/PBI/UBI.
baseline-official-v2,OFFICIAL_V2_policy_cost_gross_gdp_UBI_MEX__UBI_,policy_cost_gross_gdp_UBI,MEX,UBI,,,0.15812549309948953,fixed_observed_or_mechanical,declared,Gross recurring cost is the primary cost convention.
baseline-official-v2,OFFICIAL_V2_eta_UBI_MEX__UBI_,eta_UBI,MEX,UBI,,,1.0,bounded_PERT,declared,Policy eta ladder registered for MUT/PBI/UBI.
baseline-official-v2,OFFICIAL_V2_GMI_admin_cost_new_gdp_PER__GMI_,GMI_admin_cost_new_gdp,PER,GMI,,,0.0025,fixed_registered_assumption,declared,Administrative and transition cost from official 4C assumption registry.
baseline-official-v2,OFFICIAL_V2_GMI_transition_oneoff_gdp_PER__GMI_,GMI_transition_oneoff_gdp,PER,GMI,,,0.002,fixed_registered_assumption,declared,Administrative and transition cost from official 4C assumption registry.
baseline-official-v2,OFFICIAL_V2_GMI_transition_recurring_gdp_PER__GMI_,GMI_transition_recurring_gdp,PER,GMI,,,0.00025,fixed_registered_assumption,declared,Administrative and transition cost from official 4C assumption registry.
baseline-official-v2,OFFICIAL_V2_GMI_transition_horizon_years_PER__GMI_,GMI_transition_horizon_years,PER,GMI,,,3.0,fixed_registered_assumption,declared,Administrative and transition cost from official 4C assumption registry.
baseline-official-v2,OFFICIAL_V2_GMI_transition_discount_rate_PER__GMI_,GMI_transition_discount_rate,PER,GMI,,,0.03,fixed_registered_assumption,declared,Administrative and transition cost from official 4C assumption registry.
baseline-official-v2,OFFICIAL_V2_GMI_leakage_fixed_gdp_PER__GMI_,GMI_leakage_fixed_gdp,PER,GMI,,,0.0002,fixed_registered_assumption,declared,Administrative and transition cost from official 4C assumption registry.
baseline-official-v2,OFFICIAL_V2_PEN_admin_cost_new_gdp_PER__PEN_,PEN_admin_cost_new_gdp,PER,PEN,,,0.0012,fixed_registered_assumption,declared,Administrative and transition cost from official 4C assumption registry.
baseline-official-v2,OFFICIAL_V2_PEN_transition_oneoff_gdp_PER__PEN_,PEN_transition_oneoff_gdp,PER,PEN,,,0.0009599999999999999,fixed_registered_assumption,declared,Administrative and transition cost from official 4C assumption registry.
baseline-official-v2,OFFICIAL_V2_PEN_transition_recurring_gdp_PER__PEN_,PEN_transition_recurring_gdp,PER,PEN,,,0.00011999999999999999,fixed_registered_assumption,declared,Administrative and transition cost from official 4C assumption registry.
baseline-official-v2,OFFICIAL_V2_PEN_transition_horizon_years_PER__PEN_,PEN_transition_horizon_years,PER,PEN,,,3.0,fixed_registered_assumption,declared,Administrative and transition cost from official 4C assumption registry.
baseline-official-v2,OFFICIAL_V2_PEN_transition_discount_rate_PER__PEN_,PEN_transition_discount_rate,PER,PEN,,,0.03,fixed_registered_assumption,declared,Administrative and transition cost from official 4C assumption registry.
baseline-official-v2,OFFICIAL_V2_PEN_leakage_fixed_gdp_PER__PEN_,PEN_leakage_fixed_gdp,PER,PEN,,,9.599999999999999e-05,fixed_registered_assumption,declared,Administrative and transition cost from official 4C assumption registry.
baseline-official-v2,OFFICIAL_V2_MUT_admin_cost_new_gdp_PER__MUT_,MUT_admin_cost_new_gdp,PER,MUT,,,0.0008,fixed_registered_assumption,declared,Administrative and transition cost from official 4C assumption registry.
baseline-official-v2,OFFICIAL_V2_MUT_transition_oneoff_gdp_PER__MUT_,MUT_transition_oneoff_gdp,PER,MUT,,,0.00064,fixed_registered_assumption,declared,Administrative and transition cost from official 4C assumption registry.
baseline-official-v2,OFFICIAL_V2_MUT_transition_recurring_gdp_PER__MUT_,MUT_transition_recurring_gdp,PER,MUT,,,8e-05,fixed_registered_assumption,declared,Administrative and transition cost from official 4C assumption registry.
baseline-official-v2,OFFICIAL_V2_MUT_transition_horizon_years_PER__MUT_,MUT_transition_horizon_years,PER,MUT,,,3.0,fixed_registered_assumption,declared,Administrative and transition cost from official 4C assumption registry.
baseline-official-v2,OFFICIAL_V2_MUT_transition_discount_rate_PER__MUT_,MUT_transition_discount_rate,PER,MUT,,,0.03,fixed_registered_assumption,declared,Administrative and transition cost from official 4C assumption registry.
baseline-official-v2,OFFICIAL_V2_MUT_leakage_fixed_gdp_PER__MUT_,MUT_leakage_fixed_gdp,PER,MUT,,,6.400000000000001e-05,fixed_registered_assumption,declared,Administrative and transition cost from official 4C assumption registry.
baseline-official-v2,OFFICIAL_V2_PBI_admin_cost_new_gdp_PER__PBI_,PBI_admin_cost_new_gdp,PER,PBI,,,0.0006,fixed_registered_assumption,declared,Administrative and transition cost from official 4C assumption registry.
baseline-official-v2,OFFICIAL_V2_PBI_transition_oneoff_gdp_PER__PBI_,PBI_transition_oneoff_gdp,PER,PBI,,,0.00047999999999999996,fixed_registered_assumption,declared,Administrative and transition cost from official 4C assumption registry.
baseline-official-v2,OFFICIAL_V2_PBI_transition_recurring_gdp_PER__PBI_,PBI_transition_recurring_gdp,PER,PBI,,,5.9999999999999995e-05,fixed_registered_assumption,declared,Administrative and transition cost from official 4C assumption registry.
baseline-official-v2,OFFICIAL_V2_PBI_transition_horizon_years_PER__PBI_,PBI_transition_horizon_years,PER,PBI,,,3.0,fixed_registered_assumption,declared,Administrative and transition cost from official 4C assumption registry.
baseline-official-v2,OFFICIAL_V2_PBI_transition_discount_rate_PER__PBI_,PBI_transition_discount_rate,PER,PBI,,,0.03,fixed_registered_assumption,declared,Administrative and transition cost from official 4C assumption registry.
baseline-official-v2,OFFICIAL_V2_PBI_leakage_fixed_gdp_PER__PBI_,PBI_leakage_fixed_gdp,PER,PBI,,,4.7999999999999994e-05,fixed_registered_assumption,declared,Administrative and transition cost from official 4C assumption registry.
baseline-official-v2,OFFICIAL_V2_UBI_admin_cost_new_gdp_PER__UBI_,UBI_admin_cost_new_gdp,PER,UBI,,,0.0005,fixed_registered_assumption,declared,Administrative and transition cost from official 4C assumption registry.
baseline-official-v2,OFFICIAL_V2_UBI_transition_oneoff_gdp_PER__UBI_,UBI_transition_oneoff_gdp,PER,UBI,,,0.0004,fixed_registered_assumption,declared,Administrative and transition cost from official 4C assumption registry.
baseline-official-v2,OFFICIAL_V2_UBI_transition_recurring_gdp_PER__UBI_,UBI_transition_recurring_gdp,PER,UBI,,,5e-05,fixed_registered_assumption,declared,Administrative and transition cost from official 4C assumption registry.
baseline-official-v2,OFFICIAL_V2_UBI_transition_horizon_years_PER__UBI_,UBI_transition_horizon_years,PER,UBI,,,3.0,fixed_registered_assumption,declared,Administrative and transition cost from official 4C assumption registry.
baseline-official-v2,OFFICIAL_V2_UBI_transition_discount_rate_PER__UBI_,UBI_transition_discount_rate,PER,UBI,,,0.03,fixed_registered_assumption,declared,Administrative and transition cost from official 4C assumption registry.
baseline-official-v2,OFFICIAL_V2_UBI_leakage_fixed_gdp_PER__UBI_,UBI_leakage_fixed_gdp,PER,UBI,,,4e-05,fixed_registered_assumption,declared,Administrative and transition cost from official 4C assumption registry.
baseline-official-v2,OFFICIAL_V2_GMI_admin_cost_new_gdp_CHL__GMI_,GMI_admin_cost_new_gdp,CHL,GMI,,,0.0025,fixed_registered_assumption,declared,Administrative and transition cost from official 4C assumption registry.
baseline-official-v2,OFFICIAL_V2_GMI_transition_oneoff_gdp_CHL__GMI_,GMI_transition_oneoff_gdp,CHL,GMI,,,0.002,fixed_registered_assumption,declared,Administrative and transition cost from official 4C assumption registry.
baseline-official-v2,OFFICIAL_V2_GMI_transition_recurring_gdp_CHL__GMI_,GMI_transition_recurring_gdp,CHL,GMI,,,0.00025,fixed_registered_assumption,declared,Administrative and transition cost from official 4C assumption registry.
baseline-official-v2,OFFICIAL_V2_GMI_transition_horizon_years_CHL__GMI_,GMI_transition_horizon_years,CHL,GMI,,,3.0,fixed_registered_assumption,declared,Administrative and transition cost from official 4C assumption registry.
baseline-official-v2,OFFICIAL_V2_GMI_transition_discount_rate_CHL__GMI_,GMI_transition_discount_rate,CHL,GMI,,,0.03,fixed_registered_assumption,declared,Administrative and transition cost from official 4C assumption registry.
baseline-official-v2,OFFICIAL_V2_GMI_leakage_fixed_gdp_CHL__GMI_,GMI_leakage_fixed_gdp,CHL,GMI,,,0.0002,fixed_registered_assumption,declared,Administrative and transition cost from official 4C assumption registry.
baseline-official-v2,OFFICIAL_V2_PEN_admin_cost_new_gdp_CHL__PEN_,PEN_admin_cost_new_gdp,CHL,PEN,,,0.0012,fixed_registered_assumption,declared,Administrative and transition cost from official 4C assumption registry.
baseline-official-v2,OFFICIAL_V2_PEN_transition_oneoff_gdp_CHL__PEN_,PEN_transition_oneoff_gdp,CHL,PEN,,,0.0009599999999999999,fixed_registered_assumption,declared,Administrative and transition cost from official 4C assumption registry.
baseline-official-v2,OFFICIAL_V2_PEN_transition_recurring_gdp_CHL__PEN_,PEN_transition_recurring_gdp,CHL,PEN,,,0.00011999999999999999,fixed_registered_assumption,declared,Administrative and transition cost from official 4C assumption registry.
baseline-official-v2,OFFICIAL_V2_PEN_transition_horizon_years_CHL__PEN_,PEN_transition_horizon_years,CHL,PEN,,,3.0,fixed_registered_assumption,declared,Administrative and transition cost from official 4C assumption registry.
baseline-official-v2,OFFICIAL_V2_PEN_transition_discount_rate_CHL__PEN_,PEN_transition_discount_rate,CHL,PEN,,,0.03,fixed_registered_assumption,declared,Administrative and transition cost from official 4C assumption registry.
baseline-official-v2,OFFICIAL_V2_PEN_leakage_fixed_gdp_CHL__PEN_,PEN_leakage_fixed_gdp,CHL,PEN,,,9.599999999999999e-05,fixed_registered_assumption,declared,Administrative and transition cost from official 4C assumption registry.
baseline-official-v2,OFFICIAL_V2_MUT_admin_cost_new_gdp_CHL__MUT_,MUT_admin_cost_new_gdp,CHL,MUT,,,0.0008,fixed_registered_assumption,declared,Administrative and transition cost from official 4C assumption registry.
baseline-official-v2,OFFICIAL_V2_MUT_transition_oneoff_gdp_CHL__MUT_,MUT_transition_oneoff_gdp,CHL,MUT,,,0.00064,fixed_registered_assumption,declared,Administrative and transition cost from official 4C assumption registry.
baseline-official-v2,OFFICIAL_V2_MUT_transition_recurring_gdp_CHL__MUT_,MUT_transition_recurring_gdp,CHL,MUT,,,8e-05,fixed_registered_assumption,declared,Administrative and transition cost from official 4C assumption registry.
baseline-official-v2,OFFICIAL_V2_MUT_transition_horizon_years_CHL__MUT_,MUT_transition_horizon_years,CHL,MUT,,,3.0,fixed_registered_assumption,declared,Administrative and transition cost from official 4C assumption registry.
baseline-official-v2,OFFICIAL_V2_MUT_transition_discount_rate_CHL__MUT_,MUT_transition_discount_rate,CHL,MUT,,,0.03,fixed_registered_assumption,declared,Administrative and transition cost from official 4C assumption registry.
baseline-official-v2,OFFICIAL_V2_MUT_leakage_fixed_gdp_CHL__MUT_,MUT_leakage_fixed_gdp,CHL,MUT,,,6.400000000000001e-05,fixed_registered_assumption,declared,Administrative and transition cost from official 4C assumption registry.
baseline-official-v2,OFFICIAL_V2_PBI_admin_cost_new_gdp_CHL__PBI_,PBI_admin_cost_new_gdp,CHL,PBI,,,0.0006,fixed_registered_assumption,declared,Administrative and transition cost from official 4C assumption registry.
baseline-official-v2,OFFICIAL_V2_PBI_transition_oneoff_gdp_CHL__PBI_,PBI_transition_oneoff_gdp,CHL,PBI,,,0.00047999999999999996,fixed_registered_assumption,declared,Administrative and transition cost from official 4C assumption registry.
baseline-official-v2,OFFICIAL_V2_PBI_transition_recurring_gdp_CHL__PBI_,PBI_transition_recurring_gdp,CHL,PBI,,,5.9999999999999995e-05,fixed_registered_assumption,declared,Administrative and transition cost from official 4C assumption registry.
baseline-official-v2,OFFICIAL_V2_PBI_transition_horizon_years_CHL__PBI_,PBI_transition_horizon_years,CHL,PBI,,,3.0,fixed_registered_assumption,declared,Administrative and transition cost from official 4C assumption registry.
baseline-official-v2,OFFICIAL_V2_PBI_transition_discount_rate_CHL__PBI_,PBI_transition_discount_rate,CHL,PBI,,,0.03,fixed_registered_assumption,declared,Administrative and transition cost from official 4C assumption registry.
baseline-official-v2,OFFICIAL_V2_PBI_leakage_fixed_gdp_CHL__PBI_,PBI_leakage_fixed_gdp,CHL,PBI,,,4.7999999999999994e-05,fixed_registered_assumption,declared,Administrative and transition cost from official 4C assumption registry.
baseline-official-v2,OFFICIAL_V2_UBI_admin_cost_new_gdp_CHL__UBI_,UBI_admin_cost_new_gdp,CHL,UBI,,,0.0005,fixed_registered_assumption,declared,Administrative and transition cost from official 4C assumption registry.
baseline-official-v2,OFFICIAL_V2_UBI_transition_oneoff_gdp_CHL__UBI_,UBI_transition_oneoff_gdp,CHL,UBI,,,0.0004,fixed_registered_assumption,declared,Administrative and transition cost from official 4C assumption registry.
baseline-official-v2,OFFICIAL_V2_UBI_transition_recurring_gdp_CHL__UBI_,UBI_transition_recurring_gdp,CHL,UBI,,,5e-05,fixed_registered_assumption,declared,Administrative and transition cost from official 4C assumption registry.
baseline-official-v2,OFFICIAL_V2_UBI_transition_horizon_years_CHL__UBI_,UBI_transition_horizon_years,CHL,UBI,,,3.0,fixed_registered_assumption,declared,Administrative and transition cost from official 4C assumption registry.
baseline-official-v2,OFFICIAL_V2_UBI_transition_discount_rate_CHL__UBI_,UBI_transition_discount_rate,CHL,UBI,,,0.03,fixed_registered_assumption,declared,Administrative and transition cost from official 4C assumption registry.
baseline-official-v2,OFFICIAL_V2_UBI_leakage_fixed_gdp_CHL__UBI_,UBI_leakage_fixed_gdp,CHL,UBI,,,4e-05,fixed_registered_assumption,declared,Administrative and transition cost from official 4C assumption registry.
baseline-official-v2,OFFICIAL_V2_GMI_admin_cost_new_gdp_COL__GMI_,GMI_admin_cost_new_gdp,COL,GMI,,,0.0025,fixed_registered_assumption,declared,Administrative and transition cost from official 4C assumption registry.
baseline-official-v2,OFFICIAL_V2_GMI_transition_oneoff_gdp_COL__GMI_,GMI_transition_oneoff_gdp,COL,GMI,,,0.002,fixed_registered_assumption,declared,Administrative and transition cost from official 4C assumption registry.
baseline-official-v2,OFFICIAL_V2_GMI_transition_recurring_gdp_COL__GMI_,GMI_transition_recurring_gdp,COL,GMI,,,0.00025,fixed_registered_assumption,declared,Administrative and transition cost from official 4C assumption registry.
baseline-official-v2,OFFICIAL_V2_GMI_transition_horizon_years_COL__GMI_,GMI_transition_horizon_years,COL,GMI,,,3.0,fixed_registered_assumption,declared,Administrative and transition cost from official 4C assumption registry.
baseline-official-v2,OFFICIAL_V2_GMI_transition_discount_rate_COL__GMI_,GMI_transition_discount_rate,COL,GMI,,,0.03,fixed_registered_assumption,declared,Administrative and transition cost from official 4C assumption registry.
baseline-official-v2,OFFICIAL_V2_GMI_leakage_fixed_gdp_COL__GMI_,GMI_leakage_fixed_gdp,COL,GMI,,,0.0002,fixed_registered_assumption,declared,Administrative and transition cost from official 4C assumption registry.
baseline-official-v2,OFFICIAL_V2_PEN_admin_cost_new_gdp_COL__PEN_,PEN_admin_cost_new_gdp,COL,PEN,,,0.0012,fixed_registered_assumption,declared,Administrative and transition cost from official 4C assumption registry.
baseline-official-v2,OFFICIAL_V2_PEN_transition_oneoff_gdp_COL__PEN_,PEN_transition_oneoff_gdp,COL,PEN,,,0.0009599999999999999,fixed_registered_assumption,declared,Administrative and transition cost from official 4C assumption registry.
baseline-official-v2,OFFICIAL_V2_PEN_transition_recurring_gdp_COL__PEN_,PEN_transition_recurring_gdp,COL,PEN,,,0.00011999999999999999,fixed_registered_assumption,declared,Administrative and transition cost from official 4C assumption registry.
baseline-official-v2,OFFICIAL_V2_PEN_transition_horizon_years_COL__PEN_,PEN_transition_horizon_years,COL,PEN,,,3.0,fixed_registered_assumption,declared,Administrative and transition cost from official 4C assumption registry.
baseline-official-v2,OFFICIAL_V2_PEN_transition_discount_rate_COL__PEN_,PEN_transition_discount_rate,COL,PEN,,,0.03,fixed_registered_assumption,declared,Administrative and transition cost from official 4C assumption registry.
baseline-official-v2,OFFICIAL_V2_PEN_leakage_fixed_gdp_COL__PEN_,PEN_leakage_fixed_gdp,COL,PEN,,,9.599999999999999e-05,fixed_registered_assumption,declared,Administrative and transition cost from official 4C assumption registry.
baseline-official-v2,OFFICIAL_V2_MUT_admin_cost_new_gdp_COL__MUT_,MUT_admin_cost_new_gdp,COL,MUT,,,0.0008,fixed_registered_assumption,declared,Administrative and transition cost from official 4C assumption registry.
baseline-official-v2,OFFICIAL_V2_MUT_transition_oneoff_gdp_COL__MUT_,MUT_transition_oneoff_gdp,COL,MUT,,,0.00064,fixed_registered_assumption,declared,Administrative and transition cost from official 4C assumption registry.
baseline-official-v2,OFFICIAL_V2_MUT_transition_recurring_gdp_COL__MUT_,MUT_transition_recurring_gdp,COL,MUT,,,8e-05,fixed_registered_assumption,declared,Administrative and transition cost from official 4C assumption registry.
baseline-official-v2,OFFICIAL_V2_MUT_transition_horizon_years_COL__MUT_,MUT_transition_horizon_years,COL,MUT,,,3.0,fixed_registered_assumption,declared,Administrative and transition cost from official 4C assumption registry.
baseline-official-v2,OFFICIAL_V2_MUT_transition_discount_rate_COL__MUT_,MUT_transition_discount_rate,COL,MUT,,,0.03,fixed_registered_assumption,declared,Administrative and transition cost from official 4C assumption registry.
baseline-official-v2,OFFICIAL_V2_MUT_leakage_fixed_gdp_COL__MUT_,MUT_leakage_fixed_gdp,COL,MUT,,,6.400000000000001e-05,fixed_registered_assumption,declared,Administrative and transition cost from official 4C assumption registry.
baseline-official-v2,OFFICIAL_V2_PBI_admin_cost_new_gdp_COL__PBI_,PBI_admin_cost_new_gdp,COL,PBI,,,0.0006,fixed_registered_assumption,declared,Administrative and transition cost from official 4C assumption registry.
baseline-official-v2,OFFICIAL_V2_PBI_transition_oneoff_gdp_COL__PBI_,PBI_transition_oneoff_gdp,COL,PBI,,,0.00047999999999999996,fixed_registered_assumption,declared,Administrative and transition cost from official 4C assumption registry.
baseline-official-v2,OFFICIAL_V2_PBI_transition_recurring_gdp_COL__PBI_,PBI_transition_recurring_gdp,COL,PBI,,,5.9999999999999995e-05,fixed_registered_assumption,declared,Administrative and transition cost from official 4C assumption registry.
baseline-official-v2,OFFICIAL_V2_PBI_transition_horizon_years_COL__PBI_,PBI_transition_horizon_years,COL,PBI,,,3.0,fixed_registered_assumption,declared,Administrative and transition cost from official 4C assumption registry.
baseline-official-v2,OFFICIAL_V2_PBI_transition_discount_rate_COL__PBI_,PBI_transition_discount_rate,COL,PBI,,,0.03,fixed_registered_assumption,declared,Administrative and transition cost from official 4C assumption registry.
baseline-official-v2,OFFICIAL_V2_PBI_leakage_fixed_gdp_COL__PBI_,PBI_leakage_fixed_gdp,COL,PBI,,,4.7999999999999994e-05,fixed_registered_assumption,declared,Administrative and transition cost from official 4C assumption registry.
baseline-official-v2,OFFICIAL_V2_UBI_admin_cost_new_gdp_COL__UBI_,UBI_admin_cost_new_gdp,COL,UBI,,,0.0005,fixed_registered_assumption,declared,Administrative and transition cost from official 4C assumption registry.
baseline-official-v2,OFFICIAL_V2_UBI_transition_oneoff_gdp_COL__UBI_,UBI_transition_oneoff_gdp,COL,UBI,,,0.0004,fixed_registered_assumption,declared,Administrative and transition cost from official 4C assumption registry.
baseline-official-v2,OFFICIAL_V2_UBI_transition_recurring_gdp_COL__UBI_,UBI_transition_recurring_gdp,COL,UBI,,,5e-05,fixed_registered_assumption,declared,Administrative and transition cost from official 4C assumption registry.
baseline-official-v2,OFFICIAL_V2_UBI_transition_horizon_years_COL__UBI_,UBI_transition_horizon_years,COL,UBI,,,3.0,fixed_registered_assumption,declared,Administrative and transition cost from official 4C assumption registry.
baseline-official-v2,OFFICIAL_V2_UBI_transition_discount_rate_COL__UBI_,UBI_transition_discount_rate,COL,UBI,,,0.03,fixed_registered_assumption,declared,Administrative and transition cost from official 4C assumption registry.
baseline-official-v2,OFFICIAL_V2_UBI_leakage_fixed_gdp_COL__UBI_,UBI_leakage_fixed_gdp,COL,UBI,,,4e-05,fixed_registered_assumption,declared,Administrative and transition cost from official 4C assumption registry.
baseline-official-v2,OFFICIAL_V2_GMI_admin_cost_new_gdp_MEX__GMI_,GMI_admin_cost_new_gdp,MEX,GMI,,,0.0025,fixed_registered_assumption,declared,Administrative and transition cost from official 4C assumption registry.
baseline-official-v2,OFFICIAL_V2_GMI_transition_oneoff_gdp_MEX__GMI_,GMI_transition_oneoff_gdp,MEX,GMI,,,0.002,fixed_registered_assumption,declared,Administrative and transition cost from official 4C assumption registry.
baseline-official-v2,OFFICIAL_V2_GMI_transition_recurring_gdp_MEX__GMI_,GMI_transition_recurring_gdp,MEX,GMI,,,0.00025,fixed_registered_assumption,declared,Administrative and transition cost from official 4C assumption registry.
baseline-official-v2,OFFICIAL_V2_GMI_transition_horizon_years_MEX__GMI_,GMI_transition_horizon_years,MEX,GMI,,,3.0,fixed_registered_assumption,declared,Administrative and transition cost from official 4C assumption registry.
baseline-official-v2,OFFICIAL_V2_GMI_transition_discount_rate_MEX__GMI_,GMI_transition_discount_rate,MEX,GMI,,,0.03,fixed_registered_assumption,declared,Administrative and transition cost from official 4C assumption registry.
baseline-official-v2,OFFICIAL_V2_GMI_leakage_fixed_gdp_MEX__GMI_,GMI_leakage_fixed_gdp,MEX,GMI,,,0.0002,fixed_registered_assumption,declared,Administrative and transition cost from official 4C assumption registry.
baseline-official-v2,OFFICIAL_V2_PEN_admin_cost_new_gdp_MEX__PEN_,PEN_admin_cost_new_gdp,MEX,PEN,,,0.0012,fixed_registered_assumption,declared,Administrative and transition cost from official 4C assumption registry.
baseline-official-v2,OFFICIAL_V2_PEN_transition_oneoff_gdp_MEX__PEN_,PEN_transition_oneoff_gdp,MEX,PEN,,,0.0009599999999999999,fixed_registered_assumption,declared,Administrative and transition cost from official 4C assumption registry.
baseline-official-v2,OFFICIAL_V2_PEN_transition_recurring_gdp_MEX__PEN_,PEN_transition_recurring_gdp,MEX,PEN,,,0.00011999999999999999,fixed_registered_assumption,declared,Administrative and transition cost from official 4C assumption registry.
baseline-official-v2,OFFICIAL_V2_PEN_transition_horizon_years_MEX__PEN_,PEN_transition_horizon_years,MEX,PEN,,,3.0,fixed_registered_assumption,declared,Administrative and transition cost from official 4C assumption registry.
baseline-official-v2,OFFICIAL_V2_PEN_transition_discount_rate_MEX__PEN_,PEN_transition_discount_rate,MEX,PEN,,,0.03,fixed_registered_assumption,declared,Administrative and transition cost from official 4C assumption registry.
baseline-official-v2,OFFICIAL_V2_PEN_leakage_fixed_gdp_MEX__PEN_,PEN_leakage_fixed_gdp,MEX,PEN,,,9.599999999999999e-05,fixed_registered_assumption,declared,Administrative and transition cost from official 4C assumption registry.
baseline-official-v2,OFFICIAL_V2_MUT_admin_cost_new_gdp_MEX__MUT_,MUT_admin_cost_new_gdp,MEX,MUT,,,0.0008,fixed_registered_assumption,declared,Administrative and transition cost from official 4C assumption registry.
baseline-official-v2,OFFICIAL_V2_MUT_transition_oneoff_gdp_MEX__MUT_,MUT_transition_oneoff_gdp,MEX,MUT,,,0.00064,fixed_registered_assumption,declared,Administrative and transition cost from official 4C assumption registry.
baseline-official-v2,OFFICIAL_V2_MUT_transition_recurring_gdp_MEX__MUT_,MUT_transition_recurring_gdp,MEX,MUT,,,8e-05,fixed_registered_assumption,declared,Administrative and transition cost from official 4C assumption registry.
baseline-official-v2,OFFICIAL_V2_MUT_transition_horizon_years_MEX__MUT_,MUT_transition_horizon_years,MEX,MUT,,,3.0,fixed_registered_assumption,declared,Administrative and transition cost from official 4C assumption registry.
baseline-official-v2,OFFICIAL_V2_MUT_transition_discount_rate_MEX__MUT_,MUT_transition_discount_rate,MEX,MUT,,,0.03,fixed_registered_assumption,declared,Administrative and transition cost from official 4C assumption registry.
baseline-official-v2,OFFICIAL_V2_MUT_leakage_fixed_gdp_MEX__MUT_,MUT_leakage_fixed_gdp,MEX,MUT,,,6.400000000000001e-05,fixed_registered_assumption,declared,Administrative and transition cost from official 4C assumption registry.
baseline-official-v2,OFFICIAL_V2_PBI_admin_cost_new_gdp_MEX__PBI_,PBI_admin_cost_new_gdp,MEX,PBI,,,0.0006,fixed_registered_assumption,declared,Administrative and transition cost from official 4C assumption registry.
baseline-official-v2,OFFICIAL_V2_PBI_transition_oneoff_gdp_MEX__PBI_,PBI_transition_oneoff_gdp,MEX,PBI,,,0.00047999999999999996,fixed_registered_assumption,declared,Administrative and transition cost from official 4C assumption registry.
baseline-official-v2,OFFICIAL_V2_PBI_transition_recurring_gdp_MEX__PBI_,PBI_transition_recurring_gdp,MEX,PBI,,,5.9999999999999995e-05,fixed_registered_assumption,declared,Administrative and transition cost from official 4C assumption registry.
baseline-official-v2,OFFICIAL_V2_PBI_transition_horizon_years_MEX__PBI_,PBI_transition_horizon_years,MEX,PBI,,,3.0,fixed_registered_assumption,declared,Administrative and transition cost from official 4C assumption registry.
baseline-official-v2,OFFICIAL_V2_PBI_transition_discount_rate_MEX__PBI_,PBI_transition_discount_rate,MEX,PBI,,,0.03,fixed_registered_assumption,declared,Administrative and transition cost from official 4C assumption registry.
baseline-official-v2,OFFICIAL_V2_PBI_leakage_fixed_gdp_MEX__PBI_,PBI_leakage_fixed_gdp,MEX,PBI,,,4.7999999999999994e-05,fixed_registered_assumption,declared,Administrative and transition cost from official 4C assumption registry.
baseline-official-v2,OFFICIAL_V2_UBI_admin_cost_new_gdp_MEX__UBI_,UBI_admin_cost_new_gdp,MEX,UBI,,,0.0005,fixed_registered_assumption,declared,Administrative and transition cost from official 4C assumption registry.
baseline-official-v2,OFFICIAL_V2_UBI_transition_oneoff_gdp_MEX__UBI_,UBI_transition_oneoff_gdp,MEX,UBI,,,0.0004,fixed_registered_assumption,declared,Administrative and transition cost from official 4C assumption registry.
baseline-official-v2,OFFICIAL_V2_UBI_transition_recurring_gdp_MEX__UBI_,UBI_transition_recurring_gdp,MEX,UBI,,,5e-05,fixed_registered_assumption,declared,Administrative and transition cost from official 4C assumption registry.
baseline-official-v2,OFFICIAL_V2_UBI_transition_horizon_years_MEX__UBI_,UBI_transition_horizon_years,MEX,UBI,,,3.0,fixed_registered_assumption,declared,Administrative and transition cost from official 4C assumption registry.
baseline-official-v2,OFFICIAL_V2_UBI_transition_discount_rate_MEX__UBI_,UBI_transition_discount_rate,MEX,UBI,,,0.03,fixed_registered_assumption,declared,Administrative and transition cost from official 4C assumption registry.
baseline-official-v2,OFFICIAL_V2_UBI_leakage_fixed_gdp_MEX__UBI_,UBI_leakage_fixed_gdp,MEX,UBI,,,4e-05,fixed_registered_assumption,declared,Administrative and transition cost from official 4C assumption registry.
baseline-official-v2,OFFICIAL_V2_E_prod_frontier_GLOBAL___,E_prod_frontier,,,,,0.134,bounded_PERT,declared,"Gmyrek, Berg & Bescond (2023), ILO Working Paper 96, Generative AI and jobs: potencial de aumento = 13.4% del empleo en paises de ingreso alto; cola superior justificada por ILO Working Paper 140 (2025). Re-anclado durante la ratificacion de autor PRE-oficial por regla de jerarquia (literatura > prior calibrado). Direccion del cambio: favorable a factibilidad; el rango conserva el prior anterior 0.17."
