parameter_set_id,pair_id,variable_a,variable_b,spearman_rho_proposed,sign_from_plan_14_2,impose_in_iman_conover,translation_status,magnitude_rule,stress_flag,audit_status,author_approval_date,author_approval_note,source_id,notes
baseline-official-v3,rank_corr_A_aipi_total_q_use_target,A_aipi_total,q_use_target,0.5,positivo,True,translated_primitive_pair,0.3 for moderado; 0.5 otherwise,False,author_approved,2026-07-09,ratificacion del autor pre-corrida correlacionada,PLAN_02_SEC_14_2,AIPI-q_prod translated to A<->q_use_target; q_prod is derived after logit inversion.
baseline-official-v3,rank_corr_Gap_excluded_indicators_q_use_target,Gap_excluded_indicators,q_use_target,-0.5,negativo,True,translated_primitive_pair,0.3 for moderado; 0.5 otherwise,False,author_approved,2026-07-09,ratificacion del autor pre-corrida correlacionada,PLAN_02_SEC_14_2,Gap-q_prod translated to Gap<->q_use_target; q_prod is derived.
baseline-official-v3,rank_corr_I_adopt_informality_q_use_target,I_adopt_informality,q_use_target,-0.5,negativo,True,translated_primitive_pair,0.3 for moderado; 0.5 otherwise,False,author_approved,2026-07-09,ratificacion del autor pre-corrida correlacionada,PLAN_02_SEC_14_2,informality-q_prod translated to I<->q_use_target; q_prod is derived.
baseline-official-v3,rank_corr_I_adopt_informality_chi_Kbase,I_adopt_informality,chi_Kbase,-0.5,negativo,True,translated_primitive_pair,0.3 for moderado; 0.5 otherwise,False,author_approved,2026-07-09,ratificacion del autor pre-corrida correlacionada,PLAN_02_SEC_14_2,Direct primitive pair from plan 14.2.
baseline-official-v3,rank_corr_A_aipi_total_E_prod,A_aipi_total,E_prod,0.5,positivo,True,translated_primitive_pair,0.3 for moderado; 0.5 otherwise,False,author_approved,2026-07-09,ratificacion del autor pre-corrida correlacionada,PLAN_02_SEC_14_2,Direct primitive pair from plan 14.2.
baseline-official-v3,rank_corr_A_aipi_total_tau_L_eff_tau_K_eff_tau_C_eff,A_aipi_total,tau_L_eff/tau_K_eff/tau_C_eff,,positivo moderado,False,omitted_fixed_tau_effective,0.3 for moderado; 0.5 otherwise,False,documented_not_imposed,,par mecanico documentado como inducido por derivacion; no impuesto,PLAN_02_SEC_14_2,"A<->tau_effs would use +0.3 only if effective tau primitives are drawn; baseline-official-v2 keeps tau effective fixed/derived, so it is omitted."
baseline-official-v3,rank_corr_I_adopt_informality_tau_L_eff_tau_K_eff_tau_C_eff,I_adopt_informality,tau_L_eff/tau_K_eff/tau_C_eff,,negativo,False,omitted_fixed_tau_effective,0.3 for moderado; 0.5 otherwise,False,documented_not_imposed,,par mecanico documentado como inducido por derivacion; no impuesto,PLAN_02_SEC_14_2,"I<->tau_effs would use -0.5 only if effective tau primitives are drawn; baseline-official-v2 keeps tau effective fixed/derived, so it is omitted."
baseline-official-v3,rank_corr_admin_cost_Vgross,admin_cost,Vgross,,negativo,False,induced_by_derivation_not_imposed,0.3 for moderado; 0.5 otherwise,False,documented_not_imposed,,par mecanico documentado como inducido por derivacion; no impuesto,PLAN_02_SEC_14_2,inducidos por derivación; NO se imponen (doble conteo de dependencia).
baseline-official-v3,rank_corr_theta_target_Vgross_GMI,theta_target,Vgross_GMI,,negativo,False,induced_by_derivation_not_imposed,0.3 for moderado; 0.5 otherwise,False,documented_not_imposed,,par mecanico documentado como inducido por derivacion; no impuesto,PLAN_02_SEC_14_2,inducidos por derivación; NO se imponen (doble conteo de dependencia).
baseline-official-v3,rank_corr_S_frontier_exigency_T,S_frontier_exigency,T,,negativo,False,induced_by_derivation_not_imposed,0.3 for moderado; 0.5 otherwise,False,documented_not_imposed,,par mecanico documentado como inducido por derivacion; no impuesto,PLAN_02_SEC_14_2,inducidos por derivación; NO se imponen (doble conteo de dependencia).
baseline-official-v3,rank_corr_leakage_MFCeff,leakage,MFCeff,,negativo,False,induced_by_derivation_not_imposed,0.3 for moderado; 0.5 otherwise,False,documented_not_imposed,,par mecanico documentado como inducido por derivacion; no impuesto,PLAN_02_SEC_14_2,inducidos por derivación; NO se imponen (doble conteo de dependencia).
