name,module,country_id,scenario_id,policy_id,regime_code,baseline_value,low_value,high_value,unit,distribution,support_type,source_id,formula_id,double_counting_risk,audit_status,notes
A_aipi_total,adoption_translation,PER,,,,0.491133,0.0,1.0,share,fixed_observed,observed_anchor,IMF_AIPI_DATA360,published AIPI carried forward to 2024,none,registered,published AIPI carried forward to 2024
Gap_excluded_indicators_neutral,adoption_translation,PER,,,,0.0,0.0,0.0,share,fixed_zero,missing_excluded_indicator_neutral_convention,PLAN_01_GAP_AIPI_RULE;DATA_QUALITY_REPORT,No excluded non-AIPI gap indicator is present; neutral value avoids double counting overlapping ITU/AIPI indicators.,gap_aipi_overlap,registered_author_review,No excluded non-AIPI gap indicator is present; neutral value avoids double counting overlapping ITU/AIPI indicators.
I_adopt_informality,adoption_translation,PER,,,,0.7137300000000001,0.0,1.0,share,fixed_observed,observed_anchor,ILOSTAT,ILOSTAT informality share divided by 100,none,registered,ILOSTAT informality share divided by 100
I_ceiling_informality,adoption_translation,PER,,,,0.7137300000000001,0.0,1.0,share,fixed_observed,observed_anchor,ILOSTAT,Same observed informality used for adoption ceiling; diffusion effect is inert in frozen baseline after mu inversion.,none,registered,Same observed informality used for adoption ceiling; diffusion effect is inert in frozen baseline after mu inversion.
beta_translation,adoption_translation,PER,,,,1.0,0.5,2.0,unitless,bounded_PERT,paper_elasticity_grid,PAPER_TRANSLATION_MODULE,"Baseline unit elasticity; sensitivity grid {0.5,1,1.5,2}.",none,registered,"Baseline unit elasticity; sensitivity grid {0.5,1,1.5,2}."
epsilon,adoption_translation,PER,,,,1e-09,1e-09,1e-09,share,fixed,technical_floor,PLAN_02_SEC_9_3,Numerical floor for support checks.,none,registered,Numerical floor for support checks.
epsilon_mu,adoption_translation,PER,,,,1e-06,1e-06,1e-06,share,fixed,technical_floor,PAPER_APP_ADOPTION_MODULE;PLAN_02_SEC_7_3,Logit inversion floor.,none,registered,Logit inversion floor.
gamma_translation,adoption_translation,PER,,,,1.0,0.5,2.0,unitless,bounded_PERT,paper_elasticity_grid,PAPER_TRANSLATION_MODULE,"Baseline unit elasticity; sensitivity grid {0.5,1,1.5,2}.",none,registered,"Baseline unit elasticity; sensitivity grid {0.5,1,1.5,2}."
lambda_q_baseline_mid,adoption_translation,PER,,,,0.3,0.15,0.5,unitless,discrete_grid,paper_grid,PAPER_ADOPTION_MODULE;PLAN_02_SEC_7_3,"Baseline diffusion-speed grid {0.15,0.30,0.50}; frozen baseline keeps q_prod at anchor.",none,registered,"Baseline diffusion-speed grid {0.15,0.30,0.50}; frozen baseline keeps q_prod at anchor."
lambda_q_stress_instant,adoption_translation,PER,,,,1.0,1.0,1.0,unitless,fixed_stress,stress_only,PAPER_ADOPTION_MODULE,"Instant-adoption stress only, not baseline primary.",none,registered,"Instant-adoption stress only, not baseline primary."
mu_t0_derived_not_free,adoption_translation,PER,,,,-1.7051933577034264,-1.7051933577034264,-1.7051933577034264,unitless,fixed_derived,derived_not_free,PLAN_02_SEC_7_3;PAPER_APP_ADOPTION_MODULE,"log(q_adj/(q_bar-q_adj))-nu_A*A+nu_I*I+nu_G*Gap. Primitive is q_use_target, not mu.",none,registered,"log(q_adj/(q_bar-q_adj))-nu_A*A+nu_I*I+nu_G*Gap. Primitive is q_use_target, not mu."
nu_A,adoption_translation,PER,,,,1.0,0.25,2.0,unitless,bounded_PERT,calibrated_prior_inert_in_frozen_baseline,PAPER_ADOPTION_MODULE;diffusion_literature,Preparedness coefficient; inert in frozen baseline because mu is inverted to target.,none,registered_author_review,Preparedness coefficient; inert in frozen baseline because mu is inverted to target.
nu_G,adoption_translation,PER,,,,0.5,0.0,1.0,unitless,bounded_PERT,calibrated_prior_inert_in_frozen_baseline,PAPER_ADOPTION_MODULE,Gap coefficient; inert in frozen baseline because mu is inverted to target.,none,registered_author_review,Gap coefficient; inert in frozen baseline because mu is inverted to target.
nu_I,adoption_translation,PER,,,,0.5,0.0,1.0,unitless,bounded_PERT,calibrated_prior_inert_in_frozen_baseline,PAPER_ADOPTION_MODULE;worldbank2021informality,Informality coefficient; inert in frozen baseline because mu is inverted to target.,none,registered_author_review,Informality coefficient; inert in frozen baseline because mu is inverted to target.
omega_G,adoption_translation,PER,,,,0.5,0.25,0.75,share,bounded_PERT,calibrated_prior,PAPER_ADOPTION_MODULE,Digital-gap ceiling penalty. Gap baseline is neutral because no excluded indicator is available.,none,registered_author_review,Digital-gap ceiling penalty. Gap baseline is neutral because no excluded indicator is available.
omega_I,adoption_translation,PER,,,,0.5,0.25,0.75,share,bounded_PERT,calibrated_prior,PAPER_ADOPTION_MODULE;worldbank2021informality,Informality ceiling penalty; omega_I<1 is the paper's economic restriction.,none,registered_author_review,Informality ceiling penalty; omega_I<1 is the paper's economic restriction.
q_bar,adoption_translation,PER,,,,0.643135,0.4647024999999999,0.8215675,share,derived_bounded_PERT,derived_from_registered_inputs,PAPER_ADOPTION_MODULE,"max(0,min(1,1-omega_I*I_ceiling-omega_G*Gap))",none,registered,"max(0,min(1,1-omega_I*I_ceiling-omega_G*Gap))"
q_prod_t0,adoption_translation,PER,,,,0.11067357435335731,0.08,0.14,share,derived_bounded_PERT,paper_initial_condition,PLAN_02_SEC_7_3;PAPER_APP_ADOPTION_MODULE,Default initial condition q_prod_t0=q_use_target_adj.,none,registered,Default initial condition q_prod_t0=q_use_target_adj.
q_use_target,adoption_translation,PER,,,,0.11067357435335731,0.08,0.14,share,bounded_PERT,calibrated_prior_from_benchmark_and_lac_exposure,FRONTIER_BENCHMARK;IMF_AIPI_DATA360;PLAN_01_02,OECD-Eurostat benchmark adoption average scaled by Peru AIPI relative to benchmark AIPI; low/high use LAC productive exposure support.,none,registered_author_review,OECD-Eurostat benchmark adoption average scaled by Peru AIPI relative to benchmark AIPI; low/high use LAC productive exposure support.
q_use_target_adj,adoption_translation,PER,,,,0.11067357435335731,0.08,0.14,share,derived_bounded_PERT,derived_from_registered_inputs,PLAN_02_SEC_7_3,"Target projected to the interior of [epsilon_mu, q_bar-epsilon_mu].",none,registered,"Target projected to the interior of [epsilon_mu, q_bar-epsilon_mu]."
kappa_LP_to_Y_high,ai_shock,PER,high,,,0.447212278842926,0.447212278842926,0.447212278842926,GDP_equivalent_per_raw_unit,fixed,paper_bridge_convention,PAPER_SEC_PARAMETERS;PWT_10_01,TFP_or_Y_identity;LP_bridge_uses_labor_share_for_high,none,registered,TFP/Y shocks use identity bridge; LP high scenario uses observed Peru labor share as conservative output bridge.
phi_Y_nom_high,ai_shock,,high,,,0.003801304370164793,0.0017888491153716934,0.005813759624958115,nominal_GDP_equivalent_annual_rate,derived_bounded_PERT,derived_from_registered_inputs,oecd2025g7;PAPER_TABLE_PHI_SCENARIO_LADDER;PAPER_SEC_10_4,phi_Y_nom=(1+kappa*phi_raw)*(1+pi_AI_Y)-1,none,registered,Derived for calibration only; no economic result is computed in Etapa 3A.
phi_raw_high,ai_shock,,high,,,0.0085,0.004,0.013,LP_equivalent_annual_rate_before_bridge,bounded_PERT,paper_literature_support,oecd2025g7;PAPER_TABLE_PHI_SCENARIO_LADDER,paper_phi_raw_support,none,registered,Raw source-unit AI shock. Nominal GDP-equivalent value is derived separately.
pi_AI_Y_high,ai_shock,,high,,,0.0,0.0,0.0,annual_nominal_price_adjustment_rate,fixed,fixed_baseline_convention,PAPER_SEC_PARAMETERS,no_nominal_price_adjustment_in_baseline,none,registered,Nominal bridge is multiplicative; baseline sets explicit AI price wedge to zero.
kappa_TFP_to_Y_low,ai_shock,,low,,,1.0,1.0,1.0,GDP_equivalent_per_raw_unit,fixed,paper_bridge_convention,PAPER_SEC_PARAMETERS,TFP_or_Y_identity;LP_bridge_uses_labor_share_for_high,none,registered,TFP/Y shocks use identity bridge; LP high scenario uses observed Peru labor share as conservative output bridge.
phi_Y_nom_low,ai_shock,,low,,,0.0004999999999999449,0.00029999999999996696,0.0006999999999999229,nominal_GDP_equivalent_annual_rate,derived_bounded_PERT,derived_from_registered_inputs,acemoglu2024simple;PAPER_TABLE_PHI_SCENARIO_LADDER;PAPER_SEC_10_4,phi_Y_nom=(1+kappa*phi_raw)*(1+pi_AI_Y)-1,none,registered,Derived for calibration only; no economic result is computed in Etapa 3A.
phi_raw_low,ai_shock,,low,,,0.0005,0.0003,0.0007,TFP_equivalent_annual_rate,bounded_PERT,paper_literature_support,acemoglu2024simple;PAPER_TABLE_PHI_SCENARIO_LADDER,paper_phi_raw_support,none,registered,Raw source-unit AI shock. Nominal GDP-equivalent value is derived separately.
pi_AI_Y_low,ai_shock,,low,,,0.0,0.0,0.0,annual_nominal_price_adjustment_rate,fixed,fixed_baseline_convention,PAPER_SEC_PARAMETERS,no_nominal_price_adjustment_in_baseline,none,registered,Nominal bridge is multiplicative; baseline sets explicit AI price wedge to zero.
kappa_TFP_to_Y_mid,ai_shock,,mid,,,1.0,1.0,1.0,GDP_equivalent_per_raw_unit,fixed,paper_bridge_convention,PAPER_SEC_PARAMETERS,TFP_or_Y_identity;LP_bridge_uses_labor_share_for_high,none,registered,TFP/Y shocks use identity bridge; LP high scenario uses observed Peru labor share as conservative output bridge.
phi_Y_nom_mid,ai_shock,,mid,,,0.004250000000000087,0.0024999999999999467,0.006000000000000005,nominal_GDP_equivalent_annual_rate,derived_bounded_PERT,derived_from_registered_inputs,filippucci2024miracle;OECD_MICRO_TO_MACRO;PAPER_TABLE_PHI_SCENARIO_LADDER;PAPER_SEC_10_4,phi_Y_nom=(1+kappa*phi_raw)*(1+pi_AI_Y)-1,none,registered,Derived for calibration only; no economic result is computed in Etapa 3A.
phi_raw_mid,ai_shock,,mid,,,0.00425,0.0025,0.006,TFP_equivalent_annual_rate,bounded_PERT,paper_literature_support,filippucci2024miracle;OECD_MICRO_TO_MACRO;PAPER_TABLE_PHI_SCENARIO_LADDER,paper_phi_raw_support,none,registered,Raw source-unit AI shock. Nominal GDP-equivalent value is derived separately.
pi_AI_Y_mid,ai_shock,,mid,,,0.0,0.0,0.0,annual_nominal_price_adjustment_rate,fixed,fixed_baseline_convention,PAPER_SEC_PARAMETERS,no_nominal_price_adjustment_in_baseline,none,registered,Nominal bridge is multiplicative; baseline sets explicit AI price wedge to zero.
kappa_Y_to_Y_stress,ai_shock,,stress,,,1.0,1.0,1.0,GDP_equivalent_per_raw_unit,fixed,paper_bridge_convention,PAPER_SEC_PARAMETERS,TFP_or_Y_identity;LP_bridge_uses_labor_share_for_high,none,registered,TFP/Y shocks use identity bridge; LP high scenario uses observed Peru labor share as conservative output bridge.
phi_Y_nom_stress,ai_shock,,stress,,,0.014999999999999902,0.010000000000000009,0.020000000000000018,nominal_GDP_equivalent_annual_rate,derived_bounded_PERT,derived_from_registered_inputs,PAPER_TABLE_PHI_SCENARIO_LADDER_STRESS_DIAGNOSTIC;PAPER_SEC_10_4,phi_Y_nom=(1+kappa*phi_raw)*(1+pi_AI_Y)-1,none,registered,Derived for calibration only; no economic result is computed in Etapa 3A.
phi_raw_stress,ai_shock,,stress,,,0.015,0.01,0.02,GDP_equivalent_stress_annual_rate,bounded_PERT,paper_literature_support,PAPER_TABLE_PHI_SCENARIO_LADDER_STRESS_DIAGNOSTIC,paper_phi_raw_support,none,registered,Raw source-unit AI shock. Nominal GDP-equivalent value is derived separately.
pi_AI_Y_stress,ai_shock,,stress,,,0.0,0.0,0.0,annual_nominal_price_adjustment_rate,fixed,fixed_baseline_convention,PAPER_SEC_PARAMETERS,no_nominal_price_adjustment_in_baseline,none,registered,Nominal bridge is multiplicative; baseline sets explicit AI price wedge to zero.
epsilon_ero_AI_r0,behavioral_erosion,,,,r0,0.0,0.0,0.0,taxable_base_erosion_elasticity,fixed,paper_companion_grid,PLAN_02_SEC_7_4_2;PAPER_APP_FISCAL_CONVERSION,B_taxable=B*(1-epsilon_ero*tau_eff_r); epsilon_ero=0 in r0,behavioral_response_not_in_capital_chain,registered,Companion mandatory for any headline result relying on r>=1; Etapa 3A only registers the grid.
epsilon_ero_C_r0,behavioral_erosion,,,,r0,0.0,0.0,0.0,taxable_base_erosion_elasticity,fixed,paper_companion_grid,PLAN_02_SEC_7_4_2;PAPER_APP_FISCAL_CONVERSION,B_taxable=B*(1-epsilon_ero*tau_eff_r); epsilon_ero=0 in r0,behavioral_response_not_in_capital_chain,registered,Companion mandatory for any headline result relying on r>=1; Etapa 3A only registers the grid.
epsilon_ero_K_r0,behavioral_erosion,,,,r0,0.0,0.0,0.0,taxable_base_erosion_elasticity,fixed,paper_companion_grid,PLAN_02_SEC_7_4_2;PAPER_APP_FISCAL_CONVERSION,B_taxable=B*(1-epsilon_ero*tau_eff_r); epsilon_ero=0 in r0,behavioral_response_not_in_capital_chain,registered,Companion mandatory for any headline result relying on r>=1; Etapa 3A only registers the grid.
epsilon_ero_L_r0,behavioral_erosion,,,,r0,0.0,0.0,0.0,taxable_base_erosion_elasticity,fixed,paper_companion_grid,PLAN_02_SEC_7_4_2;PAPER_APP_FISCAL_CONVERSION,B_taxable=B*(1-epsilon_ero*tau_eff_r); epsilon_ero=0 in r0,behavioral_response_not_in_capital_chain,registered,Companion mandatory for any headline result relying on r>=1; Etapa 3A only registers the grid.
epsilon_ero_AI_r1,behavioral_erosion,,,,r1,0.5,0.0,1.0,taxable_base_erosion_elasticity,discrete_grid_or_bounded_PERT,paper_companion_grid,PLAN_02_SEC_7_4_2;PAPER_APP_FISCAL_CONVERSION,B_taxable=B*(1-epsilon_ero*tau_eff_r); epsilon_ero=0 in r0,behavioral_response_not_in_capital_chain,registered,Companion mandatory for any headline result relying on r>=1; Etapa 3A only registers the grid.
epsilon_ero_C_r1,behavioral_erosion,,,,r1,0.5,0.0,1.0,taxable_base_erosion_elasticity,discrete_grid_or_bounded_PERT,paper_companion_grid,PLAN_02_SEC_7_4_2;PAPER_APP_FISCAL_CONVERSION,B_taxable=B*(1-epsilon_ero*tau_eff_r); epsilon_ero=0 in r0,behavioral_response_not_in_capital_chain,registered,Companion mandatory for any headline result relying on r>=1; Etapa 3A only registers the grid.
epsilon_ero_K_r1,behavioral_erosion,,,,r1,0.5,0.0,1.0,taxable_base_erosion_elasticity,discrete_grid_or_bounded_PERT,paper_companion_grid,PLAN_02_SEC_7_4_2;PAPER_APP_FISCAL_CONVERSION,B_taxable=B*(1-epsilon_ero*tau_eff_r); epsilon_ero=0 in r0,behavioral_response_not_in_capital_chain,registered,Companion mandatory for any headline result relying on r>=1; Etapa 3A only registers the grid.
epsilon_ero_L_r1,behavioral_erosion,,,,r1,0.5,0.0,1.0,taxable_base_erosion_elasticity,discrete_grid_or_bounded_PERT,paper_companion_grid,PLAN_02_SEC_7_4_2;PAPER_APP_FISCAL_CONVERSION,B_taxable=B*(1-epsilon_ero*tau_eff_r); epsilon_ero=0 in r0,behavioral_response_not_in_capital_chain,registered,Companion mandatory for any headline result relying on r>=1; Etapa 3A only registers the grid.
epsilon_ero_AI_r2,behavioral_erosion,,,,r2,0.5,0.0,1.0,taxable_base_erosion_elasticity,discrete_grid_or_bounded_PERT,paper_companion_grid,PLAN_02_SEC_7_4_2;PAPER_APP_FISCAL_CONVERSION,B_taxable=B*(1-epsilon_ero*tau_eff_r); epsilon_ero=0 in r0,behavioral_response_not_in_capital_chain,registered,Companion mandatory for any headline result relying on r>=1; Etapa 3A only registers the grid.
epsilon_ero_C_r2,behavioral_erosion,,,,r2,0.5,0.0,1.0,taxable_base_erosion_elasticity,discrete_grid_or_bounded_PERT,paper_companion_grid,PLAN_02_SEC_7_4_2;PAPER_APP_FISCAL_CONVERSION,B_taxable=B*(1-epsilon_ero*tau_eff_r); epsilon_ero=0 in r0,behavioral_response_not_in_capital_chain,registered,Companion mandatory for any headline result relying on r>=1; Etapa 3A only registers the grid.
epsilon_ero_K_r2,behavioral_erosion,,,,r2,0.5,0.0,1.0,taxable_base_erosion_elasticity,discrete_grid_or_bounded_PERT,paper_companion_grid,PLAN_02_SEC_7_4_2;PAPER_APP_FISCAL_CONVERSION,B_taxable=B*(1-epsilon_ero*tau_eff_r); epsilon_ero=0 in r0,behavioral_response_not_in_capital_chain,registered,Companion mandatory for any headline result relying on r>=1; Etapa 3A only registers the grid.
epsilon_ero_L_r2,behavioral_erosion,,,,r2,0.5,0.0,1.0,taxable_base_erosion_elasticity,discrete_grid_or_bounded_PERT,paper_companion_grid,PLAN_02_SEC_7_4_2;PAPER_APP_FISCAL_CONVERSION,B_taxable=B*(1-epsilon_ero*tau_eff_r); epsilon_ero=0 in r0,behavioral_response_not_in_capital_chain,registered,Companion mandatory for any headline result relying on r>=1; Etapa 3A only registers the grid.
epsilon_ero_AI_r3,behavioral_erosion,,,,r3,0.5,0.0,1.0,taxable_base_erosion_elasticity,discrete_grid_or_bounded_PERT,paper_companion_grid,PLAN_02_SEC_7_4_2;PAPER_APP_FISCAL_CONVERSION,B_taxable=B*(1-epsilon_ero*tau_eff_r); epsilon_ero=0 in r0,behavioral_response_not_in_capital_chain,registered,Companion mandatory for any headline result relying on r>=1; Etapa 3A only registers the grid.
epsilon_ero_C_r3,behavioral_erosion,,,,r3,0.5,0.0,1.0,taxable_base_erosion_elasticity,discrete_grid_or_bounded_PERT,paper_companion_grid,PLAN_02_SEC_7_4_2;PAPER_APP_FISCAL_CONVERSION,B_taxable=B*(1-epsilon_ero*tau_eff_r); epsilon_ero=0 in r0,behavioral_response_not_in_capital_chain,registered,Companion mandatory for any headline result relying on r>=1; Etapa 3A only registers the grid.
epsilon_ero_K_r3,behavioral_erosion,,,,r3,0.5,0.0,1.0,taxable_base_erosion_elasticity,discrete_grid_or_bounded_PERT,paper_companion_grid,PLAN_02_SEC_7_4_2;PAPER_APP_FISCAL_CONVERSION,B_taxable=B*(1-epsilon_ero*tau_eff_r); epsilon_ero=0 in r0,behavioral_response_not_in_capital_chain,registered,Companion mandatory for any headline result relying on r>=1; Etapa 3A only registers the grid.
epsilon_ero_L_r3,behavioral_erosion,,,,r3,0.5,0.0,1.0,taxable_base_erosion_elasticity,discrete_grid_or_bounded_PERT,paper_companion_grid,PLAN_02_SEC_7_4_2;PAPER_APP_FISCAL_CONVERSION,B_taxable=B*(1-epsilon_ero*tau_eff_r); epsilon_ero=0 in r0,behavioral_response_not_in_capital_chain,registered,Companion mandatory for any headline result relying on r>=1; Etapa 3A only registers the grid.
epsilon_ero_AI_r4,behavioral_erosion,,,,r4,0.5,0.0,1.0,taxable_base_erosion_elasticity,discrete_grid_or_bounded_PERT,paper_companion_grid,PLAN_02_SEC_7_4_2;PAPER_APP_FISCAL_CONVERSION,B_taxable=B*(1-epsilon_ero*tau_eff_r); epsilon_ero=0 in r0,behavioral_response_not_in_capital_chain,registered,Companion mandatory for any headline result relying on r>=1; Etapa 3A only registers the grid.
epsilon_ero_C_r4,behavioral_erosion,,,,r4,0.5,0.0,1.0,taxable_base_erosion_elasticity,discrete_grid_or_bounded_PERT,paper_companion_grid,PLAN_02_SEC_7_4_2;PAPER_APP_FISCAL_CONVERSION,B_taxable=B*(1-epsilon_ero*tau_eff_r); epsilon_ero=0 in r0,behavioral_response_not_in_capital_chain,registered,Companion mandatory for any headline result relying on r>=1; Etapa 3A only registers the grid.
epsilon_ero_K_r4,behavioral_erosion,,,,r4,0.5,0.0,1.0,taxable_base_erosion_elasticity,discrete_grid_or_bounded_PERT,paper_companion_grid,PLAN_02_SEC_7_4_2;PAPER_APP_FISCAL_CONVERSION,B_taxable=B*(1-epsilon_ero*tau_eff_r); epsilon_ero=0 in r0,behavioral_response_not_in_capital_chain,registered,Companion mandatory for any headline result relying on r>=1; Etapa 3A only registers the grid.
epsilon_ero_L_r4,behavioral_erosion,,,,r4,0.5,0.0,1.0,taxable_base_erosion_elasticity,discrete_grid_or_bounded_PERT,paper_companion_grid,PLAN_02_SEC_7_4_2;PAPER_APP_FISCAL_CONVERSION,B_taxable=B*(1-epsilon_ero*tau_eff_r); epsilon_ero=0 in r0,behavioral_response_not_in_capital_chain,registered,Companion mandatory for any headline result relying on r>=1; Etapa 3A only registers the grid.
E_aug,fiscal_channels,PER,,,,0.11,0.08,0.14,share_of_tasks_or_employment,bounded_PERT,lac_fallback_exposure,PLAN_01_02,No automation/augmentation split in snapshot; both use LAC productive-exposure fallback.,none,registered_author_review,No automation/augmentation split in snapshot; both use LAC productive-exposure fallback.
E_auto,fiscal_channels,PER,,,,0.11,0.08,0.14,share_of_tasks_or_employment,bounded_PERT,lac_fallback_exposure,PLAN_01_02,No automation/augmentation split in snapshot; both use LAC productive-exposure fallback.,none,registered_author_review,No automation/augmentation split in snapshot; both use LAC productive-exposure fallback.
LS_labor_share,fiscal_channels,PER,,,,0.447212278842926,0.447212278842926,0.447212278842926,labor_share,fixed_observed,observed_anchor,PWT_10_01,PWT labor share carried forward to 2024,none,registered,PWT labor share carried forward to 2024
RST,fiscal_channels,PER,,,,0.39759036144578314,0.0,1.0,index_0_to_1,bounded_PERT,residualized_aipi_fallback,IMF_AIPI_DATA360;PLAN_01_SEC_14_6;PAPER_LABOR_SHARE_MODULE,"RST proxy uses AIPI human_capital_labor residualized on total AIPI over the international AIPI sample, then percentile-ranked to [0,1]. This is the paper-permitted fallback when ILO training/ALMP inputs are unavailable.",none,registered_author_review,"RST proxy uses AIPI human_capital_labor residualized on total AIPI over the international AIPI sample, then percentile-ranked to [0,1]. This is the paper-permitted fallback when ILO training/ALMP inputs are unavailable."
chi_Kbase,fiscal_channels,PER,,,,1.0,1.0,1.0,share,fixed_convention,broad_effective_rate_no_extra_base_discount,PAPER_APP_FISCAL_CONVERSION;PLAN_02_SEC_10_8,"tau_K_eff is calibrated as broad NLS effective capture, so no additional K-base filter in primary.",tax_base_double_discount,registered,"tau_K_eff is calibrated as broad NLS effective capture, so no additional K-base filter in primary."
chi_dom,fiscal_channels,PER,,,,1.0,1.0,1.0,share,fixed_convention,broad_effective_rate_no_extra_base_discount,PAPER_APP_FISCAL_CONVERSION;PLAN_02_SEC_10_8,Domestic reach already embedded in observed effective rate in primary.,tax_base_double_discount,registered,Domestic reach already embedded in observed effective rate in primary.
delta_s,fiscal_channels,PER,,,,0.5,0.25,1.0,unitless,discrete_grid,paper_provisional_grid,PAPER_MASTER_CALIBRATION_MATRIX,"Automation pressure grid {0.25,0.50,1.00}.",none,registered,"Automation pressure grid {0.25,0.50,1.00}."
exempt_C,fiscal_channels,PER,,,,0.0,0.0,0.0,share_of_consumption_base,fixed_convention,effective_rate_embeds_exemptions,PLAN_02_SEC_10_8;PAPER_APP_FISCAL_CONVERSION,Observed tau_C_eff already embeds exemptions and informal untaxed consumption; base-side exempt_C is zero to avoid double count.,tax_base_double_discount,registered,Observed tau_C_eff already embeds exemptions and informal untaxed consumption; base-side exempt_C is zero to avoid double count.
lambda_LS,fiscal_channels,PER,,,,0.5,0.25,1.0,unitless,discrete_grid,paper_provisional_grid,PAPER_MASTER_CALIBRATION_MATRIX,"Labor-share partial-adjustment grid {0.25,0.50,1.00}.",none,registered,"Labor-share partial-adjustment grid {0.25,0.50,1.00}."
m_M,fiscal_channels,PER,,,,0.30730450686855254,0.30730450686855254,0.30730450686855254,import_content_share,fixed_derived,observed_derived_anchor,WDI,"imports_GDP_share/final_consumption_GDP_share, capped to [0,1].",none,registered,"imports_GDP_share/final_consumption_GDP_share, capped to [0,1]."
mpc_Pi,fiscal_channels,PER,,,,0.37092222088305,0.22092222088305,0.52092222088305,share,bounded_PERT,calibrated_prior_from_national_accounts,WDI;PAPER_APP_FISCAL_CONVERSION,Profit-income MPC proxy set below labor-income proxy; flagged for author review.,none,registered_author_review,Profit-income MPC proxy set below labor-income proxy; flagged for author review.
mpc_R,fiscal_channels,PER,,,,0.556383331324575,0.40638333132457494,0.706383331324575,share,bounded_PERT,calibrated_prior_from_national_accounts,WDI;PAPER_APP_FISCAL_CONVERSION,Residual-income MPC proxy between labor and profit proxies; flagged for author review.,none,registered_author_review,Residual-income MPC proxy between labor and profit proxies; flagged for author review.
mpc_W,fiscal_channels,PER,,,,0.7418444417661,0.5918444417661,0.8418444417661,share,bounded_PERT,national_accounts_proxy,WDI;PAPER_APP_FISCAL_CONVERSION,Final-consumption/GDP share used as transparent pilot proxy for labor-income MPC.,none,registered_author_review,Final-consumption/GDP share used as transparent pilot proxy for labor-income MPC.
psi_s,fiscal_channels,PER,,,,0.5,0.25,1.0,unitless,discrete_grid,paper_provisional_grid,PAPER_MASTER_CALIBRATION_MATRIX,"Augmentation pressure grid {0.25,0.50,1.00}.",none,registered,"Augmentation pressure grid {0.25,0.50,1.00}."
psi_shift,fiscal_channels,PER,,,,0.0,0.0,0.0,share,fixed_convention,broad_effective_rate_no_extra_base_discount,PAPER_APP_FISCAL_CONVERSION;PLAN_02_SEC_10_8,Ordinary profit shifting not applied again when tau_K_eff is broad effective capture.,tax_base_double_discount,registered,Ordinary profit shifting not applied again when tau_K_eff is broad effective capture.
sPB_plus_gdp_ratio,fiscal_channels,PER,,,,0.007106971419037426,0.007106971419037426,0.007106971419037426,share_of_GDP,fixed_derived,derived_debt_guardrail,IMF_WEO_GFS;PLAN_02_SEC_7_7,"max(0,-pb_gap_gdp_pp)/100 because anchor stores IMF percent-of-GDP values in percentage points.",none,registered,"max(0,-pb_gap_gdp_pp)/100 because anchor stores IMF percent-of-GDP values in percentage points."
tau_C_eff,fiscal_channels,PER,,,,0.08476226759934355,0.08476226759934355,0.08476226759934355,effective_consumption_tax_capture,fixed_derived,observed_derived_anchor,OECD_REVSTAT_LAC;WDI,VAT_GDP/final_consumption_GDP_share,none,registered,VAT_GDP/final_consumption_GDP_share
tau_K_disp,fiscal_channels,PER,,,,0.0679185390505772,0.0679185390505772,0.0679185390505772,effective_tax_rate,fixed_derived,simplified_disposable_rate,PLAN_02_SEC_10_8,Simplified pilot convention: disposable capital rate equals fiscal capital effective rate.,none,registered,Simplified pilot convention: disposable capital rate equals fiscal capital effective rate.
tau_K_eff,fiscal_channels,PER,,,,0.0679185390505772,0.0679185390505772,0.0679185390505772,effective_capital_tax_capture,fixed_derived,observed_derived_anchor,OECD_REVSTAT_LAC;PWT_10_01,CIT_GDP/(1-labor_share),none,registered,CIT_GDP/(1-labor_share)
tau_L_disp,fiscal_channels,PER,,,,0.0804966095753286,0.0804966095753286,0.0804966095753286,effective_tax_rate,fixed_derived,simplified_disposable_rate,PLAN_02_SEC_10_8,Simplified pilot convention: disposable labor rate equals fiscal labor effective rate.,none,registered,Simplified pilot convention: disposable labor rate equals fiscal labor effective rate.
tau_L_eff,fiscal_channels,PER,,,,0.0804966095753286,0.0804966095753286,0.0804966095753286,effective_labor_tax_capture,fixed_derived,observed_derived_anchor,OECD_REVSTAT_LAC;ILOSTAT;PWT_10_01,(PIT_GDP+social_contrib_GDP)/labor_share_GDP,none,registered,(PIT_GDP+social_contrib_GDP)/labor_share_GDP
tau_R_disp,fiscal_channels,PER,,,,0.0,0.0,0.0,effective_tax_rate,fixed_convention,residual_income_not_directly_taxed,PAPER_APP_FISCAL_CONVERSION,Residual non-labor income is routed through consumption only in primary.,none,registered,Residual non-labor income is routed through consumption only in primary.
theta_R_dom,fiscal_channels,PER,,,,0.6926954931314475,0.6926954931314475,0.6926954931314475,domestic_routing_share,fixed_derived,derived_from_import_content,WDI;PAPER_APP_FISCAL_CONVERSION,Domestic routing for residual income set to 1-m_M in pilot.,none,registered,Domestic routing for residual income set to 1-m_M in pilot.
zeta_s,fiscal_channels,PER,,,,0.5,0.25,1.0,unitless,discrete_grid,paper_provisional_grid,PAPER_MASTER_CALIBRATION_MATRIX,"Reskilling mitigation grid {0.25,0.50,1.00}; engine must enforce zeta*RST<=delta.",none,registered,"Reskilling mitigation grid {0.25,0.50,1.00}; engine must enforce zeta*RST<=delta."
lambda_AI_high,fiscal_channels_ai_rent,,high,,,0.06,0.03,0.1,share_of_AI_shock,bounded_PERT,paper_bounded_scenario_grid,PAPER_APP_FISCAL_CONVERSION;PLAN_02_SEC_7_4_1,scenario_grid_zero_low_medium_high,capital_profit_overlap,registered_author_review,"AI-rent share is an economic scenario object, not regime-indexed. Subset convention is used, so lambda_AI_Kbase mirrors this value."
lambda_AI_low,fiscal_channels_ai_rent,,low,,,0.0,0.0,0.02,share_of_AI_shock,bounded_PERT,paper_bounded_scenario_grid,PAPER_APP_FISCAL_CONVERSION;PLAN_02_SEC_7_4_1,scenario_grid_zero_low_medium_high,capital_profit_overlap,registered_author_review,"AI-rent share is an economic scenario object, not regime-indexed. Subset convention is used, so lambda_AI_Kbase mirrors this value."
lambda_AI_mid,fiscal_channels_ai_rent,,mid,,,0.03,0.01,0.06,share_of_AI_shock,bounded_PERT,paper_bounded_scenario_grid,PAPER_APP_FISCAL_CONVERSION;PLAN_02_SEC_7_4_1,scenario_grid_zero_low_medium_high,capital_profit_overlap,registered_author_review,"AI-rent share is an economic scenario object, not regime-indexed. Subset convention is used, so lambda_AI_Kbase mirrors this value."
lambda_AI_stress,fiscal_channels_ai_rent,,stress,,,0.1,0.05,0.15,share_of_AI_shock,bounded_PERT,paper_bounded_scenario_grid,PAPER_APP_FISCAL_CONVERSION;PLAN_02_SEC_7_4_1,scenario_grid_zero_low_medium_high,capital_profit_overlap,registered_author_review,"AI-rent share is an economic scenario object, not regime-indexed. Subset convention is used, so lambda_AI_Kbase mirrors this value."
lambda_AI_Kbase_high,fiscal_channels_capital,,high,,,0.06,0.03,0.1,share_of_AI_shock,derived_bounded_PERT,derived_subset_convention,PAPER_APP_FISCAL_CONVERSION;PLAN_02_SEC_7_4_1,lambda_AI_Kbase=lambda_AI_under_subset_convention,capital_profit_overlap,registered,Netting field for omega_K_net. This prevents counting the same AI rents in capital and AI-rent channels.
lambda_AI_Kbase_low,fiscal_channels_capital,,low,,,0.0,0.0,0.02,share_of_AI_shock,derived_bounded_PERT,derived_subset_convention,PAPER_APP_FISCAL_CONVERSION;PLAN_02_SEC_7_4_1,lambda_AI_Kbase=lambda_AI_under_subset_convention,capital_profit_overlap,registered,Netting field for omega_K_net. This prevents counting the same AI rents in capital and AI-rent channels.
lambda_AI_Kbase_mid,fiscal_channels_capital,,mid,,,0.03,0.01,0.06,share_of_AI_shock,derived_bounded_PERT,derived_subset_convention,PAPER_APP_FISCAL_CONVERSION;PLAN_02_SEC_7_4_1,lambda_AI_Kbase=lambda_AI_under_subset_convention,capital_profit_overlap,registered,Netting field for omega_K_net. This prevents counting the same AI rents in capital and AI-rent channels.
lambda_AI_Kbase_stress,fiscal_channels_capital,,stress,,,0.1,0.05,0.15,share_of_AI_shock,derived_bounded_PERT,derived_subset_convention,PAPER_APP_FISCAL_CONVERSION;PLAN_02_SEC_7_4_1,lambda_AI_Kbase=lambda_AI_under_subset_convention,capital_profit_overlap,registered,Netting field for omega_K_net. This prevents counting the same AI rents in capital and AI-rent channels.
base_broadening_delta_r0,fiscal_regime,,,,r0,0.0,0.0,0.0,relative_base_broadening_index,fixed,calibrated_mechanical_reform_grid,PLAN_02_SEC_15_1;PAPER_APP_FISCAL_CONVERSION,base_side_margin_only_when_not_already_in_effective_rate,base_vs_rate_same_margin,registered,Registered for regime audit. Primary effective-rate convention does not apply base-side and rate-side margins twice.
leakage_multiplier_r0,fiscal_regime,,,,r0,1.0,0.85,1.0,relative_leakage_multiplier,fixed,calibrated_mechanical_reform_grid,PLAN_02_SEC_15_1,high_medium_low_leakage_order_encoded_as_multiplier,leakage_vs_technology_shifting,registered,Only a pre-run ordered scalar for later engine use; leakage is not subtracted here.
tau_AI_eff_r0,fiscal_regime,,,,r0,0.0,0.0,0.0,effective_AI_rent_capture_rate,fixed,paper_bounded_policy_grid,PLAN_02_SEC_15_1;PAPER_APP_FISCAL_CONVERSION,tau_AI_eff positive only in r3/r4,ai_rent_capture_without_lambda,registered,Status quo and non-rent regimes have zero AI rent capture.
tau_C_relative_delta_r0,fiscal_regime,,,,r0,0.0,0.0,0.0,relative_delta_to_observed_effective_rate,fixed,calibrated_mechanical_reform_grid,PLAN_02_SEC_15_1;PAPER_APP_FISCAL_CONVERSION;brollo2024fiscal,tau_j_r=tau_j_observed*(1+relative_delta_r),regime_mechanical_upper_bound,registered,Mechanical reform-regime delta for pre-run calibration; no behavioral result is computed here.
tau_K_relative_delta_r0,fiscal_regime,,,,r0,0.0,0.0,0.0,relative_delta_to_observed_effective_rate,fixed,calibrated_mechanical_reform_grid,PLAN_02_SEC_15_1;PAPER_APP_FISCAL_CONVERSION;brollo2024fiscal,tau_j_r=tau_j_observed*(1+relative_delta_r),regime_mechanical_upper_bound,registered,Mechanical reform-regime delta for pre-run calibration; no behavioral result is computed here.
tau_L_relative_delta_r0,fiscal_regime,,,,r0,0.0,0.0,0.0,relative_delta_to_observed_effective_rate,fixed,calibrated_mechanical_reform_grid,PLAN_02_SEC_15_1;PAPER_APP_FISCAL_CONVERSION;brollo2024fiscal,tau_j_r=tau_j_observed*(1+relative_delta_r),regime_mechanical_upper_bound,registered,Mechanical reform-regime delta for pre-run calibration; no behavioral result is computed here.
base_broadening_delta_r1,fiscal_regime,,,,r1,0.05,0.02,0.08,relative_base_broadening_index,bounded_PERT,calibrated_mechanical_reform_grid,PLAN_02_SEC_15_1;PAPER_APP_FISCAL_CONVERSION,base_side_margin_only_when_not_already_in_effective_rate,base_vs_rate_same_margin,registered_author_review,Registered for regime audit. Primary effective-rate convention does not apply base-side and rate-side margins twice.
leakage_multiplier_r1,fiscal_regime,,,,r1,0.75,0.6,0.9,relative_leakage_multiplier,bounded_PERT,calibrated_mechanical_reform_grid,PLAN_02_SEC_15_1,high_medium_low_leakage_order_encoded_as_multiplier,leakage_vs_technology_shifting,registered_author_review,Only a pre-run ordered scalar for later engine use; leakage is not subtracted here.
tau_AI_eff_r1,fiscal_regime,,,,r1,0.0,0.0,0.0,effective_AI_rent_capture_rate,fixed,paper_bounded_policy_grid,PLAN_02_SEC_15_1;PAPER_APP_FISCAL_CONVERSION,tau_AI_eff positive only in r3/r4,ai_rent_capture_without_lambda,registered,Status quo and non-rent regimes have zero AI rent capture.
tau_C_relative_delta_r1,fiscal_regime,,,,r1,0.1,0.05,0.15,relative_delta_to_observed_effective_rate,bounded_PERT,calibrated_mechanical_reform_grid,PLAN_02_SEC_15_1;PAPER_APP_FISCAL_CONVERSION;brollo2024fiscal,tau_j_r=tau_j_observed*(1+relative_delta_r),regime_mechanical_upper_bound,registered_author_review,Mechanical reform-regime delta for pre-run calibration; no behavioral result is computed here.
tau_K_relative_delta_r1,fiscal_regime,,,,r1,0.1,0.05,0.15,relative_delta_to_observed_effective_rate,bounded_PERT,calibrated_mechanical_reform_grid,PLAN_02_SEC_15_1;PAPER_APP_FISCAL_CONVERSION;brollo2024fiscal,tau_j_r=tau_j_observed*(1+relative_delta_r),regime_mechanical_upper_bound,registered_author_review,Mechanical reform-regime delta for pre-run calibration; no behavioral result is computed here.
tau_L_relative_delta_r1,fiscal_regime,,,,r1,0.1,0.05,0.15,relative_delta_to_observed_effective_rate,bounded_PERT,calibrated_mechanical_reform_grid,PLAN_02_SEC_15_1;PAPER_APP_FISCAL_CONVERSION;brollo2024fiscal,tau_j_r=tau_j_observed*(1+relative_delta_r),regime_mechanical_upper_bound,registered_author_review,Mechanical reform-regime delta for pre-run calibration; no behavioral result is computed here.
base_broadening_delta_r2,fiscal_regime,,,,r2,0.1,0.05,0.2,relative_base_broadening_index,bounded_PERT,calibrated_mechanical_reform_grid,PLAN_02_SEC_15_1;PAPER_APP_FISCAL_CONVERSION,base_side_margin_only_when_not_already_in_effective_rate,base_vs_rate_same_margin,registered_author_review,Registered for regime audit. Primary effective-rate convention does not apply base-side and rate-side margins twice.
leakage_multiplier_r2,fiscal_regime,,,,r2,0.75,0.6,0.9,relative_leakage_multiplier,bounded_PERT,calibrated_mechanical_reform_grid,PLAN_02_SEC_15_1,high_medium_low_leakage_order_encoded_as_multiplier,leakage_vs_technology_shifting,registered_author_review,Only a pre-run ordered scalar for later engine use; leakage is not subtracted here.
tau_AI_eff_r2,fiscal_regime,,,,r2,0.0,0.0,0.0,effective_AI_rent_capture_rate,fixed,paper_bounded_policy_grid,PLAN_02_SEC_15_1;PAPER_APP_FISCAL_CONVERSION,tau_AI_eff positive only in r3/r4,ai_rent_capture_without_lambda,registered,Status quo and non-rent regimes have zero AI rent capture.
tau_C_relative_delta_r2,fiscal_regime,,,,r2,0.15,0.1,0.25,relative_delta_to_observed_effective_rate,bounded_PERT,calibrated_mechanical_reform_grid,PLAN_02_SEC_15_1;PAPER_APP_FISCAL_CONVERSION;brollo2024fiscal,tau_j_r=tau_j_observed*(1+relative_delta_r),regime_mechanical_upper_bound,registered_author_review,Mechanical reform-regime delta for pre-run calibration; no behavioral result is computed here.
tau_K_relative_delta_r2,fiscal_regime,,,,r2,0.15,0.1,0.25,relative_delta_to_observed_effective_rate,bounded_PERT,calibrated_mechanical_reform_grid,PLAN_02_SEC_15_1;PAPER_APP_FISCAL_CONVERSION;brollo2024fiscal,tau_j_r=tau_j_observed*(1+relative_delta_r),regime_mechanical_upper_bound,registered_author_review,Mechanical reform-regime delta for pre-run calibration; no behavioral result is computed here.
tau_L_relative_delta_r2,fiscal_regime,,,,r2,0.15,0.1,0.25,relative_delta_to_observed_effective_rate,bounded_PERT,calibrated_mechanical_reform_grid,PLAN_02_SEC_15_1;PAPER_APP_FISCAL_CONVERSION;brollo2024fiscal,tau_j_r=tau_j_observed*(1+relative_delta_r),regime_mechanical_upper_bound,registered_author_review,Mechanical reform-regime delta for pre-run calibration; no behavioral result is computed here.
base_broadening_delta_r3,fiscal_regime,,,,r3,0.05,0.02,0.08,relative_base_broadening_index,bounded_PERT,calibrated_mechanical_reform_grid,PLAN_02_SEC_15_1;PAPER_APP_FISCAL_CONVERSION,base_side_margin_only_when_not_already_in_effective_rate,base_vs_rate_same_margin,registered_author_review,Registered for regime audit. Primary effective-rate convention does not apply base-side and rate-side margins twice.
leakage_multiplier_r3,fiscal_regime,,,,r3,0.9,0.75,1.0,relative_leakage_multiplier,bounded_PERT,calibrated_mechanical_reform_grid,PLAN_02_SEC_15_1,high_medium_low_leakage_order_encoded_as_multiplier,leakage_vs_technology_shifting,registered_author_review,Only a pre-run ordered scalar for later engine use; leakage is not subtracted here.
tau_AI_eff_r3,fiscal_regime,,,,r3,0.05,0.02,0.1,effective_AI_rent_capture_rate,bounded_PERT,paper_bounded_policy_grid,PLAN_02_SEC_15_1;PAPER_APP_FISCAL_CONVERSION,tau_AI_eff positive only in r3/r4,ai_rent_capture_without_lambda,registered_author_review,Status quo and non-rent regimes have zero AI rent capture.
tau_C_relative_delta_r3,fiscal_regime,,,,r3,0.0,0.0,0.1,relative_delta_to_observed_effective_rate,bounded_PERT,calibrated_mechanical_reform_grid,PLAN_02_SEC_15_1;PAPER_APP_FISCAL_CONVERSION;brollo2024fiscal,tau_j_r=tau_j_observed*(1+relative_delta_r),regime_mechanical_upper_bound,registered_author_review,Mechanical reform-regime delta for pre-run calibration; no behavioral result is computed here.
tau_K_relative_delta_r3,fiscal_regime,,,,r3,0.0,0.0,0.1,relative_delta_to_observed_effective_rate,bounded_PERT,calibrated_mechanical_reform_grid,PLAN_02_SEC_15_1;PAPER_APP_FISCAL_CONVERSION;brollo2024fiscal,tau_j_r=tau_j_observed*(1+relative_delta_r),regime_mechanical_upper_bound,registered_author_review,Mechanical reform-regime delta for pre-run calibration; no behavioral result is computed here.
tau_L_relative_delta_r3,fiscal_regime,,,,r3,0.0,0.0,0.1,relative_delta_to_observed_effective_rate,bounded_PERT,calibrated_mechanical_reform_grid,PLAN_02_SEC_15_1;PAPER_APP_FISCAL_CONVERSION;brollo2024fiscal,tau_j_r=tau_j_observed*(1+relative_delta_r),regime_mechanical_upper_bound,registered_author_review,Mechanical reform-regime delta for pre-run calibration; no behavioral result is computed here.
base_broadening_delta_r4,fiscal_regime,,,,r4,0.2,0.1,0.3,relative_base_broadening_index,bounded_PERT,calibrated_mechanical_reform_grid,PLAN_02_SEC_15_1;PAPER_APP_FISCAL_CONVERSION,base_side_margin_only_when_not_already_in_effective_rate,base_vs_rate_same_margin,registered_author_review,Registered for regime audit. Primary effective-rate convention does not apply base-side and rate-side margins twice.
leakage_multiplier_r4,fiscal_regime,,,,r4,0.5,0.35,0.65,relative_leakage_multiplier,bounded_PERT,calibrated_mechanical_reform_grid,PLAN_02_SEC_15_1,high_medium_low_leakage_order_encoded_as_multiplier,leakage_vs_technology_shifting,registered_author_review,Only a pre-run ordered scalar for later engine use; leakage is not subtracted here.
tau_AI_eff_r4,fiscal_regime,,,,r4,0.08,0.04,0.15,effective_AI_rent_capture_rate,bounded_PERT,paper_bounded_policy_grid,PLAN_02_SEC_15_1;PAPER_APP_FISCAL_CONVERSION,tau_AI_eff positive only in r3/r4,ai_rent_capture_without_lambda,registered_author_review,Status quo and non-rent regimes have zero AI rent capture.
tau_C_relative_delta_r4,fiscal_regime,,,,r4,0.25,0.15,0.35,relative_delta_to_observed_effective_rate,bounded_PERT,calibrated_mechanical_reform_grid,PLAN_02_SEC_15_1;PAPER_APP_FISCAL_CONVERSION;brollo2024fiscal,tau_j_r=tau_j_observed*(1+relative_delta_r),regime_mechanical_upper_bound,registered_author_review,Mechanical reform-regime delta for pre-run calibration; no behavioral result is computed here.
tau_K_relative_delta_r4,fiscal_regime,,,,r4,0.25,0.15,0.35,relative_delta_to_observed_effective_rate,bounded_PERT,calibrated_mechanical_reform_grid,PLAN_02_SEC_15_1;PAPER_APP_FISCAL_CONVERSION;brollo2024fiscal,tau_j_r=tau_j_observed*(1+relative_delta_r),regime_mechanical_upper_bound,registered_author_review,Mechanical reform-regime delta for pre-run calibration; no behavioral result is computed here.
tau_L_relative_delta_r4,fiscal_regime,,,,r4,0.25,0.15,0.35,relative_delta_to_observed_effective_rate,bounded_PERT,calibrated_mechanical_reform_grid,PLAN_02_SEC_15_1;PAPER_APP_FISCAL_CONVERSION;brollo2024fiscal,tau_j_r=tau_j_observed*(1+relative_delta_r),regime_mechanical_upper_bound,registered_author_review,Mechanical reform-regime delta for pre-run calibration; no behavioral result is computed here.
frontier_benchmark_avg_adoption_proxy,frontier_benchmark,,,,,0.1517625,0.1517625,0.1517625,share_of_enterprises,fixed_observed_average,observed_benchmark_average,FRONTIER_BENCHMARK,mean_adoption_proxy_selected_oecd_eurostat_benchmark,none,registered,Used only to calibrate q_use_target prior and document benchmark choice; s_frontier_score is computed in 3B.
frontier_benchmark_avg_aipi,frontier_benchmark,,,,,0.6734721666666669,0.6734721666666669,0.6734721666666669,index_0_to_1,fixed_observed_average,observed_benchmark_average,IMF_AIPI_DATA360;FRONTIER_BENCHMARK,mean_aipi_selected_oecd_eurostat_benchmark,none,registered,Population-consistency scalar for q_use_target prior.
frontier_benchmark_member_count,frontier_benchmark,,,,,24.0,24.0,24.0,count,fixed,population_consistency_choice,FRONTIER_BENCHMARK;PAPER_SEC_10_6;PLAN_02_SEC_10_6,OECD_Eurostat_GE10_2024_subset_for_phi_mid_population_consistency,none,registered,Benchmark chosen as OECD/advanced Eurostat economies available in isoc_eb_ai because phi_mid is disciplined by OECD micro-to-macro evidence.
GMI_admin_cost_new_gdp,policy_admin_transition_cost,PER,,GMI,,0.0025,0.0012,0.004,share_of_GDP,bounded_PERT,assumption_registry_existing,ASPIRE_LITERATURE_ASSUMPTION;PLAN_01_02,policy_admin_transition_cost.admin_cost_new_gdp,admin_transition_leakage_once,registered,Existing Etapa 2.1 assumption reused; no new cost scalar is invented here.
GMI_leakage_fixed_gdp,policy_admin_transition_cost,PER,,GMI,,0.0002,0.0,0.0005,share_of_GDP,bounded_PERT,assumption_registry_existing,ASPIRE_LITERATURE_ASSUMPTION;PLAN_01_02,policy_admin_transition_cost.leakage_fixed_gdp,admin_transition_leakage_once,registered,Existing Etapa 2.1 assumption reused; no new cost scalar is invented here.
GMI_transition_discount_rate,policy_admin_transition_cost,PER,,GMI,,0.03,0.03,0.03,annual_discount_rate,fixed,assumption_registry_existing,ASPIRE_LITERATURE_ASSUMPTION;PLAN_01_02,policy_admin_transition_cost.transition_discount_rate,admin_transition_leakage_once,registered,Existing transition convention from Etapa 2.1.
GMI_transition_horizon_years,policy_admin_transition_cost,PER,,GMI,,3.0,3.0,3.0,years,fixed,assumption_registry_existing,ASPIRE_LITERATURE_ASSUMPTION;PLAN_01_02,policy_admin_transition_cost.transition_horizon_years,admin_transition_leakage_once,registered,Existing transition convention from Etapa 2.1.
GMI_transition_oneoff_gdp,policy_admin_transition_cost,PER,,GMI,,0.002,0.001,0.004,share_of_GDP,bounded_PERT,assumption_registry_existing,ASPIRE_LITERATURE_ASSUMPTION;PLAN_01_02,policy_admin_transition_cost.transition_oneoff_gdp,admin_transition_leakage_once,registered,Existing Etapa 2.1 assumption reused; no new cost scalar is invented here.
GMI_transition_recurring_gdp,policy_admin_transition_cost,PER,,GMI,,0.00025,0.0001,0.0005,share_of_GDP,bounded_PERT,assumption_registry_existing,ASPIRE_LITERATURE_ASSUMPTION;PLAN_01_02,policy_admin_transition_cost.transition_recurring_gdp,admin_transition_leakage_once,registered,Existing Etapa 2.1 assumption reused; no new cost scalar is invented here.
MUT_admin_cost_new_gdp,policy_admin_transition_cost,PER,,MUT,,0.0006,0.0003,0.001,share_of_GDP,bounded_PERT,assumption_registry_existing,ASPIRE_LITERATURE_ASSUMPTION;PLAN_01_02,policy_admin_transition_cost.admin_cost_new_gdp,admin_transition_leakage_once,registered,Existing Etapa 2.1 assumption reused; no new cost scalar is invented here.
MUT_leakage_fixed_gdp,policy_admin_transition_cost,PER,,MUT,,5e-05,0.0,0.00015,share_of_GDP,bounded_PERT,assumption_registry_existing,ASPIRE_LITERATURE_ASSUMPTION;PLAN_01_02,policy_admin_transition_cost.leakage_fixed_gdp,admin_transition_leakage_once,registered,Existing Etapa 2.1 assumption reused; no new cost scalar is invented here.
MUT_transition_discount_rate,policy_admin_transition_cost,PER,,MUT,,0.03,0.03,0.03,annual_discount_rate,fixed,assumption_registry_existing,ASPIRE_LITERATURE_ASSUMPTION;PLAN_01_02,policy_admin_transition_cost.transition_discount_rate,admin_transition_leakage_once,registered,Existing transition convention from Etapa 2.1.
MUT_transition_horizon_years,policy_admin_transition_cost,PER,,MUT,,2.0,2.0,2.0,years,fixed,assumption_registry_existing,ASPIRE_LITERATURE_ASSUMPTION;PLAN_01_02,policy_admin_transition_cost.transition_horizon_years,admin_transition_leakage_once,registered,Existing transition convention from Etapa 2.1.
MUT_transition_oneoff_gdp,policy_admin_transition_cost,PER,,MUT,,0.0005,0.0002,0.001,share_of_GDP,bounded_PERT,assumption_registry_existing,ASPIRE_LITERATURE_ASSUMPTION;PLAN_01_02,policy_admin_transition_cost.transition_oneoff_gdp,admin_transition_leakage_once,registered,Existing Etapa 2.1 assumption reused; no new cost scalar is invented here.
MUT_transition_recurring_gdp,policy_admin_transition_cost,PER,,MUT,,5e-05,0.0,0.00015,share_of_GDP,bounded_PERT,assumption_registry_existing,ASPIRE_LITERATURE_ASSUMPTION;PLAN_01_02,policy_admin_transition_cost.transition_recurring_gdp,admin_transition_leakage_once,registered,Existing Etapa 2.1 assumption reused; no new cost scalar is invented here.
PBI_admin_cost_new_gdp,policy_admin_transition_cost,PER,,PBI,,0.0005,0.00025,0.0009,share_of_GDP,bounded_PERT,assumption_registry_existing,ASPIRE_LITERATURE_ASSUMPTION;PLAN_01_02,policy_admin_transition_cost.admin_cost_new_gdp,admin_transition_leakage_once,registered,Existing Etapa 2.1 assumption reused; no new cost scalar is invented here.
PBI_leakage_fixed_gdp,policy_admin_transition_cost,PER,,PBI,,5e-05,0.0,0.00015,share_of_GDP,bounded_PERT,assumption_registry_existing,ASPIRE_LITERATURE_ASSUMPTION;PLAN_01_02,policy_admin_transition_cost.leakage_fixed_gdp,admin_transition_leakage_once,registered,Existing Etapa 2.1 assumption reused; no new cost scalar is invented here.
PBI_transition_discount_rate,policy_admin_transition_cost,PER,,PBI,,0.03,0.03,0.03,annual_discount_rate,fixed,assumption_registry_existing,ASPIRE_LITERATURE_ASSUMPTION;PLAN_01_02,policy_admin_transition_cost.transition_discount_rate,admin_transition_leakage_once,registered,Existing transition convention from Etapa 2.1.
PBI_transition_horizon_years,policy_admin_transition_cost,PER,,PBI,,2.0,2.0,2.0,years,fixed,assumption_registry_existing,ASPIRE_LITERATURE_ASSUMPTION;PLAN_01_02,policy_admin_transition_cost.transition_horizon_years,admin_transition_leakage_once,registered,Existing transition convention from Etapa 2.1.
PBI_transition_oneoff_gdp,policy_admin_transition_cost,PER,,PBI,,0.0005,0.0002,0.001,share_of_GDP,bounded_PERT,assumption_registry_existing,ASPIRE_LITERATURE_ASSUMPTION;PLAN_01_02,policy_admin_transition_cost.transition_oneoff_gdp,admin_transition_leakage_once,registered,Existing Etapa 2.1 assumption reused; no new cost scalar is invented here.
PBI_transition_recurring_gdp,policy_admin_transition_cost,PER,,PBI,,5e-05,0.0,0.00015,share_of_GDP,bounded_PERT,assumption_registry_existing,ASPIRE_LITERATURE_ASSUMPTION;PLAN_01_02,policy_admin_transition_cost.transition_recurring_gdp,admin_transition_leakage_once,registered,Existing Etapa 2.1 assumption reused; no new cost scalar is invented here.
PEN_admin_cost_new_gdp,policy_admin_transition_cost,PER,,PEN,,0.00045,0.00025,0.0008,share_of_GDP,bounded_PERT,assumption_registry_existing,ASPIRE_LITERATURE_ASSUMPTION;PLAN_01_02,policy_admin_transition_cost.admin_cost_new_gdp,admin_transition_leakage_once,registered,Existing Etapa 2.1 assumption reused; no new cost scalar is invented here.
PEN_leakage_fixed_gdp,policy_admin_transition_cost,PER,,PEN,,8e-05,0.0,0.0002,share_of_GDP,bounded_PERT,assumption_registry_existing,ASPIRE_LITERATURE_ASSUMPTION;PLAN_01_02,policy_admin_transition_cost.leakage_fixed_gdp,admin_transition_leakage_once,registered,Existing Etapa 2.1 assumption reused; no new cost scalar is invented here.
PEN_transition_discount_rate,policy_admin_transition_cost,PER,,PEN,,0.03,0.03,0.03,annual_discount_rate,fixed,assumption_registry_existing,ASPIRE_LITERATURE_ASSUMPTION;PLAN_01_02,policy_admin_transition_cost.transition_discount_rate,admin_transition_leakage_once,registered,Existing transition convention from Etapa 2.1.
PEN_transition_horizon_years,policy_admin_transition_cost,PER,,PEN,,2.0,2.0,2.0,years,fixed,assumption_registry_existing,ASPIRE_LITERATURE_ASSUMPTION;PLAN_01_02,policy_admin_transition_cost.transition_horizon_years,admin_transition_leakage_once,registered,Existing transition convention from Etapa 2.1.
PEN_transition_oneoff_gdp,policy_admin_transition_cost,PER,,PEN,,0.0008,0.0004,0.0015,share_of_GDP,bounded_PERT,assumption_registry_existing,ASPIRE_LITERATURE_ASSUMPTION;PLAN_01_02,policy_admin_transition_cost.transition_oneoff_gdp,admin_transition_leakage_once,registered,Existing Etapa 2.1 assumption reused; no new cost scalar is invented here.
PEN_transition_recurring_gdp,policy_admin_transition_cost,PER,,PEN,,8e-05,0.0,0.0002,share_of_GDP,bounded_PERT,assumption_registry_existing,ASPIRE_LITERATURE_ASSUMPTION;PLAN_01_02,policy_admin_transition_cost.transition_recurring_gdp,admin_transition_leakage_once,registered,Existing Etapa 2.1 assumption reused; no new cost scalar is invented here.
UBI_admin_cost_new_gdp,policy_admin_transition_cost,PER,,UBI,,0.0006,0.0003,0.001,share_of_GDP,bounded_PERT,assumption_registry_existing,ASPIRE_LITERATURE_ASSUMPTION;PLAN_01_02,policy_admin_transition_cost.admin_cost_new_gdp,admin_transition_leakage_once,registered,Existing Etapa 2.1 assumption reused; no new cost scalar is invented here.
UBI_leakage_fixed_gdp,policy_admin_transition_cost,PER,,UBI,,3e-05,0.0,0.0001,share_of_GDP,bounded_PERT,assumption_registry_existing,ASPIRE_LITERATURE_ASSUMPTION;PLAN_01_02,policy_admin_transition_cost.leakage_fixed_gdp,admin_transition_leakage_once,registered,Existing Etapa 2.1 assumption reused; no new cost scalar is invented here.
UBI_transition_discount_rate,policy_admin_transition_cost,PER,,UBI,,0.03,0.03,0.03,annual_discount_rate,fixed,assumption_registry_existing,ASPIRE_LITERATURE_ASSUMPTION;PLAN_01_02,policy_admin_transition_cost.transition_discount_rate,admin_transition_leakage_once,registered,Existing transition convention from Etapa 2.1.
UBI_transition_horizon_years,policy_admin_transition_cost,PER,,UBI,,2.0,2.0,2.0,years,fixed,assumption_registry_existing,ASPIRE_LITERATURE_ASSUMPTION;PLAN_01_02,policy_admin_transition_cost.transition_horizon_years,admin_transition_leakage_once,registered,Existing transition convention from Etapa 2.1.
UBI_transition_oneoff_gdp,policy_admin_transition_cost,PER,,UBI,,0.0006,0.0003,0.0012,share_of_GDP,bounded_PERT,assumption_registry_existing,ASPIRE_LITERATURE_ASSUMPTION;PLAN_01_02,policy_admin_transition_cost.transition_oneoff_gdp,admin_transition_leakage_once,registered,Existing Etapa 2.1 assumption reused; no new cost scalar is invented here.
UBI_transition_recurring_gdp,policy_admin_transition_cost,PER,,UBI,,5e-05,0.0,0.00015,share_of_GDP,bounded_PERT,assumption_registry_existing,ASPIRE_LITERATURE_ASSUMPTION;PLAN_01_02,policy_admin_transition_cost.transition_recurring_gdp,admin_transition_leakage_once,registered,Existing Etapa 2.1 assumption reused; no new cost scalar is invented here.
chi_gmi_GMI_ideal_aggregate,policy_cost,PER,,GMI,,1.0,1.0,1.0,poverty_gap_coverage_share,fixed,policy_definition,PLAN_01_02,GMI closes measured poverty gap in aggregate ideal convention,none,registered,GMI aggregate gap-coverage parameter.
chi_gmi_GMI_loaded_aggregate,policy_cost,PER,,GMI,,1.0,1.0,1.0,poverty_gap_coverage_share,fixed,policy_definition,PLAN_01_02,GMI closes measured poverty gap in aggregate ideal convention,none,registered,GMI aggregate gap-coverage parameter.
policy_cost_gross_gdp_GMI_ideal_aggregate,policy_cost,PER,,GMI,,0.02787208043298418,0.02787208043298418,0.02787208043298418,share_of_GDP,fixed_derived,derived_from_policy_cost_anchor,PIP;WDI,GMI_ideal_aggregate: theta * poverty_gap * poverty_line_lcu * population_total,gross_vs_net_cost,registered,Gross recurring cost is the primary cost convention.
policy_cost_gross_gdp_GMI_loaded_aggregate,policy_cost,PER,,GMI,,0.04180812064947627,0.04180812064947627,0.04180812064947627,share_of_GDP,fixed_derived,derived_from_policy_cost_anchor,PIP;WDI;PLAN_01_02,GMI_loaded_aggregate: theta * poverty_gap * poverty_line_lcu * population_total,gross_vs_net_cost,registered,Gross recurring cost is the primary cost convention.
theta_target_GMI_loaded,policy_cost,PER,,GMI,,1.5,1.0,1.5,multiplicative_loading_factor,bounded_PERT,paper_policy_support,PAPER_MASTER_CALIBRATION_MATRIX;PLAN_01_02,loaded_GMI=theta_target*ideal_GMI,none,registered,Loaded aggregate GMI uses the upper support point requested for pilot reporting.
eta_MUT,policy_cost,PER,,MUT,,0.25,0.25,1.0,poverty_line_fraction,bounded_PERT,paper_policy_support,PAPER_MASTER_CALIBRATION_MATRIX;PLAN_01_02,eta_policy * poverty_line,none,registered,Policy eta ladder registered for MUT/PBI/UBI.
policy_cost_gross_gdp_MUT,policy_cost,PER,,MUT,,0.053394790101502256,0.053394790101502256,0.053394790101502256,share_of_GDP,fixed_derived,derived_from_policy_cost_anchor,PLAN_01_02;PIP;WDI,MUT: eta_policy * poverty_line_lcu * eligible_population,gross_vs_net_cost,registered,Gross recurring cost is the primary cost convention.
eta_PBI,policy_cost,PER,,PBI,,0.5,0.25,1.0,poverty_line_fraction,bounded_PERT,paper_policy_support,PAPER_MASTER_CALIBRATION_MATRIX;PLAN_01_02,eta_policy * poverty_line,none,registered,Policy eta ladder registered for MUT/PBI/UBI.
policy_cost_gross_gdp_PBI,policy_cost,PER,,PBI,,0.07576692890942052,0.07576692890942052,0.07576692890942052,share_of_GDP,fixed_derived,derived_from_policy_cost_anchor,PLAN_01_02;PIP;WDI,PBI: eta_policy * poverty_line_lcu * eligible_population,gross_vs_net_cost,registered,Gross recurring cost is the primary cost convention.
policy_cost_gross_gdp_PEN,policy_cost,PER,,PEN,,0.004324768262351125,0.004324768262351125,0.004324768262351125,share_of_GDP,fixed_derived,derived_from_policy_cost_anchor,MIDIS_PENSION65,gross universal 65+ using official Pension 65 benefit amount,gross_vs_net_cost,registered,Gross recurring cost is the primary cost convention.
eta_UBI,policy_cost,PER,,UBI,,1.0,0.25,1.0,poverty_line_fraction,bounded_PERT,paper_policy_support,PAPER_MASTER_CALIBRATION_MATRIX;PLAN_01_02,eta_policy * poverty_line,none,registered,Policy eta ladder registered for MUT/PBI/UBI.
policy_cost_gross_gdp_UBI,policy_cost,PER,,UBI,,0.21357916040600902,0.21357916040600902,0.21357916040600902,share_of_GDP,fixed_derived,derived_from_policy_cost_anchor,PLAN_01_02;PIP;WDI,UBI: eta_policy * poverty_line_lcu * eligible_population,gross_vs_net_cost,registered,Gross recurring cost is the primary cost convention.
