run_id,run_type,country_id,policy_variant_id,scenario_id,regime_id,v_baseline,v_negative_control,collapse_ratio,baseline_crosses_v1,negative_control_crosses_v1,verdict,parameter_set_id,dataset_version
official_4c_diagnostics_6b_baseline_official_v3,diagnostic,PER,PEN,low,r0,-0.2618923549364835,-0.0833293856616084,0.31818181818181823,False,False,PASS,baseline-official-v3,v1.0.1-official-4c
official_4c_diagnostics_6b_baseline_official_v3,diagnostic,PER,GMI:GMI_ideal_aggregate,low,r0,-0.1206016483482565,-0.03837325174717253,0.31818181818181823,False,False,PASS,baseline-official-v3,v1.0.1-official-4c
official_4c_diagnostics_6b_baseline_official_v3,diagnostic,PER,GMI:GMI_loaded_aggregate,low,r0,-0.0804010988988376,-0.025582167831448333,0.31818181818181823,False,False,PASS,baseline-official-v3,v1.0.1-official-4c
official_4c_diagnostics_6b_baseline_official_v3,diagnostic,PER,MUT,low,r0,-0.0163802066209102,-0.005211883924835064,0.31818181818181823,False,False,PASS,baseline-official-v3,v1.0.1-official-4c
official_4c_diagnostics_6b_baseline_official_v3,diagnostic,PER,PBI,low,r0,-0.0073035501789853,-0.0023238568751316867,0.31818181818181823,False,False,PASS,baseline-official-v3,v1.0.1-official-4c
official_4c_diagnostics_6b_baseline_official_v3,diagnostic,PER,UBI,low,r0,-0.0020403228103652,-0.0006491936214798365,0.31818181818181823,False,False,PASS,baseline-official-v3,v1.0.1-official-4c
official_4c_diagnostics_6b_baseline_official_v3,diagnostic,PER,PEN,low,r1,-0.2547674764290003,-0.08106237886377282,0.31818181818181823,False,False,PASS,baseline-official-v3,v1.0.1-official-4c
official_4c_diagnostics_6b_baseline_official_v3,diagnostic,PER,GMI:GMI_ideal_aggregate,low,r1,-0.1182439855742599,-0.0376230863190827,0.31818181818181823,False,False,PASS,baseline-official-v3,v1.0.1-official-4c
official_4c_diagnostics_6b_baseline_official_v3,diagnostic,PER,GMI:GMI_loaded_aggregate,low,r1,-0.0788293237161733,-0.025082057546055143,0.31818181818181823,False,False,PASS,baseline-official-v3,v1.0.1-official-4c
official_4c_diagnostics_6b_baseline_official_v3,diagnostic,PER,MUT,low,r1,-0.0157862728607499,-0.005022905001147696,0.31818181818181823,False,False,PASS,baseline-official-v3,v1.0.1-official-4c
official_4c_diagnostics_6b_baseline_official_v3,diagnostic,PER,PBI,low,r1,-0.0069558101820117,-0.0022132123306400865,0.31818181818181823,False,False,PASS,baseline-official-v3,v1.0.1-official-4c
official_4c_diagnostics_6b_baseline_official_v3,diagnostic,PER,UBI,low,r1,-0.0019199319971427,-0.0006108874536363137,0.31818181818181823,False,False,PASS,baseline-official-v3,v1.0.1-official-4c
official_4c_diagnostics_6b_baseline_official_v3,diagnostic,PER,PEN,low,r2,-0.2522590150114426,-0.08026423204909539,0.31818181818181823,False,False,PASS,baseline-official-v3,v1.0.1-official-4c
official_4c_diagnostics_6b_baseline_official_v3,diagnostic,PER,GMI:GMI_ideal_aggregate,low,r2,-0.1177423446937501,-0.03746347331164777,0.31818181818181823,False,False,PASS,baseline-official-v3,v1.0.1-official-4c
official_4c_diagnostics_6b_baseline_official_v3,diagnostic,PER,GMI:GMI_loaded_aggregate,low,r2,-0.0784948964625001,-0.024975648874431856,0.31818181818181823,False,False,PASS,baseline-official-v3,v1.0.1-official-4c
official_4c_diagnostics_6b_baseline_official_v3,diagnostic,PER,MUT,low,r2,-0.0155244163211238,-0.004939587011266664,0.31818181818181823,False,False,PASS,baseline-official-v3,v1.0.1-official-4c
official_4c_diagnostics_6b_baseline_official_v3,diagnostic,PER,PBI,low,r2,-0.0067803680473256,-0.002157389833239964,0.31818181818181823,False,False,PASS,baseline-official-v3,v1.0.1-official-4c
official_4c_diagnostics_6b_baseline_official_v3,diagnostic,PER,UBI,low,r2,-0.0018544678622362,-0.0005900579561660637,0.31818181818181823,False,False,PASS,baseline-official-v3,v1.0.1-official-4c
official_4c_diagnostics_6b_baseline_official_v3,diagnostic,PER,PEN,low,r3,-0.2622162019186099,-0.08343242788319406,0.31818181818181823,False,False,PASS,baseline-official-v3,v1.0.1-official-4c
official_4c_diagnostics_6b_baseline_official_v3,diagnostic,PER,GMI:GMI_ideal_aggregate,low,r3,-0.1202932778786983,-0.03827513387049492,0.31818181818181823,False,False,PASS,baseline-official-v3,v1.0.1-official-4c
official_4c_diagnostics_6b_baseline_official_v3,diagnostic,PER,GMI:GMI_loaded_aggregate,low,r3,-0.0801955185857988,-0.02551675591366326,0.31818181818181823,False,False,PASS,baseline-official-v3,v1.0.1-official-4c
official_4c_diagnostics_6b_baseline_official_v3,diagnostic,PER,MUT,low,r3,-0.0164739437189472,-0.0052417093651195654,0.31818181818181823,False,False,PASS,baseline-official-v3,v1.0.1-official-4c
official_4c_diagnostics_6b_baseline_official_v3,diagnostic,PER,PBI,low,r3,-0.0073864300734072,-0.002350227750629564,0.31818181818181823,False,False,PASS,baseline-official-v3,v1.0.1-official-4c
official_4c_diagnostics_6b_baseline_official_v3,diagnostic,PER,UBI,low,r3,-0.0020749941356015,-0.0006602254067822955,0.31818181818181823,False,False,PASS,baseline-official-v3,v1.0.1-official-4c
official_4c_diagnostics_6b_baseline_official_v3,diagnostic,PER,PEN,low,r4,-0.2429453782174216,-0.07730080216008871,0.31818181818181823,False,False,PASS,baseline-official-v3,v1.0.1-official-4c
official_4c_diagnostics_6b_baseline_official_v3,diagnostic,PER,GMI:GMI_ideal_aggregate,low,r4,-0.1149469751141408,-0.036574037536317536,0.31818181818181823,False,False,PASS,baseline-official-v3,v1.0.1-official-4c
official_4c_diagnostics_6b_baseline_official_v3,diagnostic,PER,GMI:GMI_loaded_aggregate,low,r4,-0.0766313167427605,-0.024382691690878342,0.31818181818181823,False,False,PASS,baseline-official-v3,v1.0.1-official-4c
official_4c_diagnostics_6b_baseline_official_v3,diagnostic,PER,MUT,low,r4,-0.0147019996084337,-0.004677908966319814,0.31818181818181823,False,False,PASS,baseline-official-v3,v1.0.1-official-4c
official_4c_diagnostics_6b_baseline_official_v3,diagnostic,PER,PBI,low,r4,-0.0062795459963829,-0.0019980373624854685,0.31818181818181823,False,False,PASS,baseline-official-v3,v1.0.1-official-4c
official_4c_diagnostics_6b_baseline_official_v3,diagnostic,PER,UBI,low,r4,-0.0016769563108813,-0.0005335770080076865,0.31818181818181823,False,False,PASS,baseline-official-v3,v1.0.1-official-4c
official_4c_diagnostics_6b_baseline_official_v3,diagnostic,PER,PEN,mid,r0,0.0781898593701847,0.024878591617786047,0.31818181818181823,False,False,PASS,baseline-official-v3,v1.0.1-official-4c
official_4c_diagnostics_6b_baseline_official_v3,diagnostic,PER,GMI:GMI_ideal_aggregate,mid,r0,-0.0525921743988333,-0.016733873672356053,0.31818181818181823,False,False,PASS,baseline-official-v3,v1.0.1-official-4c
official_4c_diagnostics_6b_baseline_official_v3,diagnostic,PER,GMI:GMI_loaded_aggregate,mid,r0,-0.0350614495992222,-0.011155915781570703,0.31818181818181823,False,False,PASS,baseline-official-v3,v1.0.1-official-4c
official_4c_diagnostics_6b_baseline_official_v3,diagnostic,PER,MUT,mid,r0,0.0191207387806886,0.0060838714302191,0.31818181818181823,False,False,PASS,baseline-official-v3,v1.0.1-official-4c
official_4c_diagnostics_6b_baseline_official_v3,diagnostic,PER,PBI,mid,r0,0.0164818464107766,0.005244223857974374,0.31818181818181823,False,False,PASS,baseline-official-v3,v1.0.1-official-4c
official_4c_diagnostics_6b_baseline_official_v3,diagnostic,PER,UBI,mid,r0,0.0068349135400345,0.002174745217283705,0.31818181818181823,False,False,PASS,baseline-official-v3,v1.0.1-official-4c
official_4c_diagnostics_6b_baseline_official_v3,diagnostic,PER,PEN,mid,r1,0.104105996516133,0.033124635255133233,0.31818181818181823,False,False,PASS,baseline-official-v3,v1.0.1-official-4c
official_4c_diagnostics_6b_baseline_official_v3,diagnostic,PER,GMI:GMI_ideal_aggregate,mid,r1,-0.0464766449646969,-0.014788023397858108,0.31818181818181823,False,False,PASS,baseline-official-v3,v1.0.1-official-4c
official_4c_diagnostics_6b_baseline_official_v3,diagnostic,PER,GMI:GMI_loaded_aggregate,mid,r1,-0.0309844299764646,-0.009858682265238738,0.31818181818181823,False,False,PASS,baseline-official-v3,v1.0.1-official-4c
official_4c_diagnostics_6b_baseline_official_v3,diagnostic,PER,MUT,mid,r1,0.0216762789374418,0.006896997843731483,0.31818181818181823,False,False,PASS,baseline-official-v3,v1.0.1-official-4c
official_4c_diagnostics_6b_baseline_official_v3,diagnostic,PER,PBI,mid,r1,0.018143849607453,0.005773043056916865,0.31818181818181823,False,False,PASS,baseline-official-v3,v1.0.1-official-4c
official_4c_diagnostics_6b_baseline_official_v3,diagnostic,PER,UBI,mid,r1,0.0074457059524051,0.0023690882575834412,0.31818181818181823,False,False,PASS,baseline-official-v3,v1.0.1-official-4c
official_4c_diagnostics_6b_baseline_official_v3,diagnostic,PER,PEN,mid,r2,0.1232497556668719,0.039215831348550154,0.31818181818181823,False,False,PASS,baseline-official-v3,v1.0.1-official-4c
official_4c_diagnostics_6b_baseline_official_v3,diagnostic,PER,GMI:GMI_ideal_aggregate,mid,r2,-0.042648285425488,-0.013569908999018911,0.31818181818181823,False,False,PASS,baseline-official-v3,v1.0.1-official-4c
official_4c_diagnostics_6b_baseline_official_v3,diagnostic,PER,GMI:GMI_loaded_aggregate,mid,r2,-0.0284321902836587,-0.00904660599934595,0.31818181818181823,False,False,PASS,baseline-official-v3,v1.0.1-official-4c
official_4c_diagnostics_6b_baseline_official_v3,diagnostic,PER,MUT,mid,r2,0.0236746826169089,0.007532853559925561,0.31818181818181823,False,False,PASS,baseline-official-v3,v1.0.1-official-4c
official_4c_diagnostics_6b_baseline_official_v3,diagnostic,PER,PBI,mid,r2,0.0194827667412041,0.006199062144928579,0.31818181818181823,False,False,PASS,baseline-official-v3,v1.0.1-official-4c
official_4c_diagnostics_6b_baseline_official_v3,diagnostic,PER,UBI,mid,r2,0.0079453068722719,0.0025280521866319684,0.31818181818181823,False,False,PASS,baseline-official-v3,v1.0.1-official-4c
official_4c_diagnostics_6b_baseline_official_v3,diagnostic,PER,PEN,mid,r3,0.0721660346552839,0.022961920117590337,0.31818181818181823,False,False,PASS,baseline-official-v3,v1.0.1-official-4c
official_4c_diagnostics_6b_baseline_official_v3,diagnostic,PER,GMI:GMI_ideal_aggregate,mid,r3,-0.0534236826727717,-0.016998444486790998,0.31818181818181823,False,False,PASS,baseline-official-v3,v1.0.1-official-4c
official_4c_diagnostics_6b_baseline_official_v3,diagnostic,PER,GMI:GMI_loaded_aggregate,mid,r3,-0.0356157884485144,-0.011332296324527312,0.31818181818181823,False,False,PASS,baseline-official-v3,v1.0.1-official-4c
official_4c_diagnostics_6b_baseline_official_v3,diagnostic,PER,MUT,mid,r3,0.0184319849785464,0.005864722493173855,0.31818181818181823,False,False,PASS,baseline-official-v3,v1.0.1-official-4c
official_4c_diagnostics_6b_baseline_official_v3,diagnostic,PER,PBI,mid,r3,0.0160003092940026,0.005091007502637192,0.31818181818181823,False,False,PASS,baseline-official-v3,v1.0.1-official-4c
official_4c_diagnostics_6b_baseline_official_v3,diagnostic,PER,UBI,mid,r3,0.0066514880387719,0.0021163825577910594,0.31818181818181823,False,False,PASS,baseline-official-v3,v1.0.1-official-4c
official_4c_diagnostics_6b_baseline_official_v3,diagnostic,PER,PEN,mid,r4,0.1765945556483395,0.056189176797198946,0.31818181818181823,False,False,PASS,baseline-official-v3,v1.0.1-official-4c
official_4c_diagnostics_6b_baseline_official_v3,diagnostic,PER,GMI:GMI_ideal_aggregate,mid,r4,-0.0310475854881461,-0.00987877720077376,0.31818181818181823,False,False,PASS,baseline-official-v3,v1.0.1-official-4c
official_4c_diagnostics_6b_baseline_official_v3,diagnostic,PER,GMI:GMI_loaded_aggregate,mid,r4,-0.0206983903254307,-0.006585851467182497,0.31818181818181823,False,False,PASS,baseline-official-v3,v1.0.1-official-4c
official_4c_diagnostics_6b_baseline_official_v3,diagnostic,PER,MUT,mid,r4,0.0290934817763354,0.009257016928833992,0.31818181818181823,False,False,PASS,baseline-official-v3,v1.0.1-official-4c
official_4c_diagnostics_6b_baseline_official_v3,diagnostic,PER,PBI,mid,r4,0.023063134368669,0.007338270026394683,0.31818181818181823,False,False,PASS,baseline-official-v3,v1.0.1-official-4c
official_4c_diagnostics_6b_baseline_official_v3,diagnostic,PER,UBI,mid,r4,0.0092719140353109,0.002950154465780741,0.31818181818181823,False,False,PASS,baseline-official-v3,v1.0.1-official-4c
official_4c_diagnostics_6b_baseline_official_v3,diagnostic,PER,PEN,high,r0,0.0285562484215996,0.009086079043236238,0.31818181818181823,False,False,PASS,baseline-official-v3,v1.0.1-official-4c
official_4c_diagnostics_6b_baseline_official_v3,diagnostic,PER,GMI:GMI_ideal_aggregate,high,r0,-0.0625178795043044,-0.019892052569551403,0.31818181818181823,False,False,PASS,baseline-official-v3,v1.0.1-official-4c
official_4c_diagnostics_6b_baseline_official_v3,diagnostic,PER,GMI:GMI_loaded_aggregate,high,r0,-0.0416785863362029,-0.013261368379700926,0.31818181818181823,False,False,PASS,baseline-official-v3,v1.0.1-official-4c
official_4c_diagnostics_6b_baseline_official_v3,diagnostic,PER,MUT,high,r0,0.0139395207156327,0.004435302045883133,0.31818181818181823,False,False,PASS,baseline-official-v3,v1.0.1-official-4c
official_4c_diagnostics_6b_baseline_official_v3,diagnostic,PER,PBI,high,r0,0.0130104648714601,0.00413969336819185,0.31818181818181823,False,False,PASS,baseline-official-v3,v1.0.1-official-4c
official_4c_diagnostics_6b_baseline_official_v3,diagnostic,PER,UBI,high,r0,0.0055396090237705,0.0017626028711997049,0.31818181818181823,False,False,PASS,baseline-official-v3,v1.0.1-official-4c
official_4c_diagnostics_6b_baseline_official_v3,diagnostic,PER,PEN,high,r1,0.0516985316480314,0.016449532797100902,0.31818181818181823,False,False,PASS,baseline-official-v3,v1.0.1-official-4c
official_4c_diagnostics_6b_baseline_official_v3,diagnostic,PER,GMI:GMI_ideal_aggregate,high,r1,-0.0569570640126876,-0.018122702185855148,0.31818181818181823,False,False,PASS,baseline-official-v3,v1.0.1-official-4c
official_4c_diagnostics_6b_baseline_official_v3,diagnostic,PER,GMI:GMI_loaded_aggregate,high,r1,-0.0379713760084584,-0.012081801457236765,0.31818181818181823,False,False,PASS,baseline-official-v3,v1.0.1-official-4c
official_4c_diagnostics_6b_baseline_official_v3,diagnostic,PER,MUT,high,r1,0.0162055001943907,0.005156295516397041,0.31818181818181823,False,False,PASS,baseline-official-v3,v1.0.1-official-4c
official_4c_diagnostics_6b_baseline_official_v3,diagnostic,PER,PBI,high,r1,0.0144784643455594,0.004606784109950719,0.31818181818181823,False,False,PASS,baseline-official-v3,v1.0.1-official-4c
official_4c_diagnostics_6b_baseline_official_v3,diagnostic,PER,UBI,high,r1,0.0060780112666424,0.001933912675749855,0.31818181818181823,False,False,PASS,baseline-official-v3,v1.0.1-official-4c
official_4c_diagnostics_6b_baseline_official_v3,diagnostic,PER,PEN,high,r2,0.0684379061451893,0.021775697409832963,0.31818181818181823,False,False,PASS,baseline-official-v3,v1.0.1-official-4c
official_4c_diagnostics_6b_baseline_official_v3,diagnostic,PER,GMI:GMI_ideal_aggregate,high,r2,-0.0536095321339181,-0.017057578406246672,0.31818181818181823,False,False,PASS,baseline-official-v3,v1.0.1-official-4c
official_4c_diagnostics_6b_baseline_official_v3,diagnostic,PER,GMI:GMI_loaded_aggregate,high,r2,-0.0357396880892787,-0.01137171893749777,0.31818181818181823,False,False,PASS,baseline-official-v3,v1.0.1-official-4c
official_4c_diagnostics_6b_baseline_official_v3,diagnostic,PER,MUT,high,r2,0.0179529118351084,0.005712290129352674,0.31818181818181823,False,False,PASS,baseline-official-v3,v1.0.1-official-4c
official_4c_diagnostics_6b_baseline_official_v3,diagnostic,PER,PBI,high,r2,0.015649218487734,0.004979296791551727,0.31818181818181823,False,False,PASS,baseline-official-v3,v1.0.1-official-4c
official_4c_diagnostics_6b_baseline_official_v3,diagnostic,PER,UBI,high,r2,0.0065148641768218,0.002072911328988755,0.31818181818181823,False,False,PASS,baseline-official-v3,v1.0.1-official-4c
official_4c_diagnostics_6b_baseline_official_v3,diagnostic,PER,PEN,high,r3,0.0296689642076774,0.009440124975170083,0.31818181818181823,False,False,PASS,baseline-official-v3,v1.0.1-official-4c
official_4c_diagnostics_6b_baseline_official_v3,diagnostic,PER,GMI:GMI_ideal_aggregate,high,r3,-0.0619222259189265,-0.019702526428749343,0.31818181818181823,False,False,PASS,baseline-official-v3,v1.0.1-official-4c
official_4c_diagnostics_6b_baseline_official_v3,diagnostic,PER,GMI:GMI_loaded_aggregate,high,r3,-0.041281483945951,-0.01313501761916623,0.31818181818181823,False,False,PASS,baseline-official-v3,v1.0.1-official-4c
official_4c_diagnostics_6b_baseline_official_v3,diagnostic,PER,MUT,high,r3,0.0139957454040536,0.004453191719471601,0.31818181818181823,False,False,PASS,baseline-official-v3,v1.0.1-official-4c
official_4c_diagnostics_6b_baseline_official_v3,diagnostic,PER,PBI,high,r3,0.0130280583735593,0.00414529130067796,0.31818181818181823,False,False,PASS,baseline-official-v3,v1.0.1-official-4c
official_4c_diagnostics_6b_baseline_official_v3,diagnostic,PER,UBI,high,r3,0.0055424281451487,0.0017634998643654956,0.31818181818181823,False,False,PASS,baseline-official-v3,v1.0.1-official-4c
official_4c_diagnostics_6b_baseline_official_v3,diagnostic,PER,PEN,high,r4,0.1253790979561144,0.03989334934967277,0.31818181818181823,False,False,PASS,baseline-official-v3,v1.0.1-official-4c
official_4c_diagnostics_6b_baseline_official_v3,diagnostic,PER,GMI:GMI_ideal_aggregate,high,r4,-0.0412896275273874,-0.013137608758714175,0.31818181818181823,False,False,PASS,baseline-official-v3,v1.0.1-official-4c
official_4c_diagnostics_6b_baseline_official_v3,diagnostic,PER,GMI:GMI_loaded_aggregate,high,r4,-0.0275264183515916,-0.008758405839142783,0.31818181818181823,False,False,PASS,baseline-official-v3,v1.0.1-official-4c
official_4c_diagnostics_6b_baseline_official_v3,diagnostic,PER,MUT,high,r4,0.0237471358318515,0.007555906855589115,0.31818181818181823,False,False,PASS,baseline-official-v3,v1.0.1-official-4c
official_4c_diagnostics_6b_baseline_official_v3,diagnostic,PER,PBI,high,r4,0.0194811182517154,0.00619853762554581,0.31818181818181823,False,False,PASS,baseline-official-v3,v1.0.1-official-4c
official_4c_diagnostics_6b_baseline_official_v3,diagnostic,PER,UBI,high,r4,0.0079353275491899,0.0025248769474695144,0.31818181818181823,False,False,PASS,baseline-official-v3,v1.0.1-official-4c
official_4c_diagnostics_6b_baseline_official_v3,diagnostic,PER,PEN,stress,r0,1.0152041145854496,0.32301949100446126,0.31818181818181823,True,False,PASS,baseline-official-v3,v1.0.1-official-4c
official_4c_diagnostics_6b_baseline_official_v3,diagnostic,PER,GMI:GMI_ideal_aggregate,stress,r0,0.1347914754936483,0.042888196747979015,0.31818181818181823,False,False,PASS,baseline-official-v3,v1.0.1-official-4c
official_4c_diagnostics_6b_baseline_official_v3,diagnostic,PER,GMI:GMI_loaded_aggregate,stress,r0,0.0898609836624322,0.02859213116531934,0.31818181818181823,False,False,PASS,baseline-official-v3,v1.0.1-official-4c
official_4c_diagnostics_6b_baseline_official_v3,diagnostic,PER,MUT,stress,r0,0.1169350040245641,0.037206592189634034,0.31818181818181823,False,False,PASS,baseline-official-v3,v1.0.1-official-4c
official_4c_diagnostics_6b_baseline_official_v3,diagnostic,PER,PBI,stress,r0,0.0820167515983148,0.02609623914491835,0.31818181818181823,False,False,PASS,baseline-official-v3,v1.0.1-official-4c
official_4c_diagnostics_6b_baseline_official_v3,diagnostic,PER,UBI,stress,r0,0.0312884798510033,0.009955425407137414,0.31818181818181823,False,False,PASS,baseline-official-v3,v1.0.1-official-4c
official_4c_diagnostics_6b_baseline_official_v3,diagnostic,PER,PEN,stress,r1,1.0926140795425037,0.34764993439988756,0.31818181818181823,True,False,PASS,baseline-official-v3,v1.0.1-official-4c
official_4c_diagnostics_6b_baseline_official_v3,diagnostic,PER,GMI:GMI_ideal_aggregate,stress,r1,0.1512047152864849,0.048110591227517936,0.31818181818181823,False,False,PASS,baseline-official-v3,v1.0.1-official-4c
official_4c_diagnostics_6b_baseline_official_v3,diagnostic,PER,GMI:GMI_loaded_aggregate,stress,r1,0.1008031435243233,0.032073727485011964,0.31818181818181823,False,False,PASS,baseline-official-v3,v1.0.1-official-4c
official_4c_diagnostics_6b_baseline_official_v3,diagnostic,PER,MUT,stress,r1,0.1248659489885588,0.0397300746781778,0.31818181818181823,False,False,PASS,baseline-official-v3,v1.0.1-official-4c
official_4c_diagnostics_6b_baseline_official_v3,diagnostic,PER,PBI,stress,r1,0.0872802401561387,0.027770985504225954,0.31818181818181823,False,False,PASS,baseline-official-v3,v1.0.1-official-4c
official_4c_diagnostics_6b_baseline_official_v3,diagnostic,PER,UBI,stress,r1,0.0332431234651844,0.010577357466195036,0.31818181818181823,False,False,PASS,baseline-official-v3,v1.0.1-official-4c
official_4c_diagnostics_6b_baseline_official_v3,diagnostic,PER,PEN,stress,r2,1.15780271593806,0.36839177325301914,0.31818181818181823,True,False,PASS,baseline-official-v3,v1.0.1-official-4c
official_4c_diagnostics_6b_baseline_official_v3,diagnostic,PER,GMI:GMI_ideal_aggregate,stress,r2,0.1642411067301849,0.052258533959604295,0.31818181818181823,False,False,PASS,baseline-official-v3,v1.0.1-official-4c
official_4c_diagnostics_6b_baseline_official_v3,diagnostic,PER,GMI:GMI_loaded_aggregate,stress,r2,0.1094940711534566,0.0348390226397362,0.31818181818181823,False,False,PASS,baseline-official-v3,v1.0.1-official-4c
official_4c_diagnostics_6b_baseline_official_v3,diagnostic,PER,MUT,stress,r2,0.1316709453221702,0.041895300784326885,0.31818181818181823,False,False,PASS,baseline-official-v3,v1.0.1-official-4c
official_4c_diagnostics_6b_baseline_official_v3,diagnostic,PER,PBI,stress,r2,0.0918395423030481,0.029221672550969854,0.31818181818181823,False,False,PASS,baseline-official-v3,v1.0.1-official-4c
official_4c_diagnostics_6b_baseline_official_v3,diagnostic,PER,UBI,stress,r2,0.0349443725485872,0.011118663992732291,0.31818181818181823,False,False,PASS,baseline-official-v3,v1.0.1-official-4c
official_4c_diagnostics_6b_baseline_official_v3,diagnostic,PER,PEN,stress,r3,1.0499800745562868,0.3340845691770004,0.31818181818181823,True,False,PASS,baseline-official-v3,v1.0.1-official-4c
official_4c_diagnostics_6b_baseline_official_v3,diagnostic,PER,GMI:GMI_ideal_aggregate,stress,r3,0.1421190880940073,0.04521970984809324,0.31818181818181823,False,False,PASS,baseline-official-v3,v1.0.1-official-4c
official_4c_diagnostics_6b_baseline_official_v3,diagnostic,PER,GMI:GMI_loaded_aggregate,stress,r3,0.0947460587293382,0.030146473232062158,0.31818181818181823,False,False,PASS,baseline-official-v3,v1.0.1-official-4c
official_4c_diagnostics_6b_baseline_official_v3,diagnostic,PER,MUT,stress,r3,0.1205053113188051,0.038342599055983445,0.31818181818181823,False,False,PASS,baseline-official-v3,v1.0.1-official-4c
official_4c_diagnostics_6b_baseline_official_v3,diagnostic,PER,PBI,stress,r3,0.0843887570036208,0.026850968137515717,0.31818181818181823,False,False,PASS,baseline-official-v3,v1.0.1-official-4c
official_4c_diagnostics_6b_baseline_official_v3,diagnostic,PER,UBI,stress,r3,0.0321698196238365,0.010235851698493432,0.31818181818181823,False,False,PASS,baseline-official-v3,v1.0.1-official-4c
official_4c_diagnostics_6b_baseline_official_v3,diagnostic,PER,PEN,stress,r4,1.4222907379520815,0.4525470529847533,0.31818181818181823,True,False,PASS,baseline-official-v3,v1.0.1-official-4c
official_4c_diagnostics_6b_baseline_official_v3,diagnostic,PER,GMI:GMI_ideal_aggregate,stress,r4,0.2180661243599288,0.06938467593270463,0.31818181818181823,False,False,PASS,baseline-official-v3,v1.0.1-official-4c
official_4c_diagnostics_6b_baseline_official_v3,diagnostic,PER,GMI:GMI_loaded_aggregate,stress,r4,0.1453774162399525,0.04625645062180308,0.31818181818181823,False,False,PASS,baseline-official-v3,v1.0.1-official-4c
official_4c_diagnostics_6b_baseline_official_v3,diagnostic,PER,MUT,stress,r4,0.1591308383170305,0.05063253946450971,0.31818181818181823,False,False,PASS,baseline-official-v3,v1.0.1-official-4c
official_4c_diagnostics_6b_baseline_official_v3,diagnostic,PER,PBI,stress,r4,0.1101872957625629,0.03505959410627002,0.31818181818181823,False,False,PASS,baseline-official-v3,v1.0.1-official-4c
official_4c_diagnostics_6b_baseline_official_v3,diagnostic,PER,UBI,stress,r4,0.0417812531704847,0.01329403509969968,0.31818181818181823,False,False,PASS,baseline-official-v3,v1.0.1-official-4c
official_4c_diagnostics_6b_baseline_official_v3,diagnostic,CHL,PEN,low,r0,-0.0446157845733166,-0.014195931455146193,0.31818181818181823,False,False,PASS,baseline-official-v3,v1.0.1-official-4c
official_4c_diagnostics_6b_baseline_official_v3,diagnostic,CHL,GMI:GMI_ideal_aggregate,low,r0,-2.245607572267461,-0.7145115002669196,0.31818181818181823,False,False,PASS,baseline-official-v3,v1.0.1-official-4c
official_4c_diagnostics_6b_baseline_official_v3,diagnostic,CHL,GMI:GMI_loaded_aggregate,low,r0,-1.497071714844974,-0.47634100017794634,0.31818181818181823,False,False,PASS,baseline-official-v3,v1.0.1-official-4c
official_4c_diagnostics_6b_baseline_official_v3,diagnostic,CHL,MUT,low,r0,-0.0275453695858054,-0.00876443577730172,0.31818181818181823,False,False,PASS,baseline-official-v3,v1.0.1-official-4c
official_4c_diagnostics_6b_baseline_official_v3,diagnostic,CHL,PBI,low,r0,-0.0104571851976836,-0.003327286199262964,0.31818181818181823,False,False,PASS,baseline-official-v3,v1.0.1-official-4c
official_4c_diagnostics_6b_baseline_official_v3,diagnostic,CHL,UBI,low,r0,-0.0031084048057245,-0.0009890378927305229,0.31818181818181823,False,False,PASS,baseline-official-v3,v1.0.1-official-4c
official_4c_diagnostics_6b_baseline_official_v3,diagnostic,CHL,PEN,low,r1,-0.0432922126120482,-0.013774794922015339,0.31818181818181823,False,False,PASS,baseline-official-v3,v1.0.1-official-4c
official_4c_diagnostics_6b_baseline_official_v3,diagnostic,CHL,GMI:GMI_ideal_aggregate,low,r1,-2.1997699950107408,-0.6999268165943268,0.31818181818181823,False,False,PASS,baseline-official-v3,v1.0.1-official-4c
official_4c_diagnostics_6b_baseline_official_v3,diagnostic,CHL,GMI:GMI_loaded_aggregate,low,r1,-1.4665133300071609,-0.46661787772955127,0.31818181818181823,False,False,PASS,baseline-official-v3,v1.0.1-official-4c
official_4c_diagnostics_6b_baseline_official_v3,diagnostic,CHL,MUT,low,r1,-0.0264059491031859,-0.008401892896468241,0.31818181818181823,False,False,PASS,baseline-official-v3,v1.0.1-official-4c
official_4c_diagnostics_6b_baseline_official_v3,diagnostic,CHL,PBI,low,r1,-0.0098576297941753,-0.0031365185708739597,0.31818181818181823,False,False,PASS,baseline-official-v3,v1.0.1-official-4c
official_4c_diagnostics_6b_baseline_official_v3,diagnostic,CHL,UBI,low,r1,-0.0028752023355602,-0.0009148371067691548,0.31818181818181823,False,False,PASS,baseline-official-v3,v1.0.1-official-4c
official_4c_diagnostics_6b_baseline_official_v3,diagnostic,CHL,PEN,low,r2,-0.0427345750286296,-0.013597364781836693,0.31818181818181823,False,False,PASS,baseline-official-v3,v1.0.1-official-4c
official_4c_diagnostics_6b_baseline_official_v3,diagnostic,CHL,GMI:GMI_ideal_aggregate,low,r2,-2.187942300942177,-0.6961634593906928,0.31818181818181823,False,False,PASS,baseline-official-v3,v1.0.1-official-4c
official_4c_diagnostics_6b_baseline_official_v3,diagnostic,CHL,GMI:GMI_loaded_aggregate,low,r2,-1.4586282006281182,-0.4641089729271286,0.31818181818181823,False,False,PASS,baseline-official-v3,v1.0.1-official-4c
official_4c_diagnostics_6b_baseline_official_v3,diagnostic,CHL,MUT,low,r2,-0.0258098333221303,-0.008212219693405097,0.31818181818181823,False,False,PASS,baseline-official-v3,v1.0.1-official-4c
official_4c_diagnostics_6b_baseline_official_v3,diagnostic,CHL,PBI,low,r2,-0.0095008248178992,-0.0030229897147861094,0.31818181818181823,False,False,PASS,baseline-official-v3,v1.0.1-official-4c
official_4c_diagnostics_6b_baseline_official_v3,diagnostic,CHL,UBI,low,r2,-0.0027261733902963,-0.0008674188060033683,0.31818181818181823,False,False,PASS,baseline-official-v3,v1.0.1-official-4c
official_4c_diagnostics_6b_baseline_official_v3,diagnostic,CHL,PEN,low,r3,-0.0448356898221902,-0.014265901307060522,0.31818181818181823,False,False,PASS,baseline-official-v3,v1.0.1-official-4c
official_4c_diagnostics_6b_baseline_official_v3,diagnostic,CHL,GMI:GMI_ideal_aggregate,low,r3,-2.2431661862078256,-0.713734695611581,0.31818181818181823,False,False,PASS,baseline-official-v3,v1.0.1-official-4c
official_4c_diagnostics_6b_baseline_official_v3,diagnostic,CHL,GMI:GMI_loaded_aggregate,low,r3,-1.4954441241385503,-0.4758231304077206,0.31818181818181823,False,False,PASS,baseline-official-v3,v1.0.1-official-4c
official_4c_diagnostics_6b_baseline_official_v3,diagnostic,CHL,MUT,low,r3,-0.0278906410928474,-0.00887429489317872,0.31818181818181823,False,False,PASS,baseline-official-v3,v1.0.1-official-4c
official_4c_diagnostics_6b_baseline_official_v3,diagnostic,CHL,PBI,low,r3,-0.0106968251815041,-0.0034035352850240322,0.31818181818181823,False,False,PASS,baseline-official-v3,v1.0.1-official-4c
official_4c_diagnostics_6b_baseline_official_v3,diagnostic,CHL,UBI,low,r3,-0.0032153837426812,-0.0010230766453985637,0.31818181818181823,False,False,PASS,baseline-official-v3,v1.0.1-official-4c
official_4c_diagnostics_6b_baseline_official_v3,diagnostic,CHL,PEN,low,r4,-0.0408490378423001,-0.012997421131640943,0.31818181818181823,False,False,PASS,baseline-official-v3,v1.0.1-official-4c
official_4c_diagnostics_6b_baseline_official_v3,diagnostic,CHL,GMI:GMI_ideal_aggregate,low,r4,-2.13018523877835,-0.6777862123385661,0.31818181818181823,False,False,PASS,baseline-official-v3,v1.0.1-official-4c
official_4c_diagnostics_6b_baseline_official_v3,diagnostic,CHL,GMI:GMI_loaded_aggregate,low,r4,-1.4201234925189,-0.4518574748923773,0.31818181818181823,False,False,PASS,baseline-official-v3,v1.0.1-official-4c
official_4c_diagnostics_6b_baseline_official_v3,diagnostic,CHL,MUT,low,r4,-0.0240696708001926,-0.007658531618243101,0.31818181818181823,False,False,PASS,baseline-official-v3,v1.0.1-official-4c
official_4c_diagnostics_6b_baseline_official_v3,diagnostic,CHL,PBI,low,r4,-0.0085416953921978,-0.002717812170244755,0.31818181818181823,False,False,PASS,baseline-official-v3,v1.0.1-official-4c
official_4c_diagnostics_6b_baseline_official_v3,diagnostic,CHL,UBI,low,r4,-0.0023427854103024,-0.0007454317214598547,0.31818181818181823,False,False,PASS,baseline-official-v3,v1.0.1-official-4c
official_4c_diagnostics_6b_baseline_official_v3,diagnostic,CHL,PEN,mid,r0,0.0324037073756413,0.010310270528613143,0.31818181818181823,False,False,PASS,baseline-official-v3,v1.0.1-official-4c
official_4c_diagnostics_6b_baseline_official_v3,diagnostic,CHL,GMI:GMI_ideal_aggregate,mid,r0,-0.6119963968804701,-0.19472612628014963,0.31818181818181823,False,False,PASS,baseline-official-v3,v1.0.1-official-4c
official_4c_diagnostics_6b_baseline_official_v3,diagnostic,CHL,GMI:GMI_loaded_aggregate,mid,r0,-0.4079975979203134,-0.12981741752009976,0.31818181818181823,False,False,PASS,baseline-official-v3,v1.0.1-official-4c
official_4c_diagnostics_6b_baseline_official_v3,diagnostic,CHL,MUT,mid,r0,0.0547886336536989,0.01743274707163147,0.31818181818181823,False,False,PASS,baseline-official-v3,v1.0.1-official-4c
official_4c_diagnostics_6b_baseline_official_v3,diagnostic,CHL,PBI,mid,r0,0.0388238152491779,0.012353032124738424,0.31818181818181823,False,False,PASS,baseline-official-v3,v1.0.1-official-4c
official_4c_diagnostics_6b_baseline_official_v3,diagnostic,CHL,UBI,mid,r0,0.0174750960041515,0.005560257819502751,0.31818181818181823,False,False,PASS,baseline-official-v3,v1.0.1-official-4c
official_4c_diagnostics_6b_baseline_official_v3,diagnostic,CHL,PEN,mid,r1,0.0374110771790924,0.011903524556983947,0.31818181818181823,False,False,PASS,baseline-official-v3,v1.0.1-official-4c
official_4c_diagnostics_6b_baseline_official_v3,diagnostic,CHL,GMI:GMI_ideal_aggregate,mid,r1,-0.4880241400695869,-0.1552804082039595,0.31818181818181823,False,False,PASS,baseline-official-v3,v1.0.1-official-4c
official_4c_diagnostics_6b_baseline_official_v3,diagnostic,CHL,GMI:GMI_loaded_aggregate,mid,r1,-0.3253494267130579,-0.10352027213597298,0.31818181818181823,False,False,PASS,baseline-official-v3,v1.0.1-official-4c
official_4c_diagnostics_6b_baseline_official_v3,diagnostic,CHL,MUT,mid,r1,0.0598660419858482,0.01904828608640625,0.31818181818181823,False,False,PASS,baseline-official-v3,v1.0.1-official-4c
official_4c_diagnostics_6b_baseline_official_v3,diagnostic,CHL,PBI,mid,r1,0.041780452457732,0.013293780327460184,0.31818181818181823,False,False,PASS,baseline-official-v3,v1.0.1-official-4c
official_4c_diagnostics_6b_baseline_official_v3,diagnostic,CHL,UBI,mid,r1,0.0186927954366983,0.00594770763894946,0.31818181818181823,False,False,PASS,baseline-official-v3,v1.0.1-official-4c
official_4c_diagnostics_6b_baseline_official_v3,diagnostic,CHL,PEN,mid,r2,0.0416998930913176,0.013268147801782875,0.31818181818181823,False,False,PASS,baseline-official-v3,v1.0.1-official-4c
official_4c_diagnostics_6b_baseline_official_v3,diagnostic,CHL,GMI:GMI_ideal_aggregate,mid,r2,-0.3970568092537489,-0.1263362574898292,0.31818181818181823,False,False,PASS,baseline-official-v3,v1.0.1-official-4c
official_4c_diagnostics_6b_baseline_official_v3,diagnostic,CHL,GMI:GMI_loaded_aggregate,mid,r2,-0.2647045395024993,-0.08422417165988615,0.31818181818181823,False,False,PASS,baseline-official-v3,v1.0.1-official-4c
official_4c_diagnostics_6b_baseline_official_v3,diagnostic,CHL,MUT,mid,r2,0.0644507954589664,0.0205070712823984,0.31818181818181823,False,False,PASS,baseline-official-v3,v1.0.1-official-4c
official_4c_diagnostics_6b_baseline_official_v3,diagnostic,CHL,PBI,mid,r2,0.0445246556917256,0.014166935901912692,0.31818181818181823,False,False,PASS,baseline-official-v3,v1.0.1-official-4c
official_4c_diagnostics_6b_baseline_official_v3,diagnostic,CHL,UBI,mid,r2,0.0198389838049778,0.006312403937947483,0.31818181818181823,False,False,PASS,baseline-official-v3,v1.0.1-official-4c
official_4c_diagnostics_6b_baseline_official_v3,diagnostic,CHL,PEN,mid,r3,0.0303414308033455,0.009654091619246297,0.31818181818181823,False,False,PASS,baseline-official-v3,v1.0.1-official-4c
official_4c_diagnostics_6b_baseline_official_v3,diagnostic,CHL,GMI:GMI_ideal_aggregate,mid,r3,-0.6486323704215634,-0.20638302695231567,0.31818181818181823,False,False,PASS,baseline-official-v3,v1.0.1-official-4c
official_4c_diagnostics_6b_baseline_official_v3,diagnostic,CHL,GMI:GMI_loaded_aggregate,mid,r3,-0.4324215802810423,-0.1375886846348771,0.31818181818181823,False,False,PASS,baseline-official-v3,v1.0.1-official-4c
official_4c_diagnostics_6b_baseline_official_v3,diagnostic,CHL,MUT,mid,r3,0.0524738632227801,0.01669622920724822,0.31818181818181823,False,False,PASS,baseline-official-v3,v1.0.1-official-4c
official_4c_diagnostics_6b_baseline_official_v3,diagnostic,CHL,PBI,mid,r3,0.0374053320957215,0.011901696575911388,0.31818181818181823,False,False,PASS,baseline-official-v3,v1.0.1-official-4c
official_4c_diagnostics_6b_baseline_official_v3,diagnostic,CHL,UBI,mid,r3,0.0168757423362256,0.0053695543797081455,0.31818181818181823,False,False,PASS,baseline-official-v3,v1.0.1-official-4c
official_4c_diagnostics_6b_baseline_official_v3,diagnostic,CHL,PEN,mid,r4,0.0533544303576521,0.016976409659252942,0.31818181818181823,False,False,PASS,baseline-official-v3,v1.0.1-official-4c
official_4c_diagnostics_6b_baseline_official_v3,diagnostic,CHL,GMI:GMI_ideal_aggregate,mid,r4,-0.1320957354920681,-0.04203046129293077,0.31818181818181823,False,False,PASS,baseline-official-v3,v1.0.1-official-4c
official_4c_diagnostics_6b_baseline_official_v3,diagnostic,CHL,GMI:GMI_loaded_aggregate,mid,r4,-0.0880638236613787,-0.0280203075286205,0.31818181818181823,False,False,PASS,baseline-official-v3,v1.0.1-official-4c
official_4c_diagnostics_6b_baseline_official_v3,diagnostic,CHL,MUT,mid,r4,0.0766340401654359,0.02438355823445688,0.31818181818181823,False,False,PASS,baseline-official-v3,v1.0.1-official-4c
official_4c_diagnostics_6b_baseline_official_v3,diagnostic,CHL,PBI,mid,r4,0.051734489778361,0.016460974020387594,0.31818181818181823,False,False,PASS,baseline-official-v3,v1.0.1-official-4c
official_4c_diagnostics_6b_baseline_official_v3,diagnostic,CHL,UBI,mid,r4,0.0228331423311046,0.007265090741715101,0.31818181818181823,False,False,PASS,baseline-official-v3,v1.0.1-official-4c
official_4c_diagnostics_6b_baseline_official_v3,diagnostic,CHL,PEN,high,r0,0.0197250231634253,0.006276143733817141,0.31818181818181823,False,False,PASS,baseline-official-v3,v1.0.1-official-4c
official_4c_diagnostics_6b_baseline_official_v3,diagnostic,CHL,GMI:GMI_ideal_aggregate,high,r0,-0.8809158573204959,-0.28029140914743056,0.31818181818181823,False,False,PASS,baseline-official-v3,v1.0.1-official-4c
official_4c_diagnostics_6b_baseline_official_v3,diagnostic,CHL,GMI:GMI_loaded_aggregate,high,r0,-0.587277238213664,-0.18686093943162038,0.31818181818181823,False,False,PASS,baseline-official-v3,v1.0.1-official-4c
official_4c_diagnostics_6b_baseline_official_v3,diagnostic,CHL,MUT,high,r0,0.0412350928475216,0.013120256815120511,0.31818181818181823,False,False,PASS,baseline-official-v3,v1.0.1-official-4c
official_4c_diagnostics_6b_baseline_official_v3,diagnostic,CHL,PBI,high,r0,0.0307113462297521,0.00977179198219385,0.31818181818181823,False,False,PASS,baseline-official-v3,v1.0.1-official-4c
official_4c_diagnostics_6b_baseline_official_v3,diagnostic,CHL,UBI,high,r0,0.0140867108026072,0.004482135255375019,0.31818181818181823,False,False,PASS,baseline-official-v3,v1.0.1-official-4c
official_4c_diagnostics_6b_baseline_official_v3,diagnostic,CHL,PEN,high,r1,0.0241133054149424,0.0076724153592998565,0.31818181818181823,False,False,PASS,baseline-official-v3,v1.0.1-official-4c
official_4c_diagnostics_6b_baseline_official_v3,diagnostic,CHL,GMI:GMI_ideal_aggregate,high,r1,-0.7700746705516304,-0.24502375881188243,0.31818181818181823,False,False,PASS,baseline-official-v3,v1.0.1-official-4c
official_4c_diagnostics_6b_baseline_official_v3,diagnostic,CHL,GMI:GMI_loaded_aggregate,high,r1,-0.5133831137010869,-0.16334917254125494,0.31818181818181823,False,False,PASS,baseline-official-v3,v1.0.1-official-4c
official_4c_diagnostics_6b_baseline_official_v3,diagnostic,CHL,MUT,high,r1,0.0456506952495532,0.01452522121576693,0.31818181818181823,False,False,PASS,baseline-official-v3,v1.0.1-official-4c
official_4c_diagnostics_6b_baseline_official_v3,diagnostic,CHL,PBI,high,r1,0.0332718596370258,0.010586500793599121,0.31818181818181823,False,False,PASS,baseline-official-v3,v1.0.1-official-4c
official_4c_diagnostics_6b_baseline_official_v3,diagnostic,CHL,UBI,high,r1,0.0151389587526245,0.004816941421289614,0.31818181818181823,False,False,PASS,baseline-official-v3,v1.0.1-official-4c
official_4c_diagnostics_6b_baseline_official_v3,diagnostic,CHL,PEN,high,r2,0.0277934068025162,0.008843356709891519,0.31818181818181823,False,False,PASS,baseline-official-v3,v1.0.1-official-4c
official_4c_diagnostics_6b_baseline_official_v3,diagnostic,CHL,GMI:GMI_ideal_aggregate,high,r2,-0.6920183941316054,-0.22018767086005628,0.31818181818181823,False,False,PASS,baseline-official-v3,v1.0.1-official-4c
official_4c_diagnostics_6b_baseline_official_v3,diagnostic,CHL,GMI:GMI_loaded_aggregate,high,r2,-0.4613455960877369,-0.14679178057337086,0.31818181818181823,False,False,PASS,baseline-official-v3,v1.0.1-official-4c
official_4c_diagnostics_6b_baseline_official_v3,diagnostic,CHL,MUT,high,r2,0.0495847315811224,0.015776960048538947,0.31818181818181823,False,False,PASS,baseline-official-v3,v1.0.1-official-4c
official_4c_diagnostics_6b_baseline_official_v3,diagnostic,CHL,PBI,high,r2,0.0356265762618214,0.011335728810579537,0.31818181818181823,False,False,PASS,baseline-official-v3,v1.0.1-official-4c
official_4c_diagnostics_6b_baseline_official_v3,diagnostic,CHL,UBI,high,r2,0.0161224678355168,0.005129876129482618,0.31818181818181823,False,False,PASS,baseline-official-v3,v1.0.1-official-4c
official_4c_diagnostics_6b_baseline_official_v3,diagnostic,CHL,PEN,high,r3,0.0192961216845893,0.006139675081460233,0.31818181818181823,False,False,PASS,baseline-official-v3,v1.0.1-official-4c
official_4c_diagnostics_6b_baseline_official_v3,diagnostic,CHL,GMI:GMI_ideal_aggregate,high,r3,-0.8829073566024875,-0.28092506800988243,0.31818181818181823,False,False,PASS,baseline-official-v3,v1.0.1-official-4c
official_4c_diagnostics_6b_baseline_official_v3,diagnostic,CHL,GMI:GMI_loaded_aggregate,high,r3,-0.5886049044016584,-0.18728337867325495,0.31818181818181823,False,False,PASS,baseline-official-v3,v1.0.1-official-4c
official_4c_diagnostics_6b_baseline_official_v3,diagnostic,CHL,MUT,high,r3,0.0406664039192615,0.012939310337946841,0.31818181818181823,False,False,PASS,baseline-official-v3,v1.0.1-official-4c
official_4c_diagnostics_6b_baseline_official_v3,diagnostic,CHL,PBI,high,r3,0.0303379797951133,0.009652993571172415,0.31818181818181823,False,False,PASS,baseline-official-v3,v1.0.1-official-4c
official_4c_diagnostics_6b_baseline_official_v3,diagnostic,CHL,UBI,high,r3,0.0139238775103459,0.004430324662382787,0.31818181818181823,False,False,PASS,baseline-official-v3,v1.0.1-official-4c
official_4c_diagnostics_6b_baseline_official_v3,diagnostic,CHL,PEN,high,r4,0.0399632707992742,0.012715586163405429,0.31818181818181823,False,False,PASS,baseline-official-v3,v1.0.1-official-4c
official_4c_diagnostics_6b_baseline_official_v3,diagnostic,CHL,GMI:GMI_ideal_aggregate,high,r4,-0.4161270547385515,-0.1324040628713573,0.31818181818181823,False,False,PASS,baseline-official-v3,v1.0.1-official-4c
official_4c_diagnostics_6b_baseline_official_v3,diagnostic,CHL,GMI:GMI_loaded_aggregate,high,r4,-0.2774180364923677,-0.08826937524757154,0.31818181818181823,False,False,PASS,baseline-official-v3,v1.0.1-official-4c
official_4c_diagnostics_6b_baseline_official_v3,diagnostic,CHL,MUT,high,r4,0.0623188616754131,0.01982872871490417,0.31818181818181823,False,False,PASS,baseline-official-v3,v1.0.1-official-4c
official_4c_diagnostics_6b_baseline_official_v3,diagnostic,CHL,PBI,high,r4,0.0431661426823069,0.013734681762552199,0.31818181818181823,False,False,PASS,baseline-official-v3,v1.0.1-official-4c
official_4c_diagnostics_6b_baseline_official_v3,diagnostic,CHL,UBI,high,r4,0.019254347708599,0.0061263833618269556,0.31818181818181823,False,False,PASS,baseline-official-v3,v1.0.1-official-4c
official_4c_diagnostics_6b_baseline_official_v3,diagnostic,CHL,PEN,stress,r0,0.2452211325082953,0.07802490579809397,0.31818181818181823,False,False,PASS,baseline-official-v3,v1.0.1-official-4c
official_4c_diagnostics_6b_baseline_official_v3,diagnostic,CHL,GMI:GMI_ideal_aggregate,stress,r0,3.901937871138183,1.2415256862712403,0.31818181818181823,True,True,PASS,baseline-official-v3,v1.0.1-official-4c
official_4c_diagnostics_6b_baseline_official_v3,diagnostic,CHL,GMI:GMI_loaded_aggregate,stress,r0,2.6012919140921213,0.8276837908474933,0.31818181818181823,True,False,PASS,baseline-official-v3,v1.0.1-official-4c
official_4c_diagnostics_6b_baseline_official_v3,diagnostic,CHL,MUT,stress,r0,0.282290920761839,0.0898198384242215,0.31818181818181823,False,False,PASS,baseline-official-v3,v1.0.1-official-4c
official_4c_diagnostics_6b_baseline_official_v3,diagnostic,CHL,PBI,stress,r0,0.1749952616930563,0.05568031053869974,0.31818181818181823,False,False,PASS,baseline-official-v3,v1.0.1-official-4c
official_4c_diagnostics_6b_baseline_official_v3,diagnostic,CHL,UBI,stress,r0,0.0743506677811865,0.023657030657650253,0.31818181818181823,False,False,PASS,baseline-official-v3,v1.0.1-official-4c
official_4c_diagnostics_6b_baseline_official_v3,diagnostic,CHL,PEN,stress,r1,0.2602914757602903,0.08282001501463784,0.31818181818181823,False,False,PASS,baseline-official-v3,v1.0.1-official-4c
official_4c_diagnostics_6b_baseline_official_v3,diagnostic,CHL,GMI:GMI_ideal_aggregate,stress,r1,4.239349420616151,1.3488839065596845,0.31818181818181823,True,True,PASS,baseline-official-v3,v1.0.1-official-4c
official_4c_diagnostics_6b_baseline_official_v3,diagnostic,CHL,GMI:GMI_loaded_aggregate,stress,r1,2.826232947077433,0.8992559377064561,0.31818181818181823,True,False,PASS,baseline-official-v3,v1.0.1-official-4c
official_4c_diagnostics_6b_baseline_official_v3,diagnostic,CHL,MUT,stress,r1,0.2981256694444094,0.09485816755049391,0.31818181818181823,False,False,PASS,baseline-official-v3,v1.0.1-official-4c
official_4c_diagnostics_6b_baseline_official_v3,diagnostic,CHL,PBI,stress,r1,0.1843907027221172,0.05866976904794639,0.31818181818181823,False,False,PASS,baseline-official-v3,v1.0.1-official-4c
official_4c_diagnostics_6b_baseline_official_v3,diagnostic,CHL,UBI,stress,r1,0.0782577023013386,0.02490017800497138,0.31818181818181823,False,False,PASS,baseline-official-v3,v1.0.1-official-4c
official_4c_diagnostics_6b_baseline_official_v3,diagnostic,CHL,PEN,stress,r2,0.2749404640789393,0.08748105675238979,0.31818181818181823,False,False,PASS,baseline-official-v3,v1.0.1-official-4c
official_4c_diagnostics_6b_baseline_official_v3,diagnostic,CHL,GMI:GMI_ideal_aggregate,stress,r2,4.550059741080454,1.4477462812528719,0.31818181818181823,True,True,PASS,baseline-official-v3,v1.0.1-official-4c
official_4c_diagnostics_6b_baseline_official_v3,diagnostic,CHL,GMI:GMI_loaded_aggregate,stress,r2,3.033373160720303,0.9651641875019147,0.31818181818181823,True,False,PASS,baseline-official-v3,v1.0.1-official-4c
official_4c_diagnostics_6b_baseline_official_v3,diagnostic,CHL,MUT,stress,r2,0.3137854695958103,0.09984083123503056,0.31818181818181823,False,False,PASS,baseline-official-v3,v1.0.1-official-4c
official_4c_diagnostics_6b_baseline_official_v3,diagnostic,CHL,PBI,stress,r2,0.1937638728328191,0.06165214135589699,0.31818181818181823,False,False,PASS,baseline-official-v3,v1.0.1-official-4c
official_4c_diagnostics_6b_baseline_official_v3,diagnostic,CHL,UBI,stress,r2,0.0821726523391888,0.02614584392610553,0.31818181818181823,False,False,PASS,baseline-official-v3,v1.0.1-official-4c
official_4c_diagnostics_6b_baseline_official_v3,diagnostic,CHL,PEN,stress,r3,0.2502383566642316,0.07962129530225552,0.31818181818181823,False,False,PASS,baseline-official-v3,v1.0.1-official-4c
official_4c_diagnostics_6b_baseline_official_v3,diagnostic,CHL,GMI:GMI_ideal_aggregate,stress,r3,4.015460658881374,1.2776465732804374,0.31818181818181823,True,True,PASS,baseline-official-v3,v1.0.1-official-4c
official_4c_diagnostics_6b_baseline_official_v3,diagnostic,CHL,GMI:GMI_loaded_aggregate,stress,r3,2.676973772587582,0.851764382186958,0.31818181818181823,True,False,PASS,baseline-official-v3,v1.0.1-official-4c
official_4c_diagnostics_6b_baseline_official_v3,diagnostic,CHL,MUT,stress,r3,0.2875441518996482,0.09149132105897899,0.31818181818181823,False,False,PASS,baseline-official-v3,v1.0.1-official-4c
official_4c_diagnostics_6b_baseline_official_v3,diagnostic,CHL,PBI,stress,r3,0.1781066042982894,0.05667028318581936,0.31818181818181823,False,False,PASS,baseline-official-v3,v1.0.1-official-4c
official_4c_diagnostics_6b_baseline_official_v3,diagnostic,CHL,UBI,stress,r3,0.0756433145054426,0.02406832734264083,0.31818181818181823,False,False,PASS,baseline-official-v3,v1.0.1-official-4c
official_4c_diagnostics_6b_baseline_official_v3,diagnostic,CHL,PEN,stress,r4,0.3330179726110611,0.10596026401261036,0.31818181818181823,False,False,PASS,baseline-official-v3,v1.0.1-official-4c
official_4c_diagnostics_6b_baseline_official_v3,diagnostic,CHL,GMI:GMI_ideal_aggregate,stress,r4,5.799668762204835,1.8453491516106295,0.31818181818181823,True,True,PASS,baseline-official-v3,v1.0.1-official-4c
official_4c_diagnostics_6b_baseline_official_v3,diagnostic,CHL,GMI:GMI_loaded_aggregate,stress,r4,3.86644584146989,1.2302327677404197,0.31818181818181823,True,True,PASS,baseline-official-v3,v1.0.1-official-4c
official_4c_diagnostics_6b_baseline_official_v3,diagnostic,CHL,MUT,stress,r4,0.3755949708493598,0.11950749072479631,0.31818181818181823,False,False,PASS,baseline-official-v3,v1.0.1-official-4c
official_4c_diagnostics_6b_baseline_official_v3,diagnostic,CHL,PBI,stress,r4,0.2306774924132624,0.07339738394967442,0.31818181818181823,False,False,PASS,baseline-official-v3,v1.0.1-official-4c
official_4c_diagnostics_6b_baseline_official_v3,diagnostic,CHL,UBI,stress,r4,0.0975733750020856,0.03104607386429997,0.31818181818181823,False,False,PASS,baseline-official-v3,v1.0.1-official-4c
official_4c_diagnostics_6b_baseline_official_v3,diagnostic,COL,PEN,low,r0,-0.1616526824314932,-0.05143494441002057,0.31818181818181823,False,False,PASS,baseline-official-v3,v1.0.1-official-4c
official_4c_diagnostics_6b_baseline_official_v3,diagnostic,COL,GMI:GMI_ideal_aggregate,low,r0,-0.112663238540209,-0.0358473940809756,0.31818181818181823,False,False,PASS,baseline-official-v3,v1.0.1-official-4c
official_4c_diagnostics_6b_baseline_official_v3,diagnostic,COL,GMI:GMI_loaded_aggregate,low,r0,-0.0751088256934726,-0.023898262720650376,0.31818181818181823,False,False,PASS,baseline-official-v3,v1.0.1-official-4c
official_4c_diagnostics_6b_baseline_official_v3,diagnostic,COL,MUT,low,r0,-0.018485557526338,-0.005881768303834819,0.31818181818181823,False,False,PASS,baseline-official-v3,v1.0.1-official-4c
official_4c_diagnostics_6b_baseline_official_v3,diagnostic,COL,PBI,low,r0,-0.0078670161561991,-0.0025031415042451686,0.31818181818181823,False,False,PASS,baseline-official-v3,v1.0.1-official-4c
official_4c_diagnostics_6b_baseline_official_v3,diagnostic,COL,UBI,low,r0,-0.0023095297273273,-0.0007348503677859591,0.31818181818181823,False,False,PASS,baseline-official-v3,v1.0.1-official-4c
official_4c_diagnostics_6b_baseline_official_v3,diagnostic,COL,PEN,low,r1,-0.1571014719079275,-0.049986831970704214,0.31818181818181823,False,False,PASS,baseline-official-v3,v1.0.1-official-4c
official_4c_diagnostics_6b_baseline_official_v3,diagnostic,COL,GMI:GMI_ideal_aggregate,low,r1,-0.1104136174694261,-0.035131605558453766,0.31818181818181823,False,False,PASS,baseline-official-v3,v1.0.1-official-4c
official_4c_diagnostics_6b_baseline_official_v3,diagnostic,COL,GMI:GMI_loaded_aggregate,low,r1,-0.0736090783129508,-0.02342107037230253,0.31818181818181823,False,False,PASS,baseline-official-v3,v1.0.1-official-4c
official_4c_diagnostics_6b_baseline_official_v3,diagnostic,COL,MUT,low,r1,-0.0177865477124634,-0.005659356090329265,0.31818181818181823,False,False,PASS,baseline-official-v3,v1.0.1-official-4c
official_4c_diagnostics_6b_baseline_official_v3,diagnostic,COL,PBI,low,r1,-0.0074745008917797,-0.002378250283748087,0.31818181818181823,False,False,PASS,baseline-official-v3,v1.0.1-official-4c
official_4c_diagnostics_6b_baseline_official_v3,diagnostic,COL,UBI,low,r1,-0.0021663854399114,-0.0006893044581536274,0.31818181818181823,False,False,PASS,baseline-official-v3,v1.0.1-official-4c
official_4c_diagnostics_6b_baseline_official_v3,diagnostic,COL,PEN,low,r2,-0.1555474464865584,-0.04949236933663223,0.31818181818181823,False,False,PASS,baseline-official-v3,v1.0.1-official-4c
official_4c_diagnostics_6b_baseline_official_v3,diagnostic,COL,GMI:GMI_ideal_aggregate,low,r2,-0.1099427969680978,-0.03498179903530385,0.31818181818181823,False,False,PASS,baseline-official-v3,v1.0.1-official-4c
official_4c_diagnostics_6b_baseline_official_v3,diagnostic,COL,GMI:GMI_loaded_aggregate,low,r2,-0.0732951979787319,-0.023321199356869243,0.31818181818181823,False,False,PASS,baseline-official-v3,v1.0.1-official-4c
official_4c_diagnostics_6b_baseline_official_v3,diagnostic,COL,MUT,low,r2,-0.0174903074530276,-0.005565097825963329,0.31818181818181823,False,False,PASS,baseline-official-v3,v1.0.1-official-4c
official_4c_diagnostics_6b_baseline_official_v3,diagnostic,COL,PBI,low,r2,-0.0072853439350885,-0.0023180639793463414,0.31818181818181823,False,False,PASS,baseline-official-v3,v1.0.1-official-4c
official_4c_diagnostics_6b_baseline_official_v3,diagnostic,COL,UBI,low,r2,-0.0020923253750525,-0.0006657398920621591,0.31818181818181823,False,False,PASS,baseline-official-v3,v1.0.1-official-4c
official_4c_diagnostics_6b_baseline_official_v3,diagnostic,COL,PEN,low,r3,-0.1616942785994007,-0.051448179554354774,0.31818181818181823,False,False,PASS,baseline-official-v3,v1.0.1-official-4c
official_4c_diagnostics_6b_baseline_official_v3,diagnostic,COL,GMI:GMI_ideal_aggregate,low,r3,-0.1123275415116828,-0.0357405813900809,0.31818181818181823,False,False,PASS,baseline-official-v3,v1.0.1-official-4c
official_4c_diagnostics_6b_baseline_official_v3,diagnostic,COL,GMI:GMI_loaded_aggregate,low,r3,-0.0748850276744552,-0.023827054260053934,0.31818181818181823,False,False,PASS,baseline-official-v3,v1.0.1-official-4c
official_4c_diagnostics_6b_baseline_official_v3,diagnostic,COL,MUT,low,r3,-0.0185609176615341,-0.005905746528669942,0.31818181818181823,False,False,PASS,baseline-official-v3,v1.0.1-official-4c
official_4c_diagnostics_6b_baseline_official_v3,diagnostic,COL,PBI,low,r3,-0.0079366636511044,-0.002525302070805946,0.31818181818181823,False,False,PASS,baseline-official-v3,v1.0.1-official-4c
official_4c_diagnostics_6b_baseline_official_v3,diagnostic,COL,UBI,low,r3,-0.0023410130275475,-0.0007448677814923865,0.31818181818181823,False,False,PASS,baseline-official-v3,v1.0.1-official-4c
official_4c_diagnostics_6b_baseline_official_v3,diagnostic,COL,PEN,low,r4,-0.1497886682248611,-0.04766003079881945,0.31818181818181823,False,False,PASS,baseline-official-v3,v1.0.1-official-4c
official_4c_diagnostics_6b_baseline_official_v3,diagnostic,COL,GMI:GMI_ideal_aggregate,low,r4,-0.1073273211049564,-0.03414960216975886,0.31818181818181823,False,False,PASS,baseline-official-v3,v1.0.1-official-4c
official_4c_diagnostics_6b_baseline_official_v3,diagnostic,COL,GMI:GMI_loaded_aggregate,low,r4,-0.0715515474033043,-0.022766401446505918,0.31818181818181823,False,False,PASS,baseline-official-v3,v1.0.1-official-4c
official_4c_diagnostics_6b_baseline_official_v3,diagnostic,COL,MUT,low,r4,-0.016561101803801,-0.005269441483027592,0.31818181818181823,False,False,PASS,baseline-official-v3,v1.0.1-official-4c
official_4c_diagnostics_6b_baseline_official_v3,diagnostic,COL,PBI,low,r4,-0.0067458427622004,-0.002146404515245582,0.31818181818181823,False,False,PASS,baseline-official-v3,v1.0.1-official-4c
official_4c_diagnostics_6b_baseline_official_v3,diagnostic,COL,UBI,low,r4,-0.0018916321287985,-0.0006018829500722501,0.31818181818181823,False,False,PASS,baseline-official-v3,v1.0.1-official-4c
official_4c_diagnostics_6b_baseline_official_v3,diagnostic,COL,PEN,mid,r0,0.059840611829065,0.01904019467288432,0.31818181818181823,False,False,PASS,baseline-official-v3,v1.0.1-official-4c
official_4c_diagnostics_6b_baseline_official_v3,diagnostic,COL,GMI:GMI_ideal_aggregate,mid,r0,-0.045557782985473,-0.014495658222650502,0.31818181818181823,False,False,PASS,baseline-official-v3,v1.0.1-official-4c
official_4c_diagnostics_6b_baseline_official_v3,diagnostic,COL,GMI:GMI_loaded_aggregate,mid,r0,-0.0303718553236487,-0.00966377214843368,0.31818181818181823,False,False,PASS,baseline-official-v3,v1.0.1-official-4c
official_4c_diagnostics_6b_baseline_official_v3,diagnostic,COL,MUT,mid,r0,0.0237371951087018,0.007552743898223301,0.31818181818181823,False,False,PASS,baseline-official-v3,v1.0.1-official-4c
official_4c_diagnostics_6b_baseline_official_v3,diagnostic,COL,PBI,mid,r0,0.0190932876417367,0.006075136976916223,0.31818181818181823,False,False,PASS,baseline-official-v3,v1.0.1-official-4c
official_4c_diagnostics_6b_baseline_official_v3,diagnostic,COL,UBI,mid,r0,0.0082461584314325,0.0026237776827285233,0.31818181818181823,False,False,PASS,baseline-official-v3,v1.0.1-official-4c
official_4c_diagnostics_6b_baseline_official_v3,diagnostic,COL,PEN,mid,r1,0.0770387250016668,0.02451232159143944,0.31818181818181823,False,False,PASS,baseline-official-v3,v1.0.1-official-4c
official_4c_diagnostics_6b_baseline_official_v3,diagnostic,COL,GMI:GMI_ideal_aggregate,mid,r1,-0.0394765508203082,-0.012560720715552611,0.31818181818181823,False,False,PASS,baseline-official-v3,v1.0.1-official-4c
official_4c_diagnostics_6b_baseline_official_v3,diagnostic,COL,GMI:GMI_loaded_aggregate,mid,r1,-0.0263177005468721,-0.008373813810368396,0.31818181818181823,False,False,PASS,baseline-official-v3,v1.0.1-official-4c
official_4c_diagnostics_6b_baseline_official_v3,diagnostic,COL,MUT,mid,r1,0.0268470546231615,0.008542244652824115,0.31818181818181823,False,False,PASS,baseline-official-v3,v1.0.1-official-4c
official_4c_diagnostics_6b_baseline_official_v3,diagnostic,COL,PBI,mid,r1,0.0210251918915393,0.006689833783671596,0.31818181818181823,False,False,PASS,baseline-official-v3,v1.0.1-official-4c
official_4c_diagnostics_6b_baseline_official_v3,diagnostic,COL,UBI,mid,r1,0.0089920151439947,0.002861095727634678,0.31818181818181823,False,False,PASS,baseline-official-v3,v1.0.1-official-4c
official_4c_diagnostics_6b_baseline_official_v3,diagnostic,COL,PEN,mid,r2,0.089605070284977,0.028510704181583593,0.31818181818181823,False,False,PASS,baseline-official-v3,v1.0.1-official-4c
official_4c_diagnostics_6b_baseline_official_v3,diagnostic,COL,GMI:GMI_ideal_aggregate,mid,r2,-0.0356693460572483,-0.011349337381851734,0.31818181818181823,False,False,PASS,baseline-official-v3,v1.0.1-official-4c
official_4c_diagnostics_6b_baseline_official_v3,diagnostic,COL,GMI:GMI_loaded_aggregate,mid,r2,-0.0237795640381655,-0.007566224921234479,0.31818181818181823,False,False,PASS,baseline-official-v3,v1.0.1-official-4c
official_4c_diagnostics_6b_baseline_official_v3,diagnostic,COL,MUT,mid,r2,0.0292425478600788,0.009304447046388711,0.31818181818181823,False,False,PASS,baseline-official-v3,v1.0.1-official-4c
official_4c_diagnostics_6b_baseline_official_v3,diagnostic,COL,PBI,mid,r2,0.0225547753834407,0.007176519440185678,0.31818181818181823,False,False,PASS,baseline-official-v3,v1.0.1-official-4c
official_4c_diagnostics_6b_baseline_official_v3,diagnostic,COL,UBI,mid,r2,0.0095908884532241,0.0030516463260258503,0.31818181818181823,False,False,PASS,baseline-official-v3,v1.0.1-official-4c
official_4c_diagnostics_6b_baseline_official_v3,diagnostic,COL,PEN,mid,r3,0.0561848053233808,0.0178769835119848,0.31818181818181823,False,False,PASS,baseline-official-v3,v1.0.1-official-4c
official_4c_diagnostics_6b_baseline_official_v3,diagnostic,COL,GMI:GMI_ideal_aggregate,mid,r3,-0.0463170772612968,-0.014737251855867167,0.31818181818181823,False,False,PASS,baseline-official-v3,v1.0.1-official-4c
official_4c_diagnostics_6b_baseline_official_v3,diagnostic,COL,GMI:GMI_loaded_aggregate,mid,r3,-0.0308780515075312,-0.009824834570578112,0.31818181818181823,False,False,PASS,baseline-official-v3,v1.0.1-official-4c
official_4c_diagnostics_6b_baseline_official_v3,diagnostic,COL,MUT,mid,r3,0.0229728664448087,0.007309548414257314,0.31818181818181823,False,False,PASS,baseline-official-v3,v1.0.1-official-4c
official_4c_diagnostics_6b_baseline_official_v3,diagnostic,COL,PBI,mid,r3,0.0185837161797362,0.005913000602643337,0.31818181818181823,False,False,PASS,baseline-official-v3,v1.0.1-official-4c
official_4c_diagnostics_6b_baseline_official_v3,diagnostic,COL,UBI,mid,r3,0.0080424329990382,0.0025589559542394274,0.31818181818181823,False,False,PASS,baseline-official-v3,v1.0.1-official-4c
official_4c_diagnostics_6b_baseline_official_v3,diagnostic,COL,PEN,mid,r4,0.1240340916449477,0.03946539279611973,0.31818181818181823,False,False,PASS,baseline-official-v3,v1.0.1-official-4c
official_4c_diagnostics_6b_baseline_official_v3,diagnostic,COL,GMI:GMI_ideal_aggregate,mid,r4,-0.0243676942518618,-0.007753357261956029,0.31818181818181823,False,False,PASS,baseline-official-v3,v1.0.1-official-4c
official_4c_diagnostics_6b_baseline_official_v3,diagnostic,COL,GMI:GMI_loaded_aggregate,mid,r4,-0.0162451295012412,-0.005168904841304019,0.31818181818181823,False,False,PASS,baseline-official-v3,v1.0.1-official-4c
official_4c_diagnostics_6b_baseline_official_v3,diagnostic,COL,MUT,mid,r4,0.0356370954121661,0.011339075812961943,0.31818181818181823,False,False,PASS,baseline-official-v3,v1.0.1-official-4c
official_4c_diagnostics_6b_baseline_official_v3,diagnostic,COL,PBI,mid,r4,0.0265840366706049,0.008458557122465196,0.31818181818181823,False,False,PASS,baseline-official-v3,v1.0.1-official-4c
official_4c_diagnostics_6b_baseline_official_v3,diagnostic,COL,UBI,mid,r4,0.0111579171751931,0.0035502463739250775,0.31818181818181823,False,False,PASS,baseline-official-v3,v1.0.1-official-4c
official_4c_diagnostics_6b_baseline_official_v3,diagnostic,COL,PEN,high,r0,0.0483860544148742,0.015395562768369066,0.31818181818181823,False,False,PASS,baseline-official-v3,v1.0.1-official-4c
official_4c_diagnostics_6b_baseline_official_v3,diagnostic,COL,GMI:GMI_ideal_aggregate,high,r0,-0.0490281512240388,-0.015599866298557802,0.31818181818181823,False,False,PASS,baseline-official-v3,v1.0.1-official-4c
official_4c_diagnostics_6b_baseline_official_v3,diagnostic,COL,GMI:GMI_loaded_aggregate,high,r0,-0.0326854341493592,-0.0103999108657052,0.31818181818181823,False,False,PASS,baseline-official-v3,v1.0.1-official-4c
official_4c_diagnostics_6b_baseline_official_v3,diagnostic,COL,MUT,high,r0,0.0215536394129962,0.006857976176862428,0.31818181818181823,False,False,PASS,baseline-official-v3,v1.0.1-official-4c
official_4c_diagnostics_6b_baseline_official_v3,diagnostic,COL,PBI,high,r0,0.0176990316720991,0.005631510077486078,0.31818181818181823,False,False,PASS,baseline-official-v3,v1.0.1-official-4c
official_4c_diagnostics_6b_baseline_official_v3,diagnostic,COL,UBI,high,r0,0.0077002695075061,0.0024500857523883047,0.31818181818181823,False,False,PASS,baseline-official-v3,v1.0.1-official-4c
official_4c_diagnostics_6b_baseline_official_v3,diagnostic,COL,PEN,high,r1,0.0651244943643989,0.020721430025036017,0.31818181818181823,False,False,PASS,baseline-official-v3,v1.0.1-official-4c
official_4c_diagnostics_6b_baseline_official_v3,diagnostic,COL,GMI:GMI_ideal_aggregate,high,r1,-0.0430861854919454,-0.013709240838346267,0.31818181818181823,False,False,PASS,baseline-official-v3,v1.0.1-official-4c
official_4c_diagnostics_6b_baseline_official_v3,diagnostic,COL,GMI:GMI_loaded_aggregate,high,r1,-0.0287241236612969,-0.009139493892230833,0.31818181818181823,False,False,PASS,baseline-official-v3,v1.0.1-official-4c
official_4c_diagnostics_6b_baseline_official_v3,diagnostic,COL,MUT,high,r1,0.0245758724877674,0.007819595791562356,0.31818181818181823,False,False,PASS,baseline-official-v3,v1.0.1-official-4c
official_4c_diagnostics_6b_baseline_official_v3,diagnostic,COL,PBI,high,r1,0.0195749842065989,0.0062284040657360155,0.31818181818181823,False,False,PASS,baseline-official-v3,v1.0.1-official-4c
official_4c_diagnostics_6b_baseline_official_v3,diagnostic,COL,UBI,high,r1,0.0084242196101462,0.0026804335123192455,0.31818181818181823,False,False,PASS,baseline-official-v3,v1.0.1-official-4c
official_4c_diagnostics_6b_baseline_official_v3,diagnostic,COL,PEN,high,r2,0.0771728703125758,0.02455500419036503,0.31818181818181823,False,False,PASS,baseline-official-v3,v1.0.1-official-4c
official_4c_diagnostics_6b_baseline_official_v3,diagnostic,COL,GMI:GMI_ideal_aggregate,high,r2,-0.0394359090382211,-0.012547789239433988,0.31818181818181823,False,False,PASS,baseline-official-v3,v1.0.1-official-4c
official_4c_diagnostics_6b_baseline_official_v3,diagnostic,COL,GMI:GMI_loaded_aggregate,high,r2,-0.0262906060254808,-0.008365192826289346,0.31818181818181823,False,False,PASS,baseline-official-v3,v1.0.1-official-4c
official_4c_diagnostics_6b_baseline_official_v3,diagnostic,COL,MUT,high,r2,0.0268726264324507,0.008550381137597951,0.31818181818181823,False,False,PASS,baseline-official-v3,v1.0.1-official-4c
official_4c_diagnostics_6b_baseline_official_v3,diagnostic,COL,PBI,high,r2,0.0210415201435853,0.006695029136595324,0.31818181818181823,False,False,PASS,baseline-official-v3,v1.0.1-official-4c
official_4c_diagnostics_6b_baseline_official_v3,diagnostic,COL,UBI,high,r2,0.008998408096317,0.002863129848828137,0.31818181818181823,False,False,PASS,baseline-official-v3,v1.0.1-official-4c
official_4c_diagnostics_6b_baseline_official_v3,diagnostic,COL,PEN,high,r3,0.0493821710527082,0.01571250897131625,0.31818181818181823,False,False,PASS,baseline-official-v3,v1.0.1-official-4c
official_4c_diagnostics_6b_baseline_official_v3,diagnostic,COL,GMI:GMI_ideal_aggregate,high,r3,-0.0483780600699625,-0.01539301911316989,0.31818181818181823,False,False,PASS,baseline-official-v3,v1.0.1-official-4c
official_4c_diagnostics_6b_baseline_official_v3,diagnostic,COL,GMI:GMI_loaded_aggregate,high,r3,-0.0322520400466417,-0.01026201274211327,0.31818181818181823,False,False,PASS,baseline-official-v3,v1.0.1-official-4c
official_4c_diagnostics_6b_baseline_official_v3,diagnostic,COL,MUT,high,r3,0.0216760960615962,0.006896939655962428,0.31818181818181823,False,False,PASS,baseline-official-v3,v1.0.1-official-4c
official_4c_diagnostics_6b_baseline_official_v3,diagnostic,COL,PBI,high,r3,0.0177556952359155,0.0056495393932458424,0.31818181818181823,False,False,PASS,baseline-official-v3,v1.0.1-official-4c
official_4c_diagnostics_6b_baseline_official_v3,diagnostic,COL,UBI,high,r3,0.007718240403235,0.0024558037646656822,0.31818181818181823,False,False,PASS,baseline-official-v3,v1.0.1-official-4c
official_4c_diagnostics_6b_baseline_official_v3,diagnostic,COL,PEN,high,r4,0.1170092187521569,0.03723020596659538,0.31818181818181823,False,False,PASS,baseline-official-v3,v1.0.1-official-4c
official_4c_diagnostics_6b_baseline_official_v3,diagnostic,COL,GMI:GMI_ideal_aggregate,high,r4,-0.0264960083268255,-0.008430548103989932,0.31818181818181823,False,False,PASS,baseline-official-v3,v1.0.1-official-4c
official_4c_diagnostics_6b_baseline_official_v3,diagnostic,COL,GMI:GMI_loaded_aggregate,high,r4,-0.017664005551217,-0.005620365402659955,0.31818181818181823,False,False,PASS,baseline-official-v3,v1.0.1-official-4c
official_4c_diagnostics_6b_baseline_official_v3,diagnostic,COL,MUT,high,r4,0.0342979601961989,0.010912987335154197,0.31818181818181823,False,False,PASS,baseline-official-v3,v1.0.1-official-4c
official_4c_diagnostics_6b_baseline_official_v3,diagnostic,COL,PBI,high,r4,0.0257289647012083,0.008186488768566279,0.31818181818181823,False,False,PASS,baseline-official-v3,v1.0.1-official-4c
official_4c_diagnostics_6b_baseline_official_v3,diagnostic,COL,UBI,high,r4,0.0108231333712013,0.0034437242544731413,0.31818181818181823,False,False,PASS,baseline-official-v3,v1.0.1-official-4c
official_4c_diagnostics_6b_baseline_official_v3,diagnostic,COL,PEN,stress,r0,0.6460758689243442,0.2055695946577459,0.31818181818181823,False,False,PASS,baseline-official-v3,v1.0.1-official-4c
official_4c_diagnostics_6b_baseline_official_v3,diagnostic,COL,GMI:GMI_ideal_aggregate,stress,r0,0.132052939366006,0.042016844343729196,0.31818181818181823,False,False,PASS,baseline-official-v3,v1.0.1-official-4c
official_4c_diagnostics_6b_baseline_official_v3,diagnostic,COL,GMI:GMI_loaded_aggregate,stress,r0,0.0880352929106706,0.0280112295624861,0.31818181818181823,False,False,PASS,baseline-official-v3,v1.0.1-official-4c
official_4c_diagnostics_6b_baseline_official_v3,diagnostic,COL,MUT,stress,r0,0.1354898616122524,0.04311041051298941,0.31818181818181823,False,False,PASS,baseline-official-v3,v1.0.1-official-4c
official_4c_diagnostics_6b_baseline_official_v3,diagnostic,COL,PBI,stress,r0,0.0904502137334005,0.028779613460627435,0.31818181818181823,False,False,PASS,baseline-official-v3,v1.0.1-official-4c
official_4c_diagnostics_6b_baseline_official_v3,diagnostic,COL,UBI,stress,r0,0.0361843250573202,0.011513194336420066,0.31818181818181823,False,False,PASS,baseline-official-v3,v1.0.1-official-4c
official_4c_diagnostics_6b_baseline_official_v3,diagnostic,COL,PEN,stress,r1,0.6983409435435907,0.22219939112750617,0.31818181818181823,False,False,PASS,baseline-official-v3,v1.0.1-official-4c
official_4c_diagnostics_6b_baseline_official_v3,diagnostic,COL,GMI:GMI_ideal_aggregate,stress,r1,0.1487583506091578,0.04733220246655021,0.31818181818181823,False,False,PASS,baseline-official-v3,v1.0.1-official-4c
official_4c_diagnostics_6b_baseline_official_v3,diagnostic,COL,GMI:GMI_loaded_aggregate,stress,r1,0.0991722337394385,0.031554801644366796,0.31818181818181823,False,False,PASS,baseline-official-v3,v1.0.1-official-4c
official_4c_diagnostics_6b_baseline_official_v3,diagnostic,COL,MUT,stress,r1,0.1452844546025816,0.046226871919003244,0.31818181818181823,False,False,PASS,baseline-official-v3,v1.0.1-official-4c
official_4c_diagnostics_6b_baseline_official_v3,diagnostic,COL,PBI,stress,r1,0.0966504906986312,0.030752428858655388,0.31818181818181823,False,False,PASS,baseline-official-v3,v1.0.1-official-4c
official_4c_diagnostics_6b_baseline_official_v3,diagnostic,COL,UBI,stress,r1,0.0386013651388497,0.012282252544179452,0.31818181818181823,False,False,PASS,baseline-official-v3,v1.0.1-official-4c
official_4c_diagnostics_6b_baseline_official_v3,diagnostic,COL,PEN,stress,r2,0.7404766533060511,0.2356062078701072,0.31818181818181823,False,False,PASS,baseline-official-v3,v1.0.1-official-4c
official_4c_diagnostics_6b_baseline_official_v3,diagnostic,COL,GMI:GMI_ideal_aggregate,stress,r2,0.1615241366261638,0.05139404347196122,0.31818181818181823,False,False,PASS,baseline-official-v3,v1.0.1-official-4c
official_4c_diagnostics_6b_baseline_official_v3,diagnostic,COL,GMI:GMI_loaded_aggregate,stress,r2,0.1076827577507759,0.034262695647974156,0.31818181818181823,False,False,PASS,baseline-official-v3,v1.0.1-official-4c
official_4c_diagnostics_6b_baseline_official_v3,diagnostic,COL,MUT,stress,r2,0.1533166871644818,0.04878258227960785,0.31818181818181823,False,False,PASS,baseline-official-v3,v1.0.1-official-4c
official_4c_diagnostics_6b_baseline_official_v3,diagnostic,COL,PBI,stress,r2,0.101779275927683,0.03238431506789914,0.31818181818181823,False,False,PASS,baseline-official-v3,v1.0.1-official-4c
official_4c_diagnostics_6b_baseline_official_v3,diagnostic,COL,UBI,stress,r2,0.0406094232793248,0.01292118013433062,0.31818181818181823,False,False,PASS,baseline-official-v3,v1.0.1-official-4c
official_4c_diagnostics_6b_baseline_official_v3,diagnostic,COL,PEN,stress,r3,0.6694699400129085,0.21301316273138002,0.31818181818181823,False,False,PASS,baseline-official-v3,v1.0.1-official-4c
official_4c_diagnostics_6b_baseline_official_v3,diagnostic,COL,GMI:GMI_ideal_aggregate,stress,r3,0.1394889015864197,0.044382832322951725,0.31818181818181823,False,False,PASS,baseline-official-v3,v1.0.1-official-4c
official_4c_diagnostics_6b_baseline_official_v3,diagnostic,COL,GMI:GMI_loaded_aggregate,stress,r3,0.0929926010576132,0.029588554881967842,0.31818181818181823,False,False,PASS,baseline-official-v3,v1.0.1-official-4c
official_4c_diagnostics_6b_baseline_official_v3,diagnostic,COL,MUT,stress,r3,0.1398819883357919,0.04450790537957016,0.31818181818181823,False,False,PASS,baseline-official-v3,v1.0.1-official-4c
official_4c_diagnostics_6b_baseline_official_v3,diagnostic,COL,PBI,stress,r3,0.0932331704721861,0.02966509969569558,0.31818181818181823,False,False,PASS,baseline-official-v3,v1.0.1-official-4c
official_4c_diagnostics_6b_baseline_official_v3,diagnostic,COL,UBI,stress,r3,0.037269713471784,0.011858545195567637,0.31818181818181823,False,False,PASS,baseline-official-v3,v1.0.1-official-4c
official_4c_diagnostics_6b_baseline_official_v3,diagnostic,COL,PEN,stress,r4,0.90729054746623,0.2886833560119823,0.31818181818181823,False,False,PASS,baseline-official-v3,v1.0.1-official-4c
official_4c_diagnostics_6b_baseline_official_v3,diagnostic,COL,GMI:GMI_ideal_aggregate,stress,r4,0.212934213508127,0.06775179520713133,0.31818181818181823,False,False,PASS,baseline-official-v3,v1.0.1-official-4c
official_4c_diagnostics_6b_baseline_official_v3,diagnostic,COL,GMI:GMI_loaded_aggregate,stress,r4,0.1419561423387513,0.04516786347142088,0.31818181818181823,False,False,PASS,baseline-official-v3,v1.0.1-official-4c
official_4c_diagnostics_6b_baseline_official_v3,diagnostic,COL,MUT,stress,r4,0.184947455774751,0.05884691774651169,0.31818181818181823,False,False,PASS,baseline-official-v3,v1.0.1-official-4c
official_4c_diagnostics_6b_baseline_official_v3,diagnostic,COL,PBI,stress,r4,0.1219225076213106,0.0387935251522352,0.31818181818181823,False,False,PASS,baseline-official-v3,v1.0.1-official-4c
official_4c_diagnostics_6b_baseline_official_v3,diagnostic,COL,UBI,stress,r4,0.0484855072658394,0.01542720685731254,0.31818181818181823,False,False,PASS,baseline-official-v3,v1.0.1-official-4c
official_4c_diagnostics_6b_baseline_official_v3,diagnostic,MEX,PEN,low,r0,-0.0833624570251337,-0.026524418144360726,0.31818181818181823,False,False,PASS,baseline-official-v3,v1.0.1-official-4c
official_4c_diagnostics_6b_baseline_official_v3,diagnostic,MEX,GMI:GMI_ideal_aggregate,low,r0,-0.3196776473367327,-0.10171561506168769,0.31818181818181823,False,False,PASS,baseline-official-v3,v1.0.1-official-4c
official_4c_diagnostics_6b_baseline_official_v3,diagnostic,MEX,GMI:GMI_loaded_aggregate,low,r0,-0.2131184315578218,-0.06781041004112513,0.31818181818181823,False,False,PASS,baseline-official-v3,v1.0.1-official-4c
official_4c_diagnostics_6b_baseline_official_v3,diagnostic,MEX,MUT,low,r0,-0.0189304474759186,-0.006023324196883191,0.31818181818181823,False,False,PASS,baseline-official-v3,v1.0.1-official-4c
official_4c_diagnostics_6b_baseline_official_v3,diagnostic,MEX,PBI,low,r0,-0.0077180236196651,-0.0024557347880752593,0.31818181818181823,False,False,PASS,baseline-official-v3,v1.0.1-official-4c
official_4c_diagnostics_6b_baseline_official_v3,diagnostic,MEX,UBI,low,r0,-0.0019573017112317,-0.0006227778172100865,0.31818181818181823,False,False,PASS,baseline-official-v3,v1.0.1-official-4c
official_4c_diagnostics_6b_baseline_official_v3,diagnostic,MEX,PEN,low,r1,-0.0816071237923369,-0.02596590302483447,0.31818181818181823,False,False,PASS,baseline-official-v3,v1.0.1-official-4c
official_4c_diagnostics_6b_baseline_official_v3,diagnostic,MEX,GMI:GMI_ideal_aggregate,low,r1,-0.3143339357195579,-0.10001534318349573,0.31818181818181823,False,False,PASS,baseline-official-v3,v1.0.1-official-4c
official_4c_diagnostics_6b_baseline_official_v3,diagnostic,MEX,GMI:GMI_loaded_aggregate,low,r1,-0.2095559571463719,-0.0666768954556638,0.31818181818181823,False,False,PASS,baseline-official-v3,v1.0.1-official-4c
official_4c_diagnostics_6b_baseline_official_v3,diagnostic,MEX,MUT,low,r1,-0.0184225336712295,-0.005861715259027569,0.31818181818181823,False,False,PASS,baseline-official-v3,v1.0.1-official-4c
official_4c_diagnostics_6b_baseline_official_v3,diagnostic,MEX,PBI,low,r1,-0.0074457562854212,-0.0023691042726340186,0.31818181818181823,False,False,PASS,baseline-official-v3,v1.0.1-official-4c
official_4c_diagnostics_6b_baseline_official_v3,diagnostic,MEX,UBI,low,r1,-0.0018682678057642,-0.0005944488472886092,0.31818181818181823,False,False,PASS,baseline-official-v3,v1.0.1-official-4c
official_4c_diagnostics_6b_baseline_official_v3,diagnostic,MEX,PEN,low,r2,-0.0804773742617842,-0.025606437265113156,0.31818181818181823,False,False,PASS,baseline-official-v3,v1.0.1-official-4c
official_4c_diagnostics_6b_baseline_official_v3,diagnostic,MEX,GMI:GMI_ideal_aggregate,low,r2,-0.3125482085842074,-0.09944715727679328,0.31818181818181823,False,False,PASS,baseline-official-v3,v1.0.1-official-4c
official_4c_diagnostics_6b_baseline_official_v3,diagnostic,MEX,GMI:GMI_loaded_aggregate,low,r2,-0.2083654723894716,-0.06629810485119551,0.31818181818181823,False,False,PASS,baseline-official-v3,v1.0.1-official-4c
official_4c_diagnostics_6b_baseline_official_v3,diagnostic,MEX,MUT,low,r2,-0.0179653875245798,-0.005716259666911755,0.31818181818181823,False,False,PASS,baseline-official-v3,v1.0.1-official-4c
official_4c_diagnostics_6b_baseline_official_v3,diagnostic,MEX,PBI,low,r2,-0.0071397388591256,-0.002271735091539964,0.31818181818181823,False,False,PASS,baseline-official-v3,v1.0.1-official-4c
official_4c_diagnostics_6b_baseline_official_v3,diagnostic,MEX,UBI,low,r2,-0.0017539812691018,-0.0005580849492596637,0.31818181818181823,False,False,PASS,baseline-official-v3,v1.0.1-official-4c
official_4c_diagnostics_6b_baseline_official_v3,diagnostic,MEX,PEN,low,r3,-0.0847286366780998,-0.026959111670304483,0.31818181818181823,False,False,PASS,baseline-official-v3,v1.0.1-official-4c
official_4c_diagnostics_6b_baseline_official_v3,diagnostic,MEX,GMI:GMI_ideal_aggregate,low,r3,-0.3208094205672378,-0.10207572472593933,0.31818181818181823,False,False,PASS,baseline-official-v3,v1.0.1-official-4c
official_4c_diagnostics_6b_baseline_official_v3,diagnostic,MEX,GMI:GMI_loaded_aggregate,low,r3,-0.2138729470448252,-0.06805048315062621,0.31818181818181823,False,False,PASS,baseline-official-v3,v1.0.1-official-4c
official_4c_diagnostics_6b_baseline_official_v3,diagnostic,MEX,MUT,low,r3,-0.019564211970651,-0.006224976536116228,0.31818181818181823,False,False,PASS,baseline-official-v3,v1.0.1-official-4c
official_4c_diagnostics_6b_baseline_official_v3,diagnostic,MEX,PBI,low,r3,-0.008169364588195,-0.0025993432780620457,0.31818181818181823,False,False,PASS,baseline-official-v3,v1.0.1-official-4c
official_4c_diagnostics_6b_baseline_official_v3,diagnostic,MEX,UBI,low,r3,-0.0021309206531967,-0.0006780202078353137,0.31818181818181823,False,False,PASS,baseline-official-v3,v1.0.1-official-4c
official_4c_diagnostics_6b_baseline_official_v3,diagnostic,MEX,PEN,low,r4,-0.076738905651923,-0.024416924525611866,0.31818181818181823,False,False,PASS,baseline-official-v3,v1.0.1-official-4c
official_4c_diagnostics_6b_baseline_official_v3,diagnostic,MEX,GMI:GMI_ideal_aggregate,low,r4,-0.304069874150093,-0.09674950541139325,0.31818181818181823,False,False,PASS,baseline-official-v3,v1.0.1-official-4c
official_4c_diagnostics_6b_baseline_official_v3,diagnostic,MEX,GMI:GMI_loaded_aggregate,low,r4,-0.2027132494333954,-0.06449967027426218,0.31818181818181823,False,False,PASS,baseline-official-v3,v1.0.1-official-4c
official_4c_diagnostics_6b_baseline_official_v3,diagnostic,MEX,MUT,low,r4,-0.0166550102787542,-0.005299321452330883,0.31818181818181823,False,False,PASS,baseline-official-v3,v1.0.1-official-4c
official_4c_diagnostics_6b_baseline_official_v3,diagnostic,MEX,PBI,low,r4,-0.0063302958344541,-0.0020141850382353957,0.31818181818181823,False,False,PASS,baseline-official-v3,v1.0.1-official-4c
official_4c_diagnostics_6b_baseline_official_v3,diagnostic,MEX,UBI,low,r4,-0.0014643315033502,-0.0004659236601568819,0.31818181818181823,False,False,PASS,baseline-official-v3,v1.0.1-official-4c
official_4c_diagnostics_6b_baseline_official_v3,diagnostic,MEX,PEN,mid,r0,0.0650294871158911,0.02069120044596535,0.31818181818181823,False,False,PASS,baseline-official-v3,v1.0.1-official-4c
official_4c_diagnostics_6b_baseline_official_v3,diagnostic,MEX,GMI:GMI_ideal_aggregate,mid,r0,-0.0851234261100203,-0.02708472648955192,0.31818181818181823,False,False,PASS,baseline-official-v3,v1.0.1-official-4c
official_4c_diagnostics_6b_baseline_official_v3,diagnostic,MEX,GMI:GMI_loaded_aggregate,mid,r0,-0.0567489507400135,-0.018056484326367934,0.31818181818181823,False,False,PASS,baseline-official-v3,v1.0.1-official-4c
official_4c_diagnostics_6b_baseline_official_v3,diagnostic,MEX,MUT,mid,r0,0.0411154331581197,0.013082183277583542,0.31818181818181823,False,False,PASS,baseline-official-v3,v1.0.1-official-4c
official_4c_diagnostics_6b_baseline_official_v3,diagnostic,MEX,PBI,mid,r0,0.0324771874434579,0.010333650550191151,0.31818181818181823,False,False,PASS,baseline-official-v3,v1.0.1-official-4c
official_4c_diagnostics_6b_baseline_official_v3,diagnostic,MEX,UBI,mid,r0,0.0130541684472778,0.0041535990514065734,0.31818181818181823,False,False,PASS,baseline-official-v3,v1.0.1-official-4c
official_4c_diagnostics_6b_baseline_official_v3,diagnostic,MEX,PEN,mid,r1,0.0695556132643393,0.02213133149319887,0.31818181818181823,False,False,PASS,baseline-official-v3,v1.0.1-official-4c
official_4c_diagnostics_6b_baseline_official_v3,diagnostic,MEX,GMI:GMI_ideal_aggregate,mid,r1,-0.0754000887774936,-0.02399093733829342,0.31818181818181823,False,False,PASS,baseline-official-v3,v1.0.1-official-4c
official_4c_diagnostics_6b_baseline_official_v3,diagnostic,MEX,GMI:GMI_loaded_aggregate,mid,r1,-0.0502667258516624,-0.01599395822552895,0.31818181818181823,False,False,PASS,baseline-official-v3,v1.0.1-official-4c
official_4c_diagnostics_6b_baseline_official_v3,diagnostic,MEX,MUT,mid,r1,0.0427445311459388,0.013600532637344166,0.31818181818181823,False,False,PASS,baseline-official-v3,v1.0.1-official-4c
official_4c_diagnostics_6b_baseline_official_v3,diagnostic,MEX,PBI,mid,r1,0.0334999847791888,0.010659086066105529,0.31818181818181823,False,False,PASS,baseline-official-v3,v1.0.1-official-4c
official_4c_diagnostics_6b_baseline_official_v3,diagnostic,MEX,UBI,mid,r1,0.0134234983985278,0.0042711131268043006,0.31818181818181823,False,False,PASS,baseline-official-v3,v1.0.1-official-4c
official_4c_diagnostics_6b_baseline_official_v3,diagnostic,MEX,PEN,mid,r2,0.0773443227752085,0.024609557246657254,0.31818181818181823,False,False,PASS,baseline-official-v3,v1.0.1-official-4c
official_4c_diagnostics_6b_baseline_official_v3,diagnostic,MEX,GMI:GMI_ideal_aggregate,mid,r2,-0.0630889440973832,-0.020073754940076478,0.31818181818181823,False,False,PASS,baseline-official-v3,v1.0.1-official-4c
official_4c_diagnostics_6b_baseline_official_v3,diagnostic,MEX,GMI:GMI_loaded_aggregate,mid,r2,-0.0420592960649221,-0.013382503293384307,0.31818181818181823,False,False,PASS,baseline-official-v3,v1.0.1-official-4c
official_4c_diagnostics_6b_baseline_official_v3,diagnostic,MEX,MUT,mid,r2,0.0458961841840471,0.014603331331287715,0.31818181818181823,False,False,PASS,baseline-official-v3,v1.0.1-official-4c
official_4c_diagnostics_6b_baseline_official_v3,diagnostic,MEX,PBI,mid,r2,0.0356097274913755,0.011330367838164932,0.31818181818181823,False,False,PASS,baseline-official-v3,v1.0.1-official-4c
official_4c_diagnostics_6b_baseline_official_v3,diagnostic,MEX,UBI,mid,r2,0.0142114116580549,0.004521812800290196,0.31818181818181823,False,False,PASS,baseline-official-v3,v1.0.1-official-4c
official_4c_diagnostics_6b_baseline_official_v3,diagnostic,MEX,PEN,mid,r3,0.0562842386355823,0.017908621384048917,0.31818181818181823,False,False,PASS,baseline-official-v3,v1.0.1-official-4c
official_4c_diagnostics_6b_baseline_official_v3,diagnostic,MEX,GMI:GMI_ideal_aggregate,mid,r3,-0.0979188496295925,-0.031155997609415804,0.31818181818181823,False,False,PASS,baseline-official-v3,v1.0.1-official-4c
official_4c_diagnostics_6b_baseline_official_v3,diagnostic,MEX,GMI:GMI_loaded_aggregate,mid,r3,-0.065279233086395,-0.020770665072943863,0.31818181818181823,False,False,PASS,baseline-official-v3,v1.0.1-official-4c
official_4c_diagnostics_6b_baseline_official_v3,diagnostic,MEX,MUT,mid,r3,0.0374957741893862,0.011930473605713792,0.31818181818181823,False,False,PASS,baseline-official-v3,v1.0.1-official-4c
official_4c_diagnostics_6b_baseline_official_v3,diagnostic,MEX,PBI,mid,r3,0.0300270639218638,0.009554065793320302,0.31818181818181823,False,False,PASS,baseline-official-v3,v1.0.1-official-4c
official_4c_diagnostics_6b_baseline_official_v3,diagnostic,MEX,UBI,mid,r3,0.0121340758868125,0.0038608423276221596,0.31818181818181823,False,False,PASS,baseline-official-v3,v1.0.1-official-4c
official_4c_diagnostics_6b_baseline_official_v3,diagnostic,MEX,PEN,mid,r4,0.0983807139019526,0.03130295442334856,0.31818181818181823,False,False,PASS,baseline-official-v3,v1.0.1-official-4c
official_4c_diagnostics_6b_baseline_official_v3,diagnostic,MEX,GMI:GMI_ideal_aggregate,mid,r4,-0.0272688239061417,-0.008676443970135997,0.31818181818181823,False,False,PASS,baseline-official-v3,v1.0.1-official-4c
official_4c_diagnostics_6b_baseline_official_v3,diagnostic,MEX,GMI:GMI_loaded_aggregate,mid,r4,-0.0181792159374278,-0.005784295980090665,0.31818181818181823,False,False,PASS,baseline-official-v3,v1.0.1-official-4c
official_4c_diagnostics_6b_baseline_official_v3,diagnostic,MEX,MUT,mid,r4,0.0542060585836972,0.017247382276630932,0.31818181818181823,False,False,PASS,baseline-official-v3,v1.0.1-official-4c
official_4c_diagnostics_6b_baseline_official_v3,diagnostic,MEX,PBI,mid,r4,0.0411046920283124,0.01307876564537213,0.31818181818181823,False,False,PASS,baseline-official-v3,v1.0.1-official-4c
official_4c_diagnostics_6b_baseline_official_v3,diagnostic,MEX,UBI,mid,r4,0.0162509357122626,0.005170752272083555,0.31818181818181823,False,False,PASS,baseline-official-v3,v1.0.1-official-4c
official_4c_diagnostics_6b_baseline_official_v3,diagnostic,MEX,PEN,high,r0,0.0153488145821723,0.004883713730691188,0.31818181818181823,False,False,PASS,baseline-official-v3,v1.0.1-official-4c
official_4c_diagnostics_6b_baseline_official_v3,diagnostic,MEX,GMI:GMI_ideal_aggregate,high,r0,-0.1636506771924068,-0.05207067001576581,0.31818181818181823,False,False,PASS,baseline-official-v3,v1.0.1-official-4c
official_4c_diagnostics_6b_baseline_official_v3,diagnostic,MEX,GMI:GMI_loaded_aggregate,high,r0,-0.1091004514616045,-0.03471378001051053,0.31818181818181823,False,False,PASS,baseline-official-v3,v1.0.1-official-4c
official_4c_diagnostics_6b_baseline_official_v3,diagnostic,MEX,MUT,high,r0,0.0210124568810288,0.0066857817348728015,0.31818181818181823,False,False,PASS,baseline-official-v3,v1.0.1-official-4c
official_4c_diagnostics_6b_baseline_official_v3,diagnostic,MEX,PBI,high,r0,0.0190200882066358,0.006051846247565937,0.31818181818181823,False,False,PASS,baseline-official-v3,v1.0.1-official-4c
official_4c_diagnostics_6b_baseline_official_v3,diagnostic,MEX,UBI,high,r0,0.008028424378005,0.002554498665728864,0.31818181818181823,False,False,PASS,baseline-official-v3,v1.0.1-official-4c
official_4c_diagnostics_6b_baseline_official_v3,diagnostic,MEX,PEN,high,r1,0.0188405411536391,0.00599471763979426,0.31818181818181823,False,False,PASS,baseline-official-v3,v1.0.1-official-4c
official_4c_diagnostics_6b_baseline_official_v3,diagnostic,MEX,GMI:GMI_ideal_aggregate,high,r1,-0.1555623530583428,-0.04949711233674544,0.31818181818181823,False,False,PASS,baseline-official-v3,v1.0.1-official-4c
official_4c_diagnostics_6b_baseline_official_v3,diagnostic,MEX,GMI:GMI_loaded_aggregate,high,r1,-0.1037082353722285,-0.03299807489116362,0.31818181818181823,False,False,PASS,baseline-official-v3,v1.0.1-official-4c
official_4c_diagnostics_6b_baseline_official_v3,diagnostic,MEX,MUT,high,r1,0.0222229914900415,0.007070951837740479,0.31818181818181823,False,False,PASS,baseline-official-v3,v1.0.1-official-4c
official_4c_diagnostics_6b_baseline_official_v3,diagnostic,MEX,PBI,high,r1,0.0197626957412218,0.0062881304631160284,0.31818181818181823,False,False,PASS,baseline-official-v3,v1.0.1-official-4c
official_4c_diagnostics_6b_baseline_official_v3,diagnostic,MEX,UBI,high,r1,0.0082931134845534,0.002638717926903355,0.31818181818181823,False,False,PASS,baseline-official-v3,v1.0.1-official-4c
official_4c_diagnostics_6b_baseline_official_v3,diagnostic,MEX,PEN,high,r2,0.0243956146669683,0.007762241030399006,0.31818181818181823,False,False,PASS,baseline-official-v3,v1.0.1-official-4c
official_4c_diagnostics_6b_baseline_official_v3,diagnostic,MEX,GMI:GMI_ideal_aggregate,high,r2,-0.1467817824598621,-0.04670329441904704,0.31818181818181823,False,False,PASS,baseline-official-v3,v1.0.1-official-4c
official_4c_diagnostics_6b_baseline_official_v3,diagnostic,MEX,GMI:GMI_loaded_aggregate,high,r2,-0.0978545216399081,-0.031135529612698037,0.31818181818181823,False,False,PASS,baseline-official-v3,v1.0.1-official-4c
official_4c_diagnostics_6b_baseline_official_v3,diagnostic,MEX,MUT,high,r2,0.0244708175632525,0.007786169224671251,0.31818181818181823,False,False,PASS,baseline-official-v3,v1.0.1-official-4c
official_4c_diagnostics_6b_baseline_official_v3,diagnostic,MEX,PBI,high,r2,0.0212674091785445,0.006766902920445978,0.31818181818181823,False,False,PASS,baseline-official-v3,v1.0.1-official-4c
official_4c_diagnostics_6b_baseline_official_v3,diagnostic,MEX,UBI,high,r2,0.0088550700028562,0.0028175222736360637,0.31818181818181823,False,False,PASS,baseline-official-v3,v1.0.1-official-4c
official_4c_diagnostics_6b_baseline_official_v3,diagnostic,MEX,PEN,high,r3,0.0109625491547282,0.003488083821958973,0.31818181818181823,False,False,PASS,baseline-official-v3,v1.0.1-official-4c
official_4c_diagnostics_6b_baseline_official_v3,diagnostic,MEX,GMI:GMI_ideal_aggregate,high,r3,-0.169556118366755,-0.05394967402578569,0.31818181818181823,False,False,PASS,baseline-official-v3,v1.0.1-official-4c
official_4c_diagnostics_6b_baseline_official_v3,diagnostic,MEX,GMI:GMI_loaded_aggregate,high,r3,-0.1130374122445033,-0.03596644935052378,0.31818181818181823,False,False,PASS,baseline-official-v3,v1.0.1-official-4c
official_4c_diagnostics_6b_baseline_official_v3,diagnostic,MEX,MUT,high,r3,0.0191566333926725,0.00609529244312307,0.31818181818181823,False,False,PASS,baseline-official-v3,v1.0.1-official-4c
official_4c_diagnostics_6b_baseline_official_v3,diagnostic,MEX,PBI,high,r3,0.0177506908009013,0.005647947073014051,0.31818181818181823,False,False,PASS,baseline-official-v3,v1.0.1-official-4c
official_4c_diagnostics_6b_baseline_official_v3,diagnostic,MEX,UBI,high,r3,0.0075492906876341,0.002402047036974487,0.31818181818181823,False,False,PASS,baseline-official-v3,v1.0.1-official-4c
official_4c_diagnostics_6b_baseline_official_v3,diagnostic,MEX,PEN,high,r4,0.0427457213401088,0.013600911335489166,0.31818181818181823,False,False,PASS,baseline-official-v3,v1.0.1-official-4c
official_4c_diagnostics_6b_baseline_official_v3,diagnostic,MEX,GMI:GMI_ideal_aggregate,high,r4,-0.1152077105406859,-0.036656998808400065,0.31818181818181823,False,False,PASS,baseline-official-v3,v1.0.1-official-4c
official_4c_diagnostics_6b_baseline_official_v3,diagnostic,MEX,GMI:GMI_loaded_aggregate,high,r4,-0.0768051403604573,-0.024437999205600053,0.31818181818181823,False,False,PASS,baseline-official-v3,v1.0.1-official-4c
official_4c_diagnostics_6b_baseline_official_v3,diagnostic,MEX,MUT,high,r4,0.0316937036052539,0.010084360238035333,0.31818181818181823,False,False,PASS,baseline-official-v3,v1.0.1-official-4c
official_4c_diagnostics_6b_baseline_official_v3,diagnostic,MEX,PBI,high,r4,0.0260347346835029,0.008283779217478197,0.31818181818181823,False,False,PASS,baseline-official-v3,v1.0.1-official-4c
official_4c_diagnostics_6b_baseline_official_v3,diagnostic,MEX,UBI,high,r4,0.0106228469676518,0.0033799967624346646,0.31818181818181823,False,False,PASS,baseline-official-v3,v1.0.1-official-4c
official_4c_diagnostics_6b_baseline_official_v3,diagnostic,MEX,PEN,stress,r0,0.4837620644926618,0.15392429324766513,0.31818181818181823,False,False,PASS,baseline-official-v3,v1.0.1-official-4c
official_4c_diagnostics_6b_baseline_official_v3,diagnostic,MEX,GMI:GMI_ideal_aggregate,stress,r0,0.5767419747201149,0.1835088101382184,0.31818181818181823,False,False,PASS,baseline-official-v3,v1.0.1-official-4c
official_4c_diagnostics_6b_baseline_official_v3,diagnostic,MEX,GMI:GMI_loaded_aggregate,stress,r0,0.38449464981341,0.1223392067588123,0.31818181818181823,False,False,PASS,baseline-official-v3,v1.0.1-official-4c
official_4c_diagnostics_6b_baseline_official_v3,diagnostic,MEX,MUT,stress,r0,0.2105529757706344,0.06699412865429277,0.31818181818181823,False,False,PASS,baseline-official-v3,v1.0.1-official-4c
official_4c_diagnostics_6b_baseline_official_v3,diagnostic,MEX,PBI,stress,r0,0.1459000853244194,0.04642275442140618,0.31818181818181823,False,False,PASS,baseline-official-v3,v1.0.1-official-4c
official_4c_diagnostics_6b_baseline_official_v3,diagnostic,MEX,UBI,stress,r0,0.0554135541004064,0.01763158539558386,0.31818181818181823,False,False,PASS,baseline-official-v3,v1.0.1-official-4c
official_4c_diagnostics_6b_baseline_official_v3,diagnostic,MEX,PEN,stress,r1,0.4949543127310418,0.15748546314169515,0.31818181818181823,False,False,PASS,baseline-official-v3,v1.0.1-official-4c
official_4c_diagnostics_6b_baseline_official_v3,diagnostic,MEX,GMI:GMI_ideal_aggregate,stress,r1,0.5970020503133129,0.1899551978269632,0.31818181818181823,False,False,PASS,baseline-official-v3,v1.0.1-official-4c
official_4c_diagnostics_6b_baseline_official_v3,diagnostic,MEX,GMI:GMI_loaded_aggregate,stress,r1,0.398001366875542,0.12663679855130883,0.31818181818181823,False,False,PASS,baseline-official-v3,v1.0.1-official-4c
official_4c_diagnostics_6b_baseline_official_v3,diagnostic,MEX,MUT,stress,r1,0.2148794787531854,0.06837074323964991,0.31818181818181823,False,False,PASS,baseline-official-v3,v1.0.1-official-4c
official_4c_diagnostics_6b_baseline_official_v3,diagnostic,MEX,PBI,stress,r1,0.1487285479604358,0.047322719805593216,0.31818181818181823,False,False,PASS,baseline-official-v3,v1.0.1-official-4c
official_4c_diagnostics_6b_baseline_official_v3,diagnostic,MEX,UBI,stress,r1,0.0564572353003394,0.017963665777380722,0.31818181818181823,False,False,PASS,baseline-official-v3,v1.0.1-official-4c
official_4c_diagnostics_6b_baseline_official_v3,diagnostic,MEX,PEN,stress,r2,0.5214873067941956,0.1659277794345168,0.31818181818181823,False,False,PASS,baseline-official-v3,v1.0.1-official-4c
official_4c_diagnostics_6b_baseline_official_v3,diagnostic,MEX,GMI:GMI_ideal_aggregate,stress,r2,0.6389411582299903,0.20329945943681513,0.31818181818181823,False,False,PASS,baseline-official-v3,v1.0.1-official-4c
official_4c_diagnostics_6b_baseline_official_v3,diagnostic,MEX,GMI:GMI_loaded_aggregate,stress,r2,0.4259607721533269,0.13553297295787675,0.31818181818181823,False,False,PASS,baseline-official-v3,v1.0.1-official-4c
official_4c_diagnostics_6b_baseline_official_v3,diagnostic,MEX,MUT,stress,r2,0.2256158903798548,0.07178687421177199,0.31818181818181823,False,False,PASS,baseline-official-v3,v1.0.1-official-4c
official_4c_diagnostics_6b_baseline_official_v3,diagnostic,MEX,PBI,stress,r2,0.1559155910487823,0.04960950624279438,0.31818181818181823,False,False,PASS,baseline-official-v3,v1.0.1-official-4c
official_4c_diagnostics_6b_baseline_official_v3,diagnostic,MEX,UBI,stress,r2,0.0591413382070068,0.018817698520411257,0.31818181818181823,False,False,PASS,baseline-official-v3,v1.0.1-official-4c
official_4c_diagnostics_6b_baseline_official_v3,diagnostic,MEX,PEN,stress,r3,0.4745824374452791,0.15100350282349792,0.31818181818181823,False,False,PASS,baseline-official-v3,v1.0.1-official-4c
official_4c_diagnostics_6b_baseline_official_v3,diagnostic,MEX,GMI:GMI_ideal_aggregate,stress,r3,0.56325995512481,0.1792190766306214,0.31818181818181823,False,False,PASS,baseline-official-v3,v1.0.1-official-4c
official_4c_diagnostics_6b_baseline_official_v3,diagnostic,MEX,GMI:GMI_loaded_aggregate,stress,r3,0.3755066367498733,0.11947938442041424,0.31818181818181823,False,False,PASS,baseline-official-v3,v1.0.1-official-4c
official_4c_diagnostics_6b_baseline_official_v3,diagnostic,MEX,MUT,stress,r3,0.2067575482065132,0.0657864926111633,0.31818181818181823,False,False,PASS,baseline-official-v3,v1.0.1-official-4c
official_4c_diagnostics_6b_baseline_official_v3,diagnostic,MEX,PBI,stress,r3,0.1433323008456493,0.045605732087252056,0.31818181818181823,False,False,PASS,baseline-official-v3,v1.0.1-official-4c
official_4c_diagnostics_6b_baseline_official_v3,diagnostic,MEX,UBI,stress,r3,0.0544495193910942,0.01732484707898452,0.31818181818181823,False,False,PASS,baseline-official-v3,v1.0.1-official-4c
official_4c_diagnostics_6b_baseline_official_v3,diagnostic,MEX,PEN,stress,r4,0.6248551190503272,0.1988175378796496,0.31818181818181823,False,False,PASS,baseline-official-v3,v1.0.1-official-4c
official_4c_diagnostics_6b_baseline_official_v3,diagnostic,MEX,GMI:GMI_ideal_aggregate,stress,r4,0.804897604063947,0.25610378311125587,0.31818181818181823,False,False,PASS,baseline-official-v3,v1.0.1-official-4c
official_4c_diagnostics_6b_baseline_official_v3,diagnostic,MEX,GMI:GMI_loaded_aggregate,stress,r4,0.536598402709298,0.17073585540750394,0.31818181818181823,False,False,PASS,baseline-official-v3,v1.0.1-official-4c
official_4c_diagnostics_6b_baseline_official_v3,diagnostic,MEX,MUT,stress,r4,0.2672406641440399,0.08503112040946725,0.31818181818181823,False,False,PASS,baseline-official-v3,v1.0.1-official-4c
official_4c_diagnostics_6b_baseline_official_v3,diagnostic,MEX,PBI,stress,r4,0.1837118258371391,0.05845376276636245,0.31818181818181823,False,False,PASS,baseline-official-v3,v1.0.1-official-4c
official_4c_diagnostics_6b_baseline_official_v3,diagnostic,MEX,UBI,stress,r4,0.0695095871023483,0.02211668680529264,0.31818181818181823,False,False,PASS,baseline-official-v3,v1.0.1-official-4c
