run_id,country_id,policy_variant_id,scenario_id,regime_id,parameter_name,parameter_country_id,parameter_scenario_id,parameter_policy_id,parameter_regime_id,spearman_rho_with_v_gross,abs_spearman_rho,parameter_p10,parameter_p90,v_gross_at_parameter_p10_others_central,v_gross_at_parameter_p90_others_central,tornado_abs_range,parameter_set_id,dataset_version,rank_within_cell
official_4c_tierB_mc_baseline_official_v3,CHL,GMI:GMI_ideal_aggregate,mid,r0,phi_raw_mid,,mid,,,0.6447794844151792,0.6447794844151792,0.0033623763790027006,0.0051462313425142785,-0.4943913900020135,0.5742143992994916,1.068605789301505,baseline-official-v3,v1.0.1-official-4c,1
official_4c_tierB_mc_baseline_official_v3,CHL,GMI:GMI_ideal_aggregate,mid,r0,E_prod_frontier,,,,,-0.4430377398335096,0.4430377398335096,0.12069628939452977,0.163585990418665,0.029877676574102462,-0.6354951783152265,0.665372854889329,baseline-official-v3,v1.0.1-official-4c,2
official_4c_tierB_mc_baseline_official_v3,CHL,GMI:GMI_ideal_aggregate,mid,r0,q_use_target,CHL,,,,0.4296389804175592,0.4296389804175592,0.11175467645341712,0.15158690065862226,-0.23768679192662223,0.5870594799031456,0.8247462718297678,baseline-official-v3,v1.0.1-official-4c,3
official_4c_tierB_mc_baseline_official_v3,CHL,GMI:GMI_ideal_aggregate,mid,r0,E_prod,CHL,,,,0.3929554653822186,0.3929554653822186,0.09472784279378008,0.1247286547279487,-0.174055852196082,0.5675897358293431,0.7416455880254251,baseline-official-v3,v1.0.1-official-4c,4
official_4c_tierB_mc_baseline_official_v3,CHL,GMI:GMI_ideal_aggregate,mid,r0,chi_Kbase,CHL,,,,0.07967098321883932,0.07967098321883932,0.6248705357753754,0.7757486717199323,0.129093381876173,0.25274250931626724,0.12364912744009424,baseline-official-v3,v1.0.1-official-4c,5
official_4c_tierB_mc_baseline_official_v3,CHL,GMI:GMI_ideal_aggregate,mid,r0,psi_shift,CHL,,,,-0.07945234090609363,0.07945234090609363,0.07482357226028323,0.22551273350112164,0.3989220028998276,0.2205038646276389,0.1784181382721887,baseline-official-v3,v1.0.1-official-4c,6
official_4c_tierB_mc_baseline_official_v3,CHL,GMI:GMI_ideal_aggregate,mid,r0,mpc_W,CHL,,,,0.0466798327151933,0.0466798327151933,0.6607689795727487,0.7856919346470476,0.13981914824131986,0.25811287559384577,0.11829372735252591,baseline-official-v3,v1.0.1-official-4c,7
official_4c_tierB_mc_baseline_official_v3,CHL,GMI:GMI_ideal_aggregate,mid,r0,chi_dom,CHL,,,,0.04166470131458805,0.04166470131458805,0.9038425817452265,0.9772879082728718,0.1352538000059762,0.19872409764959711,0.06347029764362092,baseline-official-v3,v1.0.1-official-4c,8
official_4c_tierB_mc_baseline_official_v3,CHL,GMI:GMI_ideal_aggregate,mid,r0,mpc_Pi,CHL,,,,0.04086353059454122,0.04086353059454122,0.2909386195146852,0.44178047016003535,0.14206353222310195,0.22194657100052553,0.07988303877742359,baseline-official-v3,v1.0.1-official-4c,9
official_4c_tierB_mc_baseline_official_v3,CHL,GMI:GMI_ideal_aggregate,mid,r0,E_aug,CHL,,,,-0.027095011419800454,0.027095011419800454,0.09467287528848896,0.1248197592308635,0.24995393692302537,0.26249806185055535,0.012544124927529987,baseline-official-v3,v1.0.1-official-4c,10
official_4c_tierB_mc_baseline_official_v3,CHL,GMI:GMI_ideal_aggregate,stress,r0,phi_raw_stress,,stress,,,0.5433955802318231,0.5433955802318231,0.012476334098722085,0.0176006250274764,4.6736257306647255,7.839426328218405,3.1658005975536794,baseline-official-v3,v1.0.1-official-4c,1
official_4c_tierB_mc_baseline_official_v3,CHL,GMI:GMI_ideal_aggregate,stress,r0,q_use_target,CHL,,,,0.47623814212152565,0.47623814212152565,0.11175467645341712,0.15158690065862226,4.935405121558402,7.797058447082407,2.8616533255240055,baseline-official-v3,v1.0.1-official-4c,2
official_4c_tierB_mc_baseline_official_v3,CHL,GMI:GMI_ideal_aggregate,stress,r0,E_prod_frontier,,,,,-0.4439091581723663,0.4439091581723663,0.12069628939452977,0.163585990418665,5.861159703427075,3.5725157983848486,2.288643905042226,baseline-official-v3,v1.0.1-official-4c,3
official_4c_tierB_mc_baseline_official_v3,CHL,GMI:GMI_ideal_aggregate,stress,r0,E_prod,CHL,,,,0.4419253111810124,0.4419253111810124,0.09472784279378008,0.1247286547279487,5.164976646395895,7.772672076782707,2.607695430386812,baseline-official-v3,v1.0.1-official-4c,4
official_4c_tierB_mc_baseline_official_v3,CHL,GMI:GMI_ideal_aggregate,stress,r0,chi_Kbase,CHL,,,,0.11286877229075087,0.11286877229075087,0.6248705357753754,0.7757486717199323,6.197416152449428,6.65150688991609,0.45409073746666184,baseline-official-v3,v1.0.1-official-4c,5
official_4c_tierB_mc_baseline_official_v3,CHL,GMI:GMI_ideal_aggregate,stress,r0,psi_shift,CHL,,,,-0.10034659639786385,0.10034659639786385,0.07482357226028323,0.22551273350112164,7.184999037232339,6.5291257501936295,0.6558732870387098,baseline-official-v3,v1.0.1-official-4c,6
official_4c_tierB_mc_baseline_official_v3,CHL,GMI:GMI_ideal_aggregate,stress,r0,mpc_W,CHL,,,,0.057703146436125854,0.057703146436125854,0.6607689795727487,0.7856919346470476,6.235423026370529,6.647220962779768,0.411797936409239,baseline-official-v3,v1.0.1-official-4c,7
official_4c_tierB_mc_baseline_official_v3,CHL,GMI:GMI_ideal_aggregate,stress,r0,chi_dom,CHL,,,,0.04732427200497087,0.04732427200497087,0.9038425817452265,0.9772879082728718,6.22003975578234,6.453128940161612,0.2330891843792724,baseline-official-v3,v1.0.1-official-4c,8
official_4c_tierB_mc_baseline_official_v3,CHL,GMI:GMI_ideal_aggregate,stress,r0,mpc_Pi,CHL,,,,0.03474193828567753,0.03474193828567753,0.2909386195146852,0.44178047016003535,6.244608964816304,6.537972522978833,0.2933635581625289,baseline-official-v3,v1.0.1-official-4c,9
official_4c_tierB_mc_baseline_official_v3,CHL,GMI:GMI_ideal_aggregate,stress,r0,omega_G,CHL,,,,-0.02836691700667668,0.02836691700667668,0.36994477029217154,0.6259135586848656,5.062356604941471,5.062356604941471,0.0,baseline-official-v3,v1.0.1-official-4c,10
official_4c_tierB_mc_baseline_official_v3,CHL,GMI:GMI_ideal_aggregate,stress,r4,phi_raw_stress,,stress,,,0.5393284014451359,0.5393284014451359,0.012476334098722085,0.0176006250274764,7.525629912439752,11.9192065244352,4.3935766119954485,baseline-official-v3,v1.0.1-official-4c,1
official_4c_tierB_mc_baseline_official_v3,CHL,GMI:GMI_ideal_aggregate,stress,r4,q_use_target,CHL,,,,0.4743830211513208,0.4743830211513208,0.11175467645341712,0.15158690065862226,7.892271070654689,11.860797273616061,3.968526202961372,baseline-official-v3,v1.0.1-official-4c,2
official_4c_tierB_mc_baseline_official_v3,CHL,GMI:GMI_ideal_aggregate,stress,r4,E_prod,CHL,,,,0.44211254574850173,0.44211254574850173,0.09472784279378008,0.1247286547279487,8.207538903583162,11.826563318136689,3.619024414553527,baseline-official-v3,v1.0.1-official-4c,3
official_4c_tierB_mc_baseline_official_v3,CHL,GMI:GMI_ideal_aggregate,stress,r4,E_prod_frontier,,,,,-0.44165174381006966,0.44165174381006966,0.12069628939452977,0.163585990418665,9.176969798164615,6.000615202655937,3.176354595508678,baseline-official-v3,v1.0.1-official-4c,4
official_4c_tierB_mc_baseline_official_v3,CHL,GMI:GMI_ideal_aggregate,stress,r4,chi_Kbase,CHL,,,,0.11011649115665963,0.11011649115665963,0.6248705357753754,0.7757486717199323,9.743722129335923,10.463165070364736,0.719442941028813,baseline-official-v3,v1.0.1-official-4c,5
official_4c_tierB_mc_baseline_official_v3,CHL,GMI:GMI_ideal_aggregate,stress,r4,tau_AI_eff_r4,,,,r4,0.08724047427361896,0.08724047427361896,0.05828877175353316,0.11319218472569177,10.177721448484315,10.749036649697262,0.571315201212947,baseline-official-v3,v1.0.1-official-4c,6
official_4c_tierB_mc_baseline_official_v3,CHL,GMI:GMI_ideal_aggregate,stress,r4,lambda_AI_stress,,stress,,,0.07637210955088437,0.07637210955088437,0.07497019647801369,0.12541556544458626,10.185971027423555,10.8207245408837,0.6347535134601454,baseline-official-v3,v1.0.1-official-4c,7
official_4c_tierB_mc_baseline_official_v3,CHL,GMI:GMI_ideal_aggregate,stress,r4,psi_shift,CHL,,,,-0.07349847413993896,0.07349847413993896,0.07482357226028323,0.22551273350112164,10.27989679979318,9.64531345973486,0.6345833400583203,baseline-official-v3,v1.0.1-official-4c,8
official_4c_tierB_mc_baseline_official_v3,CHL,GMI:GMI_ideal_aggregate,stress,r4,tau_C_relative_delta_r4,,,,r4,0.05386262077850482,0.05386262077850482,0.1989266753320453,0.2997529275256556,10.439571697415095,10.74673039445196,0.30715869703686494,baseline-official-v3,v1.0.1-official-4c,9
official_4c_tierB_mc_baseline_official_v3,CHL,GMI:GMI_ideal_aggregate,stress,r4,mpc_W,CHL,,,,0.0504452275218091,0.0504452275218091,0.6607689795727487,0.7856919346470476,9.753660327906523,10.24958591907433,0.495925591167806,baseline-official-v3,v1.0.1-official-4c,10
official_4c_tierB_mc_baseline_official_v3,PER,PEN,stress,r2,phi_raw_stress,,stress,,,0.5230882728915309,0.5230882728915309,0.012476334098722085,0.0176006250274764,1.3871712312750322,2.1274696633730934,0.7402984320980612,baseline-official-v3,v1.0.1-official-4c,1
official_4c_tierB_mc_baseline_official_v3,PER,PEN,stress,r2,q_use_target,PER,,,,0.48073564150142556,0.48073564150142556,0.09376620202666944,0.12758020720387694,1.4501731011039343,2.1274043232867714,0.6772312221828372,baseline-official-v3,v1.0.1-official-4c,2
official_4c_tierB_mc_baseline_official_v3,PER,PEN,stress,r2,E_prod,PER,,,,0.4553146675885867,0.4553146675885867,0.09413486371927185,0.12529304132162275,1.490561803579347,2.1235614351199117,0.6329996315405646,baseline-official-v3,v1.0.1-official-4c,3
official_4c_tierB_mc_baseline_official_v3,PER,PEN,stress,r2,E_prod_frontier,,,,,-0.4479126451805058,0.4479126451805058,0.12069628939452977,0.163585990418665,1.6658133511034385,1.128734338169833,0.5370790129336056,baseline-official-v3,v1.0.1-official-4c,4
official_4c_tierB_mc_baseline_official_v3,PER,PEN,stress,r2,psi_shift,PER,,,,-0.08270735370829414,0.08270735370829414,0.07396944209176616,0.22619613541280964,1.979207785468829,1.861540411536674,0.11766737393215498,baseline-official-v3,v1.0.1-official-4c,5
official_4c_tierB_mc_baseline_official_v3,PER,PEN,stress,r2,chi_Kbase,PER,,,,0.07339161087166443,0.07339161087166443,0.6243797805187852,0.7750998826646497,1.9349791896851125,2.050587319349929,0.11560812966481637,baseline-official-v3,v1.0.1-official-4c,6
official_4c_tierB_mc_baseline_official_v3,PER,PEN,stress,r2,mpc_Pi,PER,,,,0.061342052021682074,0.061342052021682074,0.2955267214721878,0.4486299858202504,1.9637480658688535,2.0394648275329845,0.075716761664131,baseline-official-v3,v1.0.1-official-4c,7
official_4c_tierB_mc_baseline_official_v3,PER,PEN,stress,r2,mpc_W,PER,,,,0.04914172228566888,0.04914172228566888,0.6701079899128677,0.7963748978429358,1.9505656380533298,2.0369633552972832,0.0863977172439534,baseline-official-v3,v1.0.1-official-4c,8
official_4c_tierB_mc_baseline_official_v3,PER,PEN,stress,r2,chi_dom,PER,,,,0.04040857697634307,0.04040857697634307,0.9038195656304147,0.9757122405528698,1.958063203982853,2.0189506227712806,0.06088741878842763,baseline-official-v3,v1.0.1-official-4c,9
official_4c_tierB_mc_baseline_official_v3,PER,PEN,stress,r2,epsilon_ero_L_r2,,,,r2,-0.037887265707490625,0.037887265707490625,0.24920096378316953,0.7516917964222191,1.9448089958686015,1.8927168864279502,0.052092109440651235,baseline-official-v3,v1.0.1-official-4c,10
official_4c_tierB_mc_baseline_official_v3,PER,PEN,stress,r4,phi_raw_stress,,stress,,,0.521938677741547,0.521938677741547,0.012476334098722085,0.0176006250274764,1.7928722098567103,2.7081199228481845,0.9152477129914742,baseline-official-v3,v1.0.1-official-4c,1
official_4c_tierB_mc_baseline_official_v3,PER,PEN,stress,r4,q_use_target,PER,,,,0.4779283938371357,0.4779283938371357,0.09376620202666944,0.12758020720387694,1.8708678463981154,2.708049953759646,0.8371821073615304,baseline-official-v3,v1.0.1-official-4c,2
official_4c_tierB_mc_baseline_official_v3,PER,PEN,stress,r4,E_prod,PER,,,,0.45252474955698996,0.45252474955698996,0.09413486371927185,0.12529304132162275,1.9206963153032404,2.7032880917710367,0.7825917764677963,baseline-official-v3,v1.0.1-official-4c,3
official_4c_tierB_mc_baseline_official_v3,PER,PEN,stress,r4,E_prod_frontier,,,,,-0.44991193089247716,0.44991193089247716,0.12069628939452977,0.163585990418665,2.1374659738834825,1.4734599092817793,0.6640060646017032,baseline-official-v3,v1.0.1-official-4c,4
official_4c_tierB_mc_baseline_official_v3,PER,PEN,stress,r4,lambda_AI_stress,,stress,,,0.07488322552332902,0.07488322552332902,0.07497019647801369,0.12541556544458626,2.3439050774273738,2.482037554643233,0.13813247721585942,baseline-official-v3,v1.0.1-official-4c,5
official_4c_tierB_mc_baseline_official_v3,PER,PEN,stress,r4,chi_Kbase,PER,,,,0.06856586136663444,0.06856586136663444,0.6243797805187852,0.7750998826646497,2.246248941519469,2.3776796534746403,0.1314307119551712,baseline-official-v3,v1.0.1-official-4c,6
official_4c_tierB_mc_baseline_official_v3,PER,PEN,stress,r4,tau_AI_eff_r4,,,,r4,0.06588618695544747,0.06588618695544747,0.05828877175353316,0.11319218472569177,2.3434909542531153,2.4678182440453864,0.12432728979227115,baseline-official-v3,v1.0.1-official-4c,7
official_4c_tierB_mc_baseline_official_v3,PER,PEN,stress,r4,psi_shift,PER,,,,-0.06550133119605324,0.06550133119605324,0.07396944209176616,0.22619613541280964,2.348007786860834,2.224386924212984,0.12362086264784988,baseline-official-v3,v1.0.1-official-4c,8
official_4c_tierB_mc_baseline_official_v3,PER,PEN,stress,r4,mpc_Pi,PER,,,,0.05712179134087164,0.05712179134087164,0.2955267214721878,0.4486299858202504,2.258526714639021,2.3411825133573543,0.08265579871833317,baseline-official-v3,v1.0.1-official-4c,9
official_4c_tierB_mc_baseline_official_v3,PER,PEN,stress,r4,tau_K_relative_delta_r4,,,,r4,0.050310168668406735,0.050310168668406735,0.198068948601719,0.3011331798178291,2.4070022395666895,2.4432183818744084,0.03621614230771897,baseline-official-v3,v1.0.1-official-4c,10
